工程	分类	绝对路径	行数	SHA256	审查层级
内江	文档	/Users/chendong/Documents/内江麻将工程_20260502_103823_v2/AGENTS.md	40	4c04c506987b01388b8776abe313c6e476426f4255bca4ba9e740dd1e84ed6d5	静态索引；重点精读范围见主报告
内江	文档	/Users/chendong/Documents/内江麻将工程_20260502_103823_v2/麻将游戏开发规格书_v1.md	1012	403393d96038d535351e2f8e865640ea5456723c7f5230168a5be0d9909fb5e5	静态索引；重点精读范围见主报告
内江	源码/场景/工具	/Users/chendong/Documents/内江麻将工程_20260502_103823_v2/autoload/GameState.gd	7003	4ea9c94aa5df99eaf931ced05e1ca100cf6d9532217e2c4693247f77e9460036	静态索引；重点精读范围见主报告
内江	文档	/Users/chendong/Documents/内江麻将工程_20260502_103823_v2/骨灰级AI升级设计方案_v1.md	452	0c52e9baaceefdc46c4e5485c86b868ac4b77a47ae1e2607fff6dd6d25b60387	静态索引；重点精读范围见主报告
内江	源码/场景/工具	/Users/chendong/Documents/内江麻将工程_20260502_103823_v2/scripts/ai/neijiang_belief_engine.gd	76	b046cc32bdceb12ee5cecea23d36229ed055e77ccc60084dfde9ed317a8854a0	静态索引；重点精读范围见主报告
内江	源码/场景/工具	/Users/chendong/Documents/内江麻将工程_20260502_103823_v2/scripts/ai/neijiang_call_quality_engine.gd	79	9426bfa4d63301c8734fda6bcc508394b04d6774949b42464cfa03fefa69b107	静态索引；重点精读范围见主报告
内江	源码/场景/工具	/Users/chendong/Documents/内江麻将工程_20260502_103823_v2/scripts/ai/neijiang_shanten_engine.gd	102	d957b494578cdc6aaff59446d311b7448ff8b7ae2955294de8b841f827435be9	静态索引；重点精读范围见主报告
内江	源码/场景/工具	/Users/chendong/Documents/内江麻将工程_20260502_103823_v2/scripts/ai/neijiang_decision_engine.gd	710	ad558db6e3fb208036b4eee7588a8da38822c98fa8dd36f10ab53c0a77b4b5ef	静态索引；重点精读范围见主报告
内江	源码/场景/工具	/Users/chendong/Documents/内江麻将工程_20260502_103823_v2/scripts/ai/neijiang_tile_codec.gd	97	4ce04878e3d19be7457669f8d33f158596cfca536af9cd6d9d45a8b91b1197a6	静态索引；重点精读范围见主报告
内江	源码/场景/工具	/Users/chendong/Documents/内江麻将工程_20260502_103823_v2/scripts/ai/neijiang_danger_engine.gd	71	7e59ec4f9de69d8aa8a367a9042f4395f81b2838a7ab62026dd0bfb8a84a20fe	静态索引；重点精读范围见主报告
内江	源码/场景/工具	/Users/chendong/Documents/内江麻将工程_20260502_103823_v2/scripts/ai/csharp_ai_bridge.gd	650	f48628c3336329e5ff15af8cb0aa731ba3f2e3a09288f0f741e7e4f47a994881	静态索引；重点精读范围见主报告
内江	源码/场景/工具	/Users/chendong/Documents/内江麻将工程_20260502_103823_v2/scripts/ai/AICoreBridge.gd	65	53a702c9eeea4c6f5383ab140ad9a18dec9efbe126dbdaa92bdddee187281c01	静态索引；重点精读范围见主报告
内江	源码/场景/工具	/Users/chendong/Documents/内江麻将工程_20260502_103823_v2/scripts/ai/NeijiangCSharpRuntime.cs	2101	ee8425e9b0738388d1c77b30f0a61d922de2cfb5cf0217e6987e836b3c572a01	静态索引；重点精读范围见主报告
内江	源码/场景/工具	/Users/chendong/Documents/内江麻将工程_20260502_103823_v2/scripts/ai/AIDebugPanel.gd	68	4102c75288e6695b7bcea5fcd99c8573982af6d56d17e10c85a72bd1a9c91b25	静态索引；重点精读范围见主报告
内江	源码/场景/工具	/Users/chendong/Documents/内江麻将工程_20260502_103823_v2/scripts/ai/AIManager.gd	1730	3755f6296fd325486420b2243c6d553942a304e96c3655cc57336f8bb8556263	静态索引；重点精读范围见主报告
内江	源码/场景/工具	/Users/chendong/Documents/内江麻将工程_20260502_103823_v2/scripts/game/GameManager.gd	193	a23ed2a295f616ffc85ceabff6ec6b0528dfc956bb03b068feee70493f605952	静态索引；重点精读范围见主报告
内江	源码/场景/工具	/Users/chendong/Documents/内江麻将工程_20260502_103823_v2/scripts/game/MainSceneV2.gd	9300	00aa0af70e58b53ab2c2c2c9f4888423ba122a9c83f8302de4d6deba38565df3	静态索引；重点精读范围见主报告
内江	源码/场景/工具	/Users/chendong/Documents/内江麻将工程_20260502_103823_v2/scripts/boot/SplashScreen.gd	75	35c62ace5ee3837de3ac21ece761396b2904f0ccd91610830b8ef85d696f1cb6	静态索引；重点精读范围见主报告
内江	源码/场景/工具	/Users/chendong/Documents/内江麻将工程_20260502_103823_v2/scripts/core/mahjong_judge.gd	91	4b3caa76ca79c59fd03ea1bd0a2ebb432ec415ea725705b9071984b9c3f12f64	静态索引；重点精读范围见主报告
内江	源码/场景/工具	/Users/chendong/Documents/内江麻将工程_20260502_103823_v2/scripts/core/opponent_model.gd	179	2b81750a4dce3ee32e701d0046850a095e011202aab2c4dd3e6d3dc15257e07e	静态索引；重点精读范围见主报告
内江	源码/场景/工具	/Users/chendong/Documents/内江麻将工程_20260502_103823_v2/scripts/core/reaction_advisor.gd	374	b304564ba678cb9bb03b493196e58822033e173303b2d77b829b4dfd311506a8	静态索引；重点精读范围见主报告
内江	源码/场景/工具	/Users/chendong/Documents/内江麻将工程_20260502_103823_v2/scripts/core/shanten_analyzer.gd	128	f1efe65198519850d65b2ff66ca60d3d8e42bd78d1f025bb8c22e4400ee092d5	静态索引；重点精读范围见主报告
内江	源码/场景/工具	/Users/chendong/Documents/内江麻将工程_20260502_103823_v2/scripts/core/discard_advisor.gd	1606	cca0c80eb917e0be60eb2364ae11b71a0e269ebb732ec1ac63f1182c524d8056	静态索引；重点精读范围见主报告
内江	源码/场景/工具	/Users/chendong/Documents/内江麻将工程_20260502_103823_v2/scripts/core/mahjong_state.gd	49	ad7ae89e4b397be3d23d90b2ffc44d6f75fabe9255084a17eb50706c93543393	静态索引；重点精读范围见主报告
内江	源码/场景/工具	/Users/chendong/Documents/内江麻将工程_20260502_103823_v2/scripts/core/ding_que_resolver.gd	50	2059f36ce64ccfca29246c245ced29e203188dca4fc25af45a4573e13f4c6f56	静态索引；重点精读范围见主报告
内江	源码/场景/工具	/Users/chendong/Documents/内江麻将工程_20260502_103823_v2/scripts/core/fan_resolver.gd	407	08539d17e800cbd76dd324fd06311eb4c0529498bfa40579f1807297b3d92a39	静态索引；重点精读范围见主报告
内江	源码/场景/工具	/Users/chendong/Documents/内江麻将工程_20260502_103823_v2/scripts/core/opening_roll_resolver.gd	61	71e2d3811b11921eb4a04ddf15f9842a129df234f909902b0d5f684ff07e23d9	静态索引；重点精读范围见主报告
内江	源码/场景/工具	/Users/chendong/Documents/内江麻将工程_20260502_103823_v2/scripts/core/lookahead_evaluator.gd	259	34094daf14b86e652a49677d2663bbf6d68d12569b9cd30c810967ee74fa2e81	静态索引；重点精读范围见主报告
内江	源码/场景/工具	/Users/chendong/Documents/内江麻将工程_20260502_103823_v2/scripts/core/score_resolver.gd	197	1819584d59f11cf9e322431ce9d67c1a0290df4475c8e82c1edcfc2003796a8a	静态索引；重点精读范围见主报告
内江	源码/场景/工具	/Users/chendong/Documents/内江麻将工程_20260502_103823_v2/scripts/core/rule_config.gd	130	c29b8489ede2915b09e93ebc4652576e0b13dbd552005b578bad5cc83f4db269	静态索引；重点精读范围见主报告
内江	源码/场景/工具	/Users/chendong/Documents/内江麻将工程_20260502_103823_v2/scripts/core/reaction_resolver.gd	124	05c3a2012bc2e5e4b7309b51999423588cb5b92b80fda34b2eff2d216e57bf8f	静态索引；重点精读范围见主报告
内江	源码/场景/工具	/Users/chendong/Documents/内江麻将工程_20260502_103823_v2/scripts/core/ai_tuning_config.gd	177	3e6b86739eb2a2b0dd41db2269223b183df24c2fc32d520d584110906a5c69e5	静态索引；重点精读范围见主报告
内江	源码/场景/工具	/Users/chendong/Documents/内江麻将工程_20260502_103823_v2/scripts/core/risk_analyzer.gd	183	e076181a708eb620acbb0f448707d75b8d66603ab6ee3addf8e8c324dcfc9101	静态索引；重点精读范围见主报告
内江	源码/场景/工具	/Users/chendong/Documents/内江麻将工程_20260502_103823_v2/scripts/core/ai_learning_engine.gd	569	c9542b2af711e651541fdd5b64b5fb1a3a04e84e83405d9046a3068f3d19f370	静态索引；重点精读范围见主报告
内江	源码/场景/工具	/Users/chendong/Documents/内江麻将工程_20260502_103823_v2/scripts/core/strategy_engine.gd	435	f3b280b8bfa9b94f48149454a0c76e41efb8a5ddab694704a096da5cc527d79d	静态索引；重点精读范围见主报告
内江	源码/场景/工具	/Users/chendong/Documents/内江麻将工程_20260502_103823_v2/scripts/core/neijiang_rule_notes.gd	19	f865c3646618e8133ba5b128968fbfb4f9e29fd7c67363e21a4c254681cb67fc	静态索引；重点精读范围见主报告
内江	源码/场景/工具	/Users/chendong/Documents/内江麻将工程_20260502_103823_v2/scripts/core/gang_advisor.gd	242	b627f14684c220d6edd8ac2a79682852ec4b2d841172697646971dc27d53de94	静态索引；重点精读范围见主报告
内江	源码/场景/工具	/Users/chendong/Documents/内江麻将工程_20260502_103823_v2/scripts/core/hu_checker.gd	214	b68fbf05fa4103767e2355fcf07770d751634e0687fb528e4f36327313c23fa4	静态索引；重点精读范围见主报告
内江	源码/场景/工具	/Users/chendong/Documents/内江麻将工程_20260502_103823_v2/scripts/ui/TileButton.gd	388	3a37f6e226dd5d49d6369c5877be95e3b17b81b97ac617c4a6cb395e6992a0cc	静态索引；重点精读范围见主报告
内江	源码/场景/工具	/Users/chendong/Documents/内江麻将工程_20260502_103823_v2/scripts/ui/MahjongTile.gd	15	2e9f415e387b2da238583bc0ce368b1c487583b29b2bd9578c94258034b30009	静态索引；重点精读范围见主报告
内江	源码/场景/工具	/Users/chendong/Documents/内江麻将工程_20260502_103823_v2/scripts/ui/MahjongTile3D.gd	198	ca41bfe617a02e62620cb78222413815ba04d2c86e45a3bc84a5a39ce9015e77	静态索引；重点精读范围见主报告
内江	源码/场景/工具	/Users/chendong/Documents/内江麻将工程_20260502_103823_v2/scripts/ui/TileVisual2D.gd	307	39162ef24840a04368b1336a943d49046c1c350987df158e5648bc1268748e7d	静态索引；重点精读范围见主报告
内江	文档	/Users/chendong/Documents/内江麻将工程_20260502_103823_v2/规则层重构计划_v1.md	380	60a0f854494f2e7560ebcab13fa8d24fd6fb5436548564a2bf80edc071e77526	静态索引；重点精读范围见主报告
内江	源码/场景/工具	/Users/chendong/Documents/内江麻将工程_20260502_103823_v2/scripts/ui/table/NeijiangTableSkinPanel.gd	251	ceb8f41df97e8400506212f3433f8dd7fd1e16f1ca5ae405f2957e3e0909ed7e	静态索引；重点精读范围见主报告
内江	源码/场景/工具	/Users/chendong/Documents/内江麻将工程_20260502_103823_v2/scripts/ui/table/NeijiangActionBar.gd	300	5acb5bc88f28c9273791d5e1706db0ada50df171b3f53e4737bd5d058e1be638	静态索引；重点精读范围见主报告
内江	源码/场景/工具	/Users/chendong/Documents/内江麻将工程_20260502_103823_v2/scripts/ui/table/NeijiangTableSkinCatalog.gd	128	a264f3034b0a4099f778a7825c8fbefa8882f649fafca070aeb83f8143602d4a	静态索引；重点精读范围见主报告
内江	源码/场景/工具	/Users/chendong/Documents/内江麻将工程_20260502_103823_v2/scripts/ui/table/SettlementCloudFrame.gd	57	e2da35cca0545b12aa4cfe65512b9f77d007de165b3aac2d25806099ee876d24	静态索引；重点精读范围见主报告
内江	源码/场景/工具	/Users/chendong/Documents/内江麻将工程_20260502_103823_v2/scripts/ui/table/NeijiangSeatHUD.gd	290	5cf7d21a31918c9e2073810f74ef1313b06041b3a3358cf0f4a124a6e2de8d9a	静态索引；重点精读范围见主报告
内江	源码/场景/工具	/Users/chendong/Documents/内江麻将工程_20260502_103823_v2/scripts/ui/table/NeijiangSeatAvatarMedallion.gd	94	218554e970443579c841cef6d1572af00ad089cffe6112ee6040d273ed41ac15	静态索引；重点精读范围见主报告
内江	源码/场景/工具	/Users/chendong/Documents/内江麻将工程_20260502_103823_v2/scripts/ui/table/NeijiangUtilityBar.gd	264	662c1eb1126cd7cc5bfe97f7c757fdb1b2bdba0a96b0e05beb49fd70da6db826	静态索引；重点精读范围见主报告
内江	源码/场景/工具	/Users/chendong/Documents/内江麻将工程_20260502_103823_v2/scripts/ui/PlayerHandViewport.gd	245	9bae30be1b6bb2d1fc5b799c76313bc6effe16880291a4ac9c2223bea2645a01	静态索引；重点精读范围见主报告
内江	源码/场景/工具	/Users/chendong/Documents/内江麻将工程_20260502_103823_v2/scripts/ui/UIStyleConfig.gd	201	4a0e049d6173bf24e10155150f51126ecb28ed41e132e44358160086e6ef8eda	静态索引；重点精读范围见主报告
内江	源码/场景/工具	/Users/chendong/Documents/内江麻将工程_20260502_103823_v2/scripts/ui/WallCountDisc.gd	97	1a046f039436da97117210ad08f0751aee3dc7643973beadf0e06377d13f2643	静态索引；重点精读范围见主报告
内江	源码/场景/工具	/Users/chendong/Documents/内江麻将工程_20260502_103823_v2/scripts/ui/DiceFace.gd	91	48baf211c825de3c0f092cbf9b95074942c035a3b9dfa2ee10278d89d946dfde	静态索引；重点精读范围见主报告
内江	源码/场景/工具	/Users/chendong/Documents/内江麻将工程_20260502_103823_v2/scripts/ui/PlayerUI.gd	1944	53c26d894936ed6319e986fefb0dd3b0b76dcdc5c67bf4b423deb43948cba303	静态索引；重点精读范围见主报告
内江	源码/场景/工具	/Users/chendong/Documents/内江麻将工程_20260502_103823_v2/scripts/ui/HandStage3D.gd	170	32e808e93032794a6cb22c97b10336ec269e7e829dc3a0fc291353ab61a7f44f	静态索引；重点精读范围见主报告
内江	源码/场景/工具	/Users/chendong/Documents/内江麻将工程_20260502_103823_v2/scripts/ui/CircularActionButtonOverlay.gd	166	f59b39c17333139247f03ca8695c0beec0d4b3254199e77a33baddc59eaf9c90	静态索引；重点精读范围见主报告
内江	源码/场景/工具	/Users/chendong/Documents/内江麻将工程_20260502_103823_v2/scripts/ui/TableMaterialOverlay.gd	188	b7693454cdb8d5b98bb9645698dc37855a7ace02ef5aae5db12f7f7c64bc2f2e	静态索引；重点精读范围见主报告
内江	源码/场景/工具	/Users/chendong/Documents/内江麻将工程_20260502_103823_v2/tools/__init__.py	2	758686d3ac9d32a81994a80de77658437eda67bcd3103f87e1cad7adc368f177	静态索引；重点精读范围见主报告
内江	源码/场景/工具	/Users/chendong/Documents/内江麻将工程_20260502_103823_v2/tools/generate_cartoon_tile_symbols.py	206	b8e752837a33dd0808d066d7ba614d8b09d665fbb024f94852f7a999407d7068	静态索引；重点精读范围见主报告
内江	源码/场景/工具	/Users/chendong/Documents/内江麻将工程_20260502_103823_v2/tools/create_regression_evidence_package.py	136	246d9c815f24923c14936b690e9ecd2b2327a10d9c7424c136b9ff2c43af4d87	静态索引；重点精读范围见主报告
内江	文档	/Users/chendong/Documents/内江麻将工程_20260502_103823_v2/README.md	82	0e9364d25beebfbd3d2be6d77882aa25783eef6e1a25ddf8d07714d0bbde8c3f	静态索引；重点精读范围见主报告
内江	文档	/Users/chendong/Documents/内江麻将工程_20260502_103823_v2/文档导航.md	118	eade51091a347fb4ed573f729d98e1c7cfbaf65e1f691b39bf1566685baef51c	静态索引；重点精读范围见主报告
内江	源码/场景/工具	/Users/chendong/Documents/内江麻将工程_20260502_103823_v2/tools/capture_tile_redesign_scene.gd	74	23ebbf732200c7872aa62efc671deba55a21f6fd1cffa4b1453c6b5df425dbde	静态索引；重点精读范围见主报告
内江	源码/场景/工具	/Users/chendong/Documents/内江麻将工程_20260502_103823_v2/tools/hell_replay_compare.py	138	463986cc9c028f9bb8037dac9b119f4e3f3922abe6d32fee7e2c826e2a8c7d09	静态索引；重点精读范围见主报告
内江	源码/场景/工具	/Users/chendong/Documents/内江麻将工程_20260502_103823_v2/tools/export_android_debug.sh	49	9a8b96ce9ad67680cff16f3c431fec98bcc778f0ea9dffd2103a02f00fdd4236	静态索引；重点精读范围见主报告
内江	源码/场景/工具	/Users/chendong/Documents/内江麻将工程_20260502_103823_v2/scripts/ui/HandCanvas2D.gd	709	2eb2970c95cc1f14d2bec710780c650bd8939098dc15cc62da20fd8d35422abd	静态索引；重点精读范围见主报告
内江	源码/场景/工具	/Users/chendong/Documents/内江麻将工程_20260502_103823_v2/tools/capture_ding_que_overlay.gd	57	57db34cd292199e5d6431a953d84144c7328412d7032035604664d2aba0409d9	静态索引；重点精读范围见主报告
内江	源码/场景/工具	/Users/chendong/Documents/内江麻将工程_20260502_103823_v2/scripts/ui/3d/NeijiangTableStage3D.gd	1902	d6981c20404d4aea0d1431810395ce4b250b20d8d5ade2f256eff516dae098a8	静态索引；重点精读范围见主报告
内江	源码/场景/工具	/Users/chendong/Documents/内江麻将工程_20260502_103823_v2/tools/generate_tts_assets.py	126	9d063e16ed78788dad9274ac21eb836f21e44089a9afc571434869ee28925fca	静态索引；重点精读范围见主报告
内江	源码/场景/工具	/Users/chendong/Documents/内江麻将工程_20260502_103823_v2/tools/run_neijiang_ai_evaluation.sh	87	6f4d2dcb0f1de09ae0e21b10f346f52f3cfffff3b993ed17f5a982fa30c0071f	静态索引；重点精读范围见主报告
内江	源码/场景/工具	/Users/chendong/Documents/内江麻将工程_20260502_103823_v2/tools/generate_cartoon_tile_bodies.py	181	3f915daa2bd10bb96e51f8446215055d788e8dbeb14fe0077bc04a1051120d5e	静态索引；重点精读范围见主报告
内江	源码/场景/工具	/Users/chendong/Documents/内江麻将工程_20260502_103823_v2/scripts/ui/3d/NeijiangTile3D.gd	807	97ea4c06bcd076832c557419be1e2831de8a4a6aa4378ab7621796ae92a674e3	静态索引；重点精读范围见主报告
内江	源码/场景/工具	/Users/chendong/Documents/内江麻将工程_20260502_103823_v2/tools/capture_table_design_candidate.gd	92	1d4e965b64342303eeefea5c133bdf1ec779d5ffa300b963877fdbc5e0f23dbf	静态索引；重点精读范围见主报告
内江	源码/场景/工具	/Users/chendong/Documents/内江麻将工程_20260502_103823_v2/tools/debug_ding_que_button_style.gd	59	f644715045cb9e1884d5a9d31195c1e0e74650307644fcf4549877377c213e21	静态索引；重点精读范围见主报告
内江	源码/场景/工具	/Users/chendong/Documents/内江麻将工程_20260502_103823_v2/tools/capture_bao_gang_dialog.gd	64	abf1fc6d64d13a8bf2f406811003d4d4600b84bad4e683efb5a534be6f37d0b4	静态索引；重点精读范围见主报告
内江	源码/场景/工具	/Users/chendong/Documents/内江麻将工程_20260502_103823_v2/tools/generate_tile_overlays.gd	212	a2870028c98516f369edf3daeec6b5c3bad0e4bf827b391dc889d29c3e94558f	静态索引；重点精读范围见主报告
内江	源码/场景/工具	/Users/chendong/Documents/内江麻将工程_20260502_103823_v2/tools/export_ios_xcode_direct.gd	120	308f1c721f0b3cc43d88786f78f9fb02c2c3b66fb4c5ba4f6db0eb8a9c9865de	静态索引；重点精读范围见主报告
内江	源码/场景/工具	/Users/chendong/Documents/内江麻将工程_20260502_103823_v2/tools/preview_tile_redesign.py	214	ba560ea96a2c671a25544cfa21b209cb5bf37f53ef3b40fd685143664cb9aaf6	静态索引；重点精读范围见主报告
内江	源码/场景/工具	/Users/chendong/Documents/内江麻将工程_20260502_103823_v2/tools/export_android_release.sh	236	5e1a1b8bd3f26e6b879364fc4e690a7d6ec88f648c0cbfb743d187c277298acc	静态索引；重点精读范围见主报告
内江	源码/场景/工具	/Users/chendong/Documents/内江麻将工程_20260502_103823_v2/tools/capture_player_ui_claims.gd	165	0d96318d01f9a96502e8afd758886c27eb8c0e56c290fe3cf9755f76f21eeb0b	静态索引；重点精读范围见主报告
内江	源码/场景/工具	/Users/chendong/Documents/内江麻将工程_20260502_103823_v2/tools/capture_neijiang_3d_ui.gd	249	3dccecb7ac946e6bfb9898bf21661306d79c0adde47a7594e73840e439b0ec62	静态索引；重点精读范围见主报告
内江	源码/场景/工具	/Users/chendong/Documents/内江麻将工程_20260502_103823_v2/tools/capture_reaction_scene.gd	147	ef2a73e4d051945923aad0e300c5856f18163c5019b9bfbe160af5689b4db534	静态索引；重点精读范围见主报告
内江	源码/场景/工具	/Users/chendong/Documents/内江麻将工程_20260502_103823_v2/tools/hell_training_index.py	388	53537ed1585ded3a0a002ed26fb832cdccd9fb9979252a959573e8088e5c7530	静态索引；重点精读范围见主报告
内江	源码/场景/工具	/Users/chendong/Documents/内江麻将工程_20260502_103823_v2/tools/discard_audit.py	633	1fd88915ce7b503f34a56aff6175f52a8ceaaa656663ef4f25490e8cd3292a47	静态索引；重点精读范围见主报告
内江	源码/场景/工具	/Users/chendong/Documents/内江麻将工程_20260502_103823_v2/tools/neijiang_independent_discard_judge.py	442	9d7fba0b9e9ee6e95d60f729a03ef0ab6d85aa17a3cffb983eb3b07178f6e799	静态索引；重点精读范围见主报告
内江	源码/场景/工具	/Users/chendong/Documents/内江麻将工程_20260502_103823_v2/tools/release_mobile_desktop_runner.py	388	01a014b235ef93c87255cc4ab008fb43aba3e64af55eaae0c53fb3a342f2b8fd	静态索引；重点精读范围见主报告
内江	源码/场景/工具	/Users/chendong/Documents/内江麻将工程_20260502_103823_v2/tools/generate_tile_assets.py	72	c94623dd356760332199d3e6a8da42cab65e26d61b376f5c581dae5e3875d293	静态索引；重点精读范围见主报告
内江	源码/场景/工具	/Users/chendong/Documents/内江麻将工程_20260502_103823_v2/tools/capture_self_embedded_meld_preview.gd	137	1696459e35fb4a004a5df1ecd5da0a31759129317dbc07c6a3018c72f6338c28	静态索引；重点精读范围见主报告
内江	文档	/Users/chendong/Documents/内江麻将工程_20260502_103823_v2/CHANGELOG.md	191	bd016a5d980163246bfbf4f5417ead1d557b01741f6a3d6894b189920be5fc51	静态索引；重点精读范围见主报告
内江	源码/场景/工具	/Users/chendong/Documents/内江麻将工程_20260502_103823_v2/tools/tests/test_neijiang_independent_discard_judge.py	161	ea626a80b1cd9cc713b269607cdf9f1410454bec7200618a975e4ed9737a3f75	静态索引；重点精读范围见主报告
内江	源码/场景/工具	/Users/chendong/Documents/内江麻将工程_20260502_103823_v2/tools/materials/build_polyhaven_table_skins.py	205	c6292563109f5f522621e30c0afce9ee1ee6d95ddc22a1fc5c3a872020a81fee	静态索引；重点精读范围见主报告
内江	源码/场景/工具	/Users/chendong/Documents/内江麻将工程_20260502_103823_v2/tools/build_ai_core.sh	8	9d8be3d4d89e9c7cd183cae0fc922932b9edf0a111384d8849b6c6317c0e12e0	静态索引；重点精读范围见主报告
内江	源码/场景/工具	/Users/chendong/Documents/内江麻将工程_20260502_103823_v2/tools/generate_luxury_felt_table.py	96	8238a205a0f7b796d9df4ded5cd00d9d4a698df670fd9fc63de8db3548cca46b	静态索引；重点精读范围见主报告
内江	源码/场景/工具	/Users/chendong/Documents/内江麻将工程_20260502_103823_v2/tools/export_ios_xcode_project.sh	190	89b6b65229be88f387c8c5d4e57d2754e992bdcb6a104b167b61720f0a6933b3	静态索引；重点精读范围见主报告
内江	文档	/Users/chendong/Documents/内江麻将工程_20260502_103823_v2/docs/handoff/current-handoff.md	309	d260c00a6701366871f5bea9b5f89f02df93ecd46809972efb57f09d70dee78a	静态索引；重点精读范围见主报告
内江	文档	/Users/chendong/Documents/内江麻将工程_20260502_103823_v2/docs/handoff/dirty-worktree-groups-20260522.md	136	d8b53307374f74aace8c6d85dd05d9b5f7066d875e4239828787b9551d006178	静态索引；重点精读范围见主报告
内江	源码/场景/工具	/Users/chendong/Documents/内江麻将工程_20260502_103823_v2/tools/3d/generate_neijiang_mahjong_assets.py	206	c48b53a793c67b5b5da61a6481c1b7a0c9d8336c1a8cfb283427490ce3629b9e	静态索引；重点精读范围见主报告
内江	源码/场景/工具	/Users/chendong/Documents/内江麻将工程_20260502_103823_v2/dotnet/AI.Core.Smoke/Program.cs	3271	c12799ed0b171c8fe0f087d48a27e65c6b64620d46e0f5817dbcb5d516e2b159	静态索引；重点精读范围见主报告
内江	源码/场景/工具	/Users/chendong/Documents/内江麻将工程_20260502_103823_v2/dotnet/AI.Core.Smoke/NeijiangContextRegressionCases.cs	332	f7d0f0ae0a6ecf43b099f8072a167b8def6f092f44c26e78d81a917442ea0dcd	静态索引；重点精读范围见主报告
内江	源码/场景/工具	/Users/chendong/Documents/内江麻将工程_20260502_103823_v2/dotnet/AI.Core.Smoke/AI.Core.Smoke.csproj	11	1ebc84759e1e47351206e187fc44294e5ceec73e4f20344bd2c2e9e6a3a8c673	静态索引；重点精读范围见主报告
内江	文档	/Users/chendong/Documents/内江麻将工程_20260502_103823_v2/docs/ui_rework/四川麻将牌体结构与内江迁移审计_20260813.md	63	266279f344c63aca478210a02b8694ff8e7f8f3cd6dbaafab5cd38b6c6c5148f	静态索引；重点精读范围见主报告
内江	文档	/Users/chendong/Documents/内江麻将工程_20260502_103823_v2/docs/ui_rework/内江麻将3DUI移植实现记录_20260813.md	137	ae4fe54c73ff6f8ff5d869bb7b495ae31f44ccf4baabd3439ef8bc3986c5ed94	静态索引；重点精读范围见主报告
内江	文档	/Users/chendong/Documents/内江麻将工程_20260502_103823_v2/docs/ui_rework/V17_CARTOON_3D_UI_SPEC.md	44	56a624d373b5f9013e255f6a3c3cba70a989cc4f5a358b0496321a9eb3b110c2	静态索引；重点精读范围见主报告
内江	文档	/Users/chendong/Documents/内江麻将工程_20260502_103823_v2/docs/superpowers/specs/2026-05-07-v17-green-soft-3d-implementation.md	34	c4ac65320e3cdc6386c683c860b77c4e102d712df4bfaea156bdd66f5d0b2be2	静态索引；重点精读范围见主报告
内江	文档	/Users/chendong/Documents/内江麻将工程_20260502_103823_v2/docs/superpowers/specs/2026-05-10-mahjong-table-3d-luxury-polish-design.md	217	3b4bfdd63d66519eace53a679207209b2442cdb8dcbbee2d68e87eb6944c9ff4	静态索引；重点精读范围见主报告
内江	文档	/Users/chendong/Documents/内江麻将工程_20260502_103823_v2/docs/superpowers/specs/2026-05-07-v17-table-ui-redesign-design.md	637	3d4bb1b86688b29b0911678fec74df3605dc8ba13e80886c609bf9dfb6cf2511	静态索引；重点精读范围见主报告
内江	文档	/Users/chendong/Documents/内江麻将工程_20260502_103823_v2/docs/superpowers/specs/2026-05-07-v17-final-template-visual-brief.md	217	7f95f009c9e3072b6527f9c6d4130012457d925892bd8c252a0dfb3144446bd4	静态索引；重点精读范围见主报告
内江	文档	/Users/chendong/Documents/内江麻将工程_20260502_103823_v2/docs/superpowers/specs/2026-05-12-jade-realistic-tile-redesign-design.md	268	b8a2dd2640c68a9a19403226f155812c7e7a6f27a8ceedab90032fdec0beae09	静态索引；重点精读范围见主报告
内江	源码/场景/工具	/Users/chendong/Documents/内江麻将工程_20260502_103823_v2/tools/3d/design_preview/capture_candidates_in_real_game.py	69	f77e961c431346a40cc55b008384b44e52fd0ba2fa336e329820712a0df192c7	静态索引；重点精读范围见主报告
内江	源码/场景/工具	/Users/chendong/Documents/内江麻将工程_20260502_103823_v2/tools/3d/design_preview/capture_production_table_in_real_game.py	84	973137a5ef6ecc75ba9d36855cd0fe702cb709ea45389d0e0379bdb17eb26808	静态索引；重点精读范围见主报告
内江	源码/场景/工具	/Users/chendong/Documents/内江麻将工程_20260502_103823_v2/tools/3d/design_preview/generate_production_table_candidates.py	256	467aee7596f0b38873a9b58eaabf2d4dea4ed7f7f804365ca7d180b8b72524f5	静态索引；重点精读范围见主报告
内江	源码/场景/工具	/Users/chendong/Documents/内江麻将工程_20260502_103823_v2/tools/3d/design_preview/render_premium_tabletop_options.py	664	7f8a72eaf1b48c06cdce1a07d65c35509ecb708f0b2329c7a451a75d54f4ab98	静态索引；重点精读范围见主报告
内江	文档	/Users/chendong/Documents/内江麻将工程_20260502_103823_v2/tools/3d/README_NEIJIANG_3D.md	21	c03701ab54ce3f9d759775a44a5900c2a9d83d9b7a26a8eeb02865034252c445	静态索引；重点精读范围见主报告
内江	源码/场景/工具	/Users/chendong/Documents/内江麻将工程_20260502_103823_v2/tools/3d/generate_neijiang_table_v2.py	763	fae2dd80b84894f68f8268d3f3f3ea52f95044f3f44695f86c4e72102b25dab9	静态索引；重点精读范围见主报告
内江	源码/场景/工具	/Users/chendong/Documents/内江麻将工程_20260502_103823_v2/tools/3d/canonicalize_glb_images.py	120	54c46d3a70ccd41c1e0b8cafd4131f21a97a0c7d5fb7565cceaec7cfd43315dd	静态索引；重点精读范围见主报告
内江	源码/场景/工具	/Users/chendong/Documents/内江麻将工程_20260502_103823_v2/tools/3d/generate_neijiang_center_compass_v2.py	753	47dc0b5997762808fe44dbac84493a96fc61ecb10903a6800a229963e241ac89	静态索引；重点精读范围见主报告
内江	源码/场景/工具	/Users/chendong/Documents/内江麻将工程_20260502_103823_v2/tools/3d/generate_neijiang_ui_shells_v2.py	265	a23784f20e48723cdae05a6f340f617fb6a7db48275bcd1cca6d78030cf93cca	静态索引；重点精读范围见主报告
内江	源码/场景/工具	/Users/chendong/Documents/内江麻将工程_20260502_103823_v2/tools/export_android_direct.gd	223	db1cee7be03fca57438f5cab0cbe4b0c2556957feb13ab59f0af33b94bd32cba	静态索引；重点精读范围见主报告
内江	源码/场景/工具	/Users/chendong/Documents/内江麻将工程_20260502_103823_v2/tools/capture_main_scene.gd	421	226dedcd2782606703e9c5cc85ad60a1f9bf4f10152d24d20763df287ab36cc7	静态索引；重点精读范围见主报告
内江	源码/场景/工具	/Users/chendong/Documents/内江麻将工程_20260502_103823_v2/dotnet/AI.Core.Cli/Program.cs	1152	2414953f52888e967247765e1fc609ba9f30f129bfbb0e7623192d0c509ff9d7	静态索引；重点精读范围见主报告
内江	源码/场景/工具	/Users/chendong/Documents/内江麻将工程_20260502_103823_v2/dotnet/AI.Core.Cli/AI.Core.Cli.csproj	11	1ebc84759e1e47351206e187fc44294e5ceec73e4f20344bd2c2e9e6a3a8c673	静态索引；重点精读范围见主报告
内江	文档	/Users/chendong/Documents/内江麻将工程_20260502_103823_v2/docs/superpowers/plans/2026-05-14-neijiang-ai-counting-model-roadmap.md	496	9f35c9ff4f7e5141625251e006ff97a21b5a00412fb07589528763ff50cf49b1	静态索引；重点精读范围见主报告
内江	文档	/Users/chendong/Documents/内江麻将工程_20260502_103823_v2/docs/superpowers/plans/2026-07-10-neijiang-ai-strength-code-ui-release.md	196	4160d78aac2932497f9d293ae4858d21aa50c0bc1dbf594262de694c6642f9ec	静态索引；重点精读范围见主报告
内江	文档	/Users/chendong/Documents/内江麻将工程_20260502_103823_v2/docs/superpowers/plans/2026-05-12-jade-realistic-tile-redesign.md	445	99d8e451404ed497fb9c2925dfd988faecbbff87fbb956235107409607e7369e	静态索引；重点精读范围见主报告
内江	文档	/Users/chendong/Documents/内江麻将工程_20260502_103823_v2/docs/superpowers/plans/2026-05-10-mahjong-table-3d-luxury-polish.md	449	65a1da1d5ce44d350e5d01ba1fe04325eadad22619753b811d48946a3af6eb5c	静态索引；重点精读范围见主报告
内江	文档	/Users/chendong/Documents/内江麻将工程_20260502_103823_v2/docs/research/neijiang_intelligent_mode_relearning_20260917.md	189	d7710b1a1c615b80f67bdd7f143f71d01fa0e160ba6b613a067b6b9473913697	静态索引；重点精读范围见主报告
内江	文档	/Users/chendong/Documents/内江麻将工程_20260502_103823_v2/docs/research/neijiang_intelligent_mode_source_ledger_20260917.md	64	3c891087cfc05c26cc75bdc3eeb35dc04634d1cfb859558676d7e16755255a64	静态索引；重点精读范围见主报告
内江	文档	/Users/chendong/Documents/内江麻将工程_20260502_103823_v2/docs/backlog/current-backlog.md	353	27b4d25a45528185bee5bf0a9a5c39ee64843e330f316daa85f5a93010cf1eca	静态索引；重点精读范围见主报告
内江	文档	/Users/chendong/Documents/内江麻将工程_20260502_103823_v2/docs/testing/neijiang-v1.0.60-release-report.md	44	6240725c5cbb2c6d9acad1d3125ff857b852cf21064e503352b37233e5f94014	静态索引；重点精读范围见主报告
内江	文档	/Users/chendong/Documents/内江麻将工程_20260502_103823_v2/docs/testing/neijiang-current-regression-map.md	133	5243feccdf501752de607f06fcd84bbc6571ba183fb442d7f4e0a2b91bcf8281	静态索引；重点精读范围见主报告
内江	文档	/Users/chendong/Documents/内江麻将工程_20260502_103823_v2/VERSION.md	14	2d451c507fb16b2cae18e41aadd48bc8bfc123c038bf8dadf0001bfee5c88492	静态索引；重点精读范围见主报告
内江	源码/场景/工具	/Users/chendong/Documents/内江麻将工程_20260502_103823_v2/scenes/table/MainSceneV2.tscn	1115	19351be13c21290c7a0e784fb144e15f07efae44ae9b8b9e7dc3229d5b5bff5e	静态索引；重点精读范围见主报告
内江	文档	/Users/chendong/Documents/内江麻将工程_20260502_103823_v2/planning/内江麻将规则调研_v1.md	251	137c70bfe15c2a65c18f18236501de134b4e655a43940b8d9bb8919ce415a0df	静态索引；重点精读范围见主报告
内江	文档	/Users/chendong/Documents/内江麻将工程_20260502_103823_v2/planning/sichuan-mahjong-miniapp-tech-spec.md	756	b81a50e372fa5e5e9350ec2babf92c9fc60b49a1ec5bb1967a9162967a18fbb2	静态索引；重点精读范围见主报告
内江	文档	/Users/chendong/Documents/内江麻将工程_20260502_103823_v2/planning/sichuan-mahjong-miniapp-prd.md	351	304f1d04d9184c66e87d46bfc9864e6753f1991d6f6fe8299d9a2b0209596ac7	静态索引；重点精读范围见主报告
内江	文档	/Users/chendong/Documents/内江麻将工程_20260502_103823_v2/planning/内江麻将规则调研_v2.md	226	7525414edc4ff85f978b6c44200e9cfd23661fcb6aae352676f31db73b4837b0	静态索引；重点精读范围见主报告
内江	文档	/Users/chendong/Documents/内江麻将工程_20260502_103823_v2/docs/ui_baseline/UI_BASELINE.md	160	5da7de2ef0c6b752cc796e7046bb33d76becb94134ee74b65cf83c5696a6d8ac	静态索引；重点精读范围见主报告
内江	源码/场景/工具	/Users/chendong/Documents/内江麻将工程_20260502_103823_v2/dotnet/AI.Core/AI.Core.csproj	12	0a70d0023eef1d7ed998b78153d40a2c9fc155cd8101a8235d283d3608ff3130	静态索引；重点精读范围见主报告
内江	文档	/Users/chendong/Documents/内江麻将工程_20260502_103823_v2/docs/testing/neijiang-ai-long-term-report-vnext.md	49	7d791f8fb2faf1d7859c9d34a63ea743655bd731473ca051bb4338c139a4a119	静态索引；重点精读范围见主报告
内江	文档	/Users/chendong/Documents/内江麻将工程_20260502_103823_v2/docs/testing/neijiang-v1.0.68-center-material-and-felt-report.md	110	d922ea2f4a3d776a52057d20a297f2e05eed80c16d6e17342286453f6897ab9c	静态索引；重点精读范围见主报告
内江	文档	/Users/chendong/Documents/内江麻将工程_20260502_103823_v2/docs/testing/neijiang-intelligent-mode-relearning-implementation-20260917.md	84	e658fa29acdb0157d28adc4d2a0a90c347c34aa1ff1e8ffd884cdb5171d75723	静态索引；重点精读范围见主报告
内江	文档	/Users/chendong/Documents/内江麻将工程_20260502_103823_v2/docs/testing/neijiang-v1.0.72-premium-table-and-ai-helper-report.md	100	68da666b269d247924136fd2f6f004575230311c59943f5122425d022b001c39	静态索引；重点精读范围见主报告
内江	文档	/Users/chendong/Documents/内江麻将工程_20260502_103823_v2/docs/testing/neijiang-v1.0.63-mobile-rendering-fix-report.md	35	25025fb77495fb98d3680020b739e041ca7197d52b356eff53963d0221831be5	静态索引；重点精读范围见主报告
内江	文档	/Users/chendong/Documents/内江麻将工程_20260502_103823_v2/docs/testing/neijiang-v1.0.66-release-report.md	54	688263104e85a6ca6190b03fb92da86f747a1adec55d3b847a49f4d991e66d57	静态索引；重点精读范围见主报告
内江	文档	/Users/chendong/Documents/内江麻将工程_20260502_103823_v2/docs/testing/neijiang-v1.0.64-ios-3d-stage-lifecycle-fix.md	77	6ba482643647f4bf979891a34295b81d95d3e48e21799405e869ae3d9a1b7987	静态索引；重点精读范围见主报告
内江	文档	/Users/chendong/Documents/内江麻将工程_20260502_103823_v2/docs/testing/neijiang-v1.0.69-android-opengl-startup-fix.md	59	87c300c3afb761288c67f8f35a1c041479ed8982f37e423dafb3437542c5a4da	静态索引；重点精读范围见主报告
内江	文档	/Users/chendong/Documents/内江麻将工程_20260502_103823_v2/docs/testing/neijiang-v1.0.62-release-report.md	54	52b51f564cc9c9d5e32597d2d971d04cb48ac9a5969f2af8ab676b52774a672a	静态索引；重点精读范围见主报告
内江	文档	/Users/chendong/Documents/内江麻将工程_20260502_103823_v2/docs/testing/neijiang-v1.0.67-mobile-ui-legibility-report.md	66	9b66a4372d5e7caf21de7b9e93c4fe216c52f0d456a4475949e2f494e29fc5eb	静态索引；重点精读范围见主报告
内江	文档	/Users/chendong/Documents/内江麻将工程_20260502_103823_v2/docs/testing/neijiang-upgrade-problem-matrix.md	82	a0962edb5d01e12c7ffd8c3810d760792f9d18e98c379451c7b485d5e73e5ec8	静态索引；重点精读范围见主报告
内江	文档	/Users/chendong/Documents/内江麻将工程_20260502_103823_v2/docs/testing/neijiang-v1.0.70-center-boundary-unification-report.md	90	a12c593b254849a1e805a4be66dddbf579d1092fc889e4cd4227dae7ca49396f	静态索引；重点精读范围见主报告
内江	源码/场景/工具	/Users/chendong/Documents/内江麻将工程_20260502_103823_v2/scenes/boot/SplashScreen.tscn	182	3468aebc2574e9d33b407171844b963060722252b2053b585ccc80459b44ba3c	静态索引；重点精读范围见主报告
内江	文档	/Users/chendong/Documents/内江麻将工程_20260502_103823_v2/docs/ui_baseline/neijiang-mahjong-ui/SKILL.md	129	dd8eec2de62dd38ee80018a6448ef498aedd13ab1d020a088f07cbac864193ff	静态索引；重点精读范围见主报告
内江	文档	/Users/chendong/Documents/内江麻将工程_20260502_103823_v2/docs/ui_baseline/UI_IMPLEMENTATION_PLAN.md	108	e6c231de93a635c1ad9e578bb3185d1aa5517c09bfeaa6f818c13265ff8be9e8	静态索引；重点精读范围见主报告
内江	文档	/Users/chendong/Documents/内江麻将工程_20260502_103823_v2/docs/ui_baseline/TABLE_LAYOUT_BASELINE.md	301	6c3d6efcc89197427370970656d93121f698b064fa10ec86fcb38f6177c177d8	静态索引；重点精读范围见主报告
内江	源码/场景/工具	/Users/chendong/Documents/内江麻将工程_20260502_103823_v2/dotnet/AI.Core/Entry/NeijiangAiFacade.cs	66	e973be769c2fb94ceb3ba84ad8ee9251d8424e8aae70449c5ef1f4cf1d578923	静态索引；重点精读范围见主报告
内江	源码/场景/工具	/Users/chendong/Documents/内江麻将工程_20260502_103823_v2/scenes/ui/TileButton.tscn	49	01741a0c9e07715a26231910aa8aaea57f6f96bb97e233bc95c217ad10483faf	静态索引；重点精读范围见主报告
内江	源码/场景/工具	/Users/chendong/Documents/内江麻将工程_20260502_103823_v2/scenes/ui/TileVisual2D.tscn	10	66392ce9859c3e8b0a9fc56ad13b15ec0e4d4799d0500bb48501755bbb753693	静态索引；重点精读范围见主报告
内江	源码/场景/工具	/Users/chendong/Documents/内江麻将工程_20260502_103823_v2/scenes/ui/MahjongTile3D.tscn	14	0b92134ca8d49f201b5fd98d0af2313ff3134b978e681f54e4ea39a1697c5c23	静态索引；重点精读范围见主报告
内江	源码/场景/工具	/Users/chendong/Documents/内江麻将工程_20260502_103823_v2/scenes/ui/PlayerHandViewport.tscn	63	6c3f3fd9187d883d91016b0ca4d2a7e087b01e053151e9710b7a693828d8bef9	静态索引；重点精读范围见主报告
内江	源码/场景/工具	/Users/chendong/Documents/内江麻将工程_20260502_103823_v2/scenes/ui/PlayerUI.tscn	105	265a923bf58b0e4c6508c85fd6cd942bc91a51ea822fa3324bfd5bde8c987ca0	静态索引；重点精读范围见主报告
内江	源码/场景/工具	/Users/chendong/Documents/内江麻将工程_20260502_103823_v2/scenes/ui/MahjongTile.tscn	10	c74343399f46b2ecfc8c4ff52d3d12d00b8ce938d0c818cb9c0708cec2dbba84	静态索引；重点精读范围见主报告
内江	文档	/Users/chendong/Documents/内江麻将工程_20260502_103823_v2/evidence/neijiang_migration_20260914/migration_report.md	39	a1822ea77bcfb9643263289b44923ad0166ef5d8fe811902f39b6167bf9216a7	静态索引；重点精读范围见主报告
内江	源码/场景/工具	/Users/chendong/Documents/内江麻将工程_20260502_103823_v2/dotnet/AI.Core/Cache/NeijiangAiContextCache.cs	142	f53009c5c856ff0843cc73d097733168b7590580f8f85de5fe72df6a747e1743	静态索引；重点精读范围见主报告
内江	源码/场景/工具	/Users/chendong/Documents/内江麻将工程_20260502_103823_v2/dotnet/AI.Core/Cache/NeijiangDecisionCache.cs	90	5945b1a7707b24e103ce312ce60129e387ed61c4d837778deee8454bd38149cb	静态索引；重点精读范围见主报告
内江	源码/场景/工具	/Users/chendong/Documents/内江麻将工程_20260502_103823_v2/dotnet/AI.Core/Engines/NeijiangDingQueDecisionEngine.cs	37	391999de294465ee83f7bb3a32d71b8c2b454f693976932eb0a452b4ae9bfe72	静态索引；重点精读范围见主报告
内江	源码/场景/工具	/Users/chendong/Documents/内江麻将工程_20260502_103823_v2/dotnet/AI.Core/Engines/NeijiangFairBranchEngine.cs	194	86da752e675f1d1eaee1a4753bf00b5cedc0747edc5526179180d54421912e80	静态索引；重点精读范围见主报告
内江	源码/场景/工具	/Users/chendong/Documents/内江麻将工程_20260502_103823_v2/dotnet/AI.Core/Engines/NeijiangExactHandAnalyzer.cs	140	1f2cb51b545dcaa7e219e7c947a7587595664c973226db910b007ff2ae9601c2	静态索引；重点精读范围见主报告
内江	源码/场景/工具	/Users/chendong/Documents/内江麻将工程_20260502_103823_v2/dotnet/AI.Core/Engines/NeijiangUkeireEngine.cs	32	09df60e372b326cd29f488ff601ead53979f5587dd7a8e8605bdc62abe1d63c3	静态索引；重点精读范围见主报告
内江	源码/场景/工具	/Users/chendong/Documents/内江麻将工程_20260502_103823_v2/dotnet/AI.Core/Engines/NeijiangSelfActionDecisionEngine.cs	330	a3174d9b5d017785856a0462378f0453fea0ac01467c4554622f767ea8b369ea	静态索引；重点精读范围见主报告
内江	源码/场景/工具	/Users/chendong/Documents/内江麻将工程_20260502_103823_v2/dotnet/AI.Core/Engines/NeijiangLimitedLookaheadEngine.cs	105	ab783b93277be17e087ab35c7413fbe2e896fc80626fc7ba6c8206eac279bd86	静态索引；重点精读范围见主报告
内江	源码/场景/工具	/Users/chendong/Documents/内江麻将工程_20260502_103823_v2/dotnet/AI.Core/Engines/NeijiangGangReplacementEvaluator.cs	138	b99fa72c546049ca7b852cb176b923d1c567d690f1ea0e3695b0076befc2ed98	静态索引；重点精读范围见主报告
内江	源码/场景/工具	/Users/chendong/Documents/内江麻将工程_20260502_103823_v2/dotnet/AI.Core/Engines/NeijiangSelfDrawProbabilityEngine.cs	63	b1725131639f81b14f292f590219f15e8da6c32044598a15479bce5b67df103b	静态索引；重点精读范围见主报告
内江	源码/场景/工具	/Users/chendong/Documents/内江麻将工程_20260502_103823_v2/dotnet/AI.Core/Engines/NeijiangDangerEngine.cs	153	7e4ba6bd70185cda06dcbbd9008c7a74d6d99b65dcb0746bb8b2d712b4928446	静态索引；重点精读范围见主报告
内江	源码/场景/工具	/Users/chendong/Documents/内江麻将工程_20260502_103823_v2/dotnet/AI.Core/Engines/NeijiangBaoJiaoDecisionEngine.cs	93	bda46bed09502e5b365a05bd8be26941026bb3093765921d591623a75bcfec2e	静态索引；重点精读范围见主报告
内江	源码/场景/工具	/Users/chendong/Documents/内江麻将工程_20260502_103823_v2/dotnet/AI.Core/Engines/NeijiangRoutePlanEngine.cs	339	6b2450c9b6ea39e4da523a0a3e9d94c633d4e2b82d7b745fc18405ae42c9e1e8	静态索引；重点精读范围见主报告
内江	源码/场景/工具	/Users/chendong/Documents/内江麻将工程_20260502_103823_v2/dotnet/AI.Core/Engines/NeijiangBeliefEngine.cs	387	307bc1f33cd58bc7ffa7adc0806263927d936ded8f8fef098433b899bf84c6a3	静态索引；重点精读范围见主报告
内江	源码/场景/工具	/Users/chendong/Documents/内江麻将工程_20260502_103823_v2/dotnet/AI.Core/Engines/NeijiangWaitShapeEngine.cs	106	612d58ded2762a5580abcfe701c87f32e10224f311eb7eb7b47ef1f1c4992c7e	静态索引；重点精读范围见主报告
内江	源码/场景/工具	/Users/chendong/Documents/内江麻将工程_20260502_103823_v2/dotnet/AI.Core/Engines/NeijiangBaoJiaoActionEngine.cs	325	c74e456440dc5ecd53186f3f5571159e26e44ce8f7f4bbd5302e7d596dfc05de	静态索引；重点精读范围见主报告
内江	源码/场景/工具	/Users/chendong/Documents/内江麻将工程_20260502_103823_v2/dotnet/AI.Core/Engines/NeijiangHellOracleEngine.cs	161	baf4022eb28f96153869decb949a79970ca80efa9ad66e9a74296fea0dc9a2f5	静态索引；重点精读范围见主报告
内江	源码/场景/工具	/Users/chendong/Documents/内江麻将工程_20260502_103823_v2/dotnet/AI.Core/Engines/NeijiangCallQualityEngine.cs	18	f06f8affff0f53bfaacfb11985c851a9a07b794f5c962dc0461359b7bb4e5e27	静态索引；重点精读范围见主报告
内江	源码/场景/工具	/Users/chendong/Documents/内江麻将工程_20260502_103823_v2/dotnet/AI.Core/Engines/NeijiangDecisionEngine.cs	1414	01a52123226b57f6684ac5e0ed6c353a2a6ccb3abd4cddad5f6ffa209df94d3c	静态索引；重点精读范围见主报告
内江	源码/场景/工具	/Users/chendong/Documents/内江麻将工程_20260502_103823_v2/dotnet/AI.Core/Engines/NeijiangRiskCalibration.cs	24	1f5d268b35d16e4a58711f7db2bf8ceb7e051f5dc618389b50775e8380ce889c	静态索引；重点精读范围见主报告
内江	源码/场景/工具	/Users/chendong/Documents/内江麻将工程_20260502_103823_v2/dotnet/AI.Core/Engines/NeijiangHellChallengeReactionEngine.cs	434	3d667869e73c8ac36dca13519893a13b9e9de83d1b8d88931d87fccf07e12935	静态索引；重点精读范围见主报告
内江	源码/场景/工具	/Users/chendong/Documents/内江麻将工程_20260502_103823_v2/dotnet/AI.Core/Engines/NeijiangContextEvaluators.cs	578	5e0882af4b1d4baee2e92f468e458d1081b291e662d17336b30ae38ab2ebb49d	静态索引；重点精读范围见主报告
内江	源码/场景/工具	/Users/chendong/Documents/内江麻将工程_20260502_103823_v2/dotnet/AI.Core/Engines/NeijiangPerspectiveBranchEngine.cs	137	3ebe922717e47e5e44319616cbf07281c31a771147b30969432b0bb68e3f33ab	静态索引；重点精读范围见主报告
内江	源码/场景/工具	/Users/chendong/Documents/内江麻将工程_20260502_103823_v2/dotnet/AI.Core/Engines/NeijiangPosteriorNormalizer.cs	91	c027a6f6eb977a81cb1608fc443aaedd3a2822c5e4fc267c145189397f1ab950	静态索引；重点精读范围见主报告
内江	源码/场景/工具	/Users/chendong/Documents/内江麻将工程_20260502_103823_v2/dotnet/AI.Core/Engines/NeijiangHellChallengeEngine.cs	587	b231c59db4af2ef8a7ca11a17d3291b4f3fab50674fcbac900e6c0add4b02826	静态索引；重点精读范围见主报告
内江	源码/场景/工具	/Users/chendong/Documents/内江麻将工程_20260502_103823_v2/dotnet/AI.Core/Engines/NeijiangOpponentRangeEngine.cs	152	a8146cda887f708c9134ab29faef2655e5aa6be6b0fb0ed3f5ca8fa1456413eb	静态索引；重点精读范围见主报告
内江	源码/场景/工具	/Users/chendong/Documents/内江麻将工程_20260502_103823_v2/dotnet/AI.Core/Engines/NeijiangHandShapeEngine.cs	116	5f2921d9acae3fca0c1da974623d48e8ab1934a8b1ac560bfae02eb3c31a9513	静态索引；重点精读范围见主报告
内江	源码/场景/工具	/Users/chendong/Documents/内江麻将工程_20260502_103823_v2/dotnet/AI.Core/Engines/NeijiangHellChallengeTeamPlanner.cs	89	14f8e3b3acf7e701e587e9de48dbafe10b348f78b03e856579c31facbac323a0	静态索引；重点精读范围见主报告
内江	源码/场景/工具	/Users/chendong/Documents/内江麻将工程_20260502_103823_v2/dotnet/AI.Core/Engines/NeijiangExpectedScoreEngine.cs	198	5aca6a98452e072d4607bea8e59907b28f0b062c251f29b04df0ec8886a75f7e	静态索引；重点精读范围见主报告
内江	源码/场景/工具	/Users/chendong/Documents/内江麻将工程_20260502_103823_v2/dotnet/AI.Core/Engines/NeijiangExactStructureEngine.cs	201	fcf25237075a5fe0da309c4f96672c78e64e25a6ab3664421f2b0845acfd5dfe	静态索引；重点精读范围见主报告
内江	源码/场景/工具	/Users/chendong/Documents/内江麻将工程_20260502_103823_v2/dotnet/AI.Core/Engines/NeijiangEvidenceEngine.cs	127	f027f50c55c48d7d11fb6dba567d4fca02176d8168b0b1ccaff7224a86fe0b9b	静态索引；重点精读范围见主报告
内江	源码/场景/工具	/Users/chendong/Documents/内江麻将工程_20260502_103823_v2/dotnet/AI.Core/Engines/NeijiangDiscardScorers.cs	461	34161081bed2ae12c633a4b98b499b1df54e1a0d1804143281655adcd52d3afa	静态索引；重点精读范围见主报告
内江	源码/场景/工具	/Users/chendong/Documents/内江麻将工程_20260502_103823_v2/dotnet/AI.Core/Engines/NeijiangShantenEngine.cs	126	af1d18cef58df9a8b0343e89cd64b477dd7b061b78ef549ee9fc4742df227238	静态索引；重点精读范围见主报告
内江	源码/场景/工具	/Users/chendong/Documents/内江麻将工程_20260502_103823_v2/dotnet/AI.Core/Engines/NeijiangMctsEngine.cs	298	e45b70f9490ddd8dcd7522a9aa458547f32ede5fcba0edd0e59b87588248cf71	静态索引；重点精读范围见主报告
内江	源码/场景/工具	/Users/chendong/Documents/内江麻将工程_20260502_103823_v2/dotnet/AI.Core/Engines/NeijiangReactionDecisionEngine.cs	972	92fa4f3f2cca24fb8c6efaca4a4a0fda0088f1af07a0bd6c88e34e52641f98ac	静态索引；重点精读范围见主报告
内江	文档	/Users/chendong/Documents/内江麻将工程_20260502_103823_v2/dotnet/AI.Core/README.md	9	55b4307d439bc4e4409798fdaa36cc09625af4968753a17753b956497c10fe74	静态索引；重点精读范围见主报告
内江	文档	/Users/chendong/Documents/内江麻将工程_20260502_103823_v2/设计文档/骨灰级AI升级设计方案_v1.md	452	0c52e9baaceefdc46c4e5485c86b868ac4b77a47ae1e2607fff6dd6d25b60387	静态索引；重点精读范围见主报告
内江	文档	/Users/chendong/Documents/内江麻将工程_20260502_103823_v2/docs/ui_baseline/UX_REFINEMENT_TARGET_AND_PROGRESS.md	199	e74c5cc0fa214732cca51c91a9ed233aa4b5478ba24ef98650fd09ee9eea8308	静态索引；重点精读范围见主报告
内江	源码/场景/工具	/Users/chendong/Documents/内江麻将工程_20260502_103823_v2/dotnet/AI.Core/Analysis/NeijiangStateFingerprint.cs	66	18ffb95753b81dba6c8aa7bc453cf65addd623f62b3b4f35998b9b1219301a41	静态索引；重点精读范围见主报告
内江	文档	/Users/chendong/Documents/内江麻将工程_20260502_103823_v2/docs/ui_baseline/mockups/table_main_3d_cartoon_mockup_prompt_v1.md	61	51b7026354c9379720617c6898c9af6c52df5d66210bd2a3cad6df0c119d748c	静态索引；重点精读范围见主报告
内江	文档	/Users/chendong/Documents/内江麻将工程_20260502_103823_v2/设计文档/内江麻将AI规则_v1.md	968	b0d977022ec44dbaedca06132259f1741844acba74d56e0e416c2001e876a00e	静态索引；重点精读范围见主报告
内江	文档	/Users/chendong/Documents/内江麻将工程_20260502_103823_v2/设计文档/README.md	82	ebbc41c1961839d02cdc940b6c84bc0c627d2e8d50feb5661f3de3e4793aecd4	静态索引；重点精读范围见主报告
内江	文档	/Users/chendong/Documents/内江麻将工程_20260502_103823_v2/设计文档/内江麻将正式规则_v1.md	414	9fc70192f6d44f96b5710754e76de50cb44409d88fb28b71db95bcf6b2dcdd51	静态索引；重点精读范围见主报告
内江	文档	/Users/chendong/Documents/内江麻将工程_20260502_103823_v2/设计文档/内江麻将_四川教程迁移审计_v1.md	66	2100f675c9b0ec812515410a5bafe5b0099b038e0c31b9b5a4d4bcf65d114ce8	静态索引；重点精读范围见主报告
内江	源码/场景/工具	/Users/chendong/Documents/内江麻将工程_20260502_103823_v2/dotnet/AI.Core/Benchmark/NeijiangBenchmarkStats.cs	46	de16f7f0b05481dc007238e63cbfa6f03eddc8fd399fece3d4ffff855d3b21f2	静态索引；重点精读范围见主报告
内江	源码/场景/工具	/Users/chendong/Documents/内江麻将工程_20260502_103823_v2/tests/ai_pressure_benchmark.gd	950	c6d096dc6b26a647435b3a88e078d68845fc4c468e91012326d83ce64b4bee87	静态索引；重点精读范围见主报告
内江	源码/场景/工具	/Users/chendong/Documents/内江麻将工程_20260502_103823_v2/tests/NeijiangUiRegressionRunner.gd	1525	3335fdc6f562acd083653cdb99dce5f65338a21e1e41ae79c550981a7a00d93a	静态索引；重点精读范围见主报告
内江	源码/场景/工具	/Users/chendong/Documents/内江麻将工程_20260502_103823_v2/dotnet/AI.Core/Learning/NeijiangLearningEngine.cs	571	02ff6643b386a28d454e1c9505744f8c80ba59294619c72084d3c5748b7cbe4a	静态索引；重点精读范围见主报告
内江	源码/场景/工具	/Users/chendong/Documents/内江麻将工程_20260502_103823_v2/dotnet/AI.Core/Learning/NeijiangDecisionCalibrationEngine.cs	101	f6cfbc37e29bd9649be9946bd9dd7a8ba47f83a97fcc3343dfca9625e699d5a6	静态索引；重点精读范围见主报告
内江	源码/场景/工具	/Users/chendong/Documents/内江麻将工程_20260502_103823_v2/dotnet/AI.Core/Models/NeijiangPerspectiveBranchSummary.cs	24	22f02ba3962573ed0ebe4c3010734e6260f54928b0fd03cca3a63126fa8f4390	静态索引；重点精读范围见主报告
内江	源码/场景/工具	/Users/chendong/Documents/内江麻将工程_20260502_103823_v2/dotnet/AI.Core/Models/NeijiangReactionDecisionResult.cs	23	61224d71aab9376dadee0dcbc761d30fa2375a19b56a8ba711d03e8f2e049851	静态索引；重点精读范围见主报告
内江	源码/场景/工具	/Users/chendong/Documents/内江麻将工程_20260502_103823_v2/dotnet/AI.Core/Models/NeijiangEvidenceSnapshot.cs	13	c7e54befeec9c56f713a30cf25b075d9c72216778d6605ae75778798dd494bda	静态索引；重点精读范围见主报告
内江	源码/场景/工具	/Users/chendong/Documents/内江麻将工程_20260502_103823_v2/dotnet/AI.Core/Models/NeijiangBeliefSnapshot.cs	17	de6aad407498507a5fb23b80fd985158969a172881b48c689815cbcc663e563a	静态索引；重点精读范围见主报告
内江	源码/场景/工具	/Users/chendong/Documents/内江麻将工程_20260502_103823_v2/dotnet/AI.Core/Models/NeijiangCandidateDetail.cs	75	6b877fece66a8a1fe2dc137add45ec2b410ee052ff3ecb81e539ccbb2e3fdda0	静态索引；重点精读范围见主报告
内江	源码/场景/工具	/Users/chendong/Documents/内江麻将工程_20260502_103823_v2/dotnet/AI.Core/Models/NeijiangBeliefDiagnostics.cs	9	459b2f8a9c1c5a2b52ec127701ad86f34c3958c73845b585c8dc1f8be79f379b	静态索引；重点精读范围见主报告
内江	源码/场景/工具	/Users/chendong/Documents/内江麻将工程_20260502_103823_v2/dotnet/AI.Core/Models/NeijiangHandShapeSummary.cs	13	1f928d186f5a366205a0189a360f91d2b53bf19ef21c7804f9c7d80de486b5b6	静态索引；重点精读范围见主报告
内江	源码/场景/工具	/Users/chendong/Documents/内江麻将工程_20260502_103823_v2/dotnet/AI.Core/Models/NeijiangExactStructureSummary.cs	15	ec8edfe38639509ee78c5f70d473a8b5a845cdfc2712b8bb1193fd1846214207	静态索引；重点精读范围见主报告
内江	源码/场景/工具	/Users/chendong/Documents/内江麻将工程_20260502_103823_v2/dotnet/AI.Core/Models/NeijiangFairBranchSummary.cs	15	ee763004c3f25ff3f1d978c4c6dd4e34ccefbaa3b04a35e3a7446bce489bb9fd	静态索引；重点精读范围见主报告
内江	源码/场景/工具	/Users/chendong/Documents/内江麻将工程_20260502_103823_v2/dotnet/AI.Core/Models/NeijiangExpectedScore.cs	13	344367c5d39dd90b68ae96d1a14b8f4ffdb1649b5c8aec5dd0dbf6d741947340	静态索引；重点精读范围见主报告
内江	文档	/Users/chendong/Documents/内江麻将工程_20260502_103823_v2/res/README.md	17	5582728ff9061d45601964245191bdf3990f29ea22e27436167102420027928c	静态索引；重点精读范围见主报告
内江	源码/场景/工具	/Users/chendong/Documents/内江麻将工程_20260502_103823_v2/tests/NeijiangBaoGangRegressionRunner.gd	839	0ec8197065b2e617b22b39661003c77000cd8b16b3ada083e2a7cf5ee1b4edac	静态索引；重点精读范围见主报告
内江	源码/场景/工具	/Users/chendong/Documents/内江麻将工程_20260502_103823_v2/dotnet/AI.Core/Models/NeijiangBaoJiaoDecisionResult.cs	12	ee6de34eecc4eb6c42b055c7fb6eaf1d22a64cd77d03829e440210f4ea4904e4	静态索引；重点精读范围见主报告
内江	源码/场景/工具	/Users/chendong/Documents/内江麻将工程_20260502_103823_v2/dotnet/AI.Core/Models/NeijiangPosteriorNormalizationResult.cs	10	c045f968e3a970c2a97ead99eea9105bb861708ff1411b5ad1ce7afb5c9fc8f8	静态索引；重点精读范围见主报告
内江	源码/场景/工具	/Users/chendong/Documents/内江麻将工程_20260502_103823_v2/dotnet/AI.Core/Models/NeijiangAiContextModels.cs	166	e2c088bad07548859a285ea9b5cd664a1595873993a14e1288bd4f01713d8f0c	静态索引；重点精读范围见主报告
内江	源码/场景/工具	/Users/chendong/Documents/内江麻将工程_20260502_103823_v2/dotnet/AI.Core/Models/NeijiangDangerEvaluation.cs	10	b9ee5dad095143b34f51de1e2d8941af43d1b33e4e6dc689aa63d31940e1c74a	静态索引；重点精读范围见主报告
内江	源码/场景/工具	/Users/chendong/Documents/内江麻将工程_20260502_103823_v2/dotnet/AI.Core/Models/NeijiangBeliefSummary.cs	70	9cbfe3705e0d4d4450dddca1daa7b900a6b3583d8c8f6bc22569c3b8b117eebd	静态索引；重点精读范围见主报告
内江	源码/场景/工具	/Users/chendong/Documents/内江麻将工程_20260502_103823_v2/dotnet/AI.Core/Models/NeijiangDecisionResult.cs	22	bbad7744ced9efef4f722e72560ec1fbcff88a9c39bd8dc41e801d023074825a	静态索引；重点精读范围见主报告
内江	源码/场景/工具	/Users/chendong/Documents/内江麻将工程_20260502_103823_v2/dotnet/AI.Core/Models/NeijiangLimitedLookaheadSummary.cs	10	65881a89e971568dcbf0d299e1528c257c42cc3a52fc24c9b89e2e6ffb30e633	静态索引；重点精读范围见主报告
内江	源码/场景/工具	/Users/chendong/Documents/内江麻将工程_20260502_103823_v2/dotnet/AI.Core/Models/NeijiangAction.cs	17	fb7db31ed3253035599ca1379d81e3417128d66f1d2f1c93a81afd2c98be33f7	静态索引；重点精读范围见主报告
内江	源码/场景/工具	/Users/chendong/Documents/内江麻将工程_20260502_103823_v2/dotnet/AI.Core/Models/NeijiangHellOracleResult.cs	65	be99948e96b62dd60ce56f17239178dd0747c20b9b67686809329c1bda6848cb	静态索引；重点精读范围见主报告
内江	源码/场景/工具	/Users/chendong/Documents/内江麻将工程_20260502_103823_v2/dotnet/AI.Core/Models/NeijiangWaitShapeSummary.cs	13	c04beb51fcba8cc2ea3620e27fe9f5fd99007cf597fa308350ec203f91b80e82	静态索引；重点精读范围见主报告
内江	源码/场景/工具	/Users/chendong/Documents/内江麻将工程_20260502_103823_v2/dotnet/AI.Core/Models/NeijiangRoutePlanResult.cs	15	bb68eaf23ed13f8e0cba45411f22f899600048ffb49488518e7fd2c0415fd2a2	静态索引；重点精读范围见主报告
内江	源码/场景/工具	/Users/chendong/Documents/内江麻将工程_20260502_103823_v2/dotnet/AI.Core/Models/NeijiangBaoGangCandidate.cs	6	4444a7019273b1b861b7f6d8a8b40d51b2f2ca76d4715b937d51644ae8ff3d52	静态索引；重点精读范围见主报告
内江	源码/场景/工具	/Users/chendong/Documents/内江麻将工程_20260502_103823_v2/dotnet/AI.Core/Models/NeijiangStateView.cs	73	bda74b444b8e3654a7a345054e397fd85bd8df690f9bd1448e0f82b7103aa1e1	静态索引；重点精读范围见主报告
内江	文档	/Users/chendong/Documents/内江麻将工程_20260502_103823_v2/内江麻将正式规则_v1.md	414	7fbb6018608ddf0ad2a8f6a337d43c7d9ac9c86f58a4ac53359e875ed86b428a	静态索引；重点精读范围见主报告
内江	源码/场景/工具	/Users/chendong/Documents/内江麻将工程_20260502_103823_v2/tests/tools/test_training_tools.py	491	a8ea01d0ef9cac20d3b8c1ae3a7c66e7a8a0400c8929dc169b83597d9bdbc7d8	静态索引；重点精读范围见主报告
内江	源码/场景/工具	/Users/chendong/Documents/内江麻将工程_20260502_103823_v2/dotnet/AI.Core/Models/NeijiangSelfActionDecisionResult.cs	13	1a7b09fff121cdb788f829a04e597f169bb95cb377bf4c936d75be32bf5f008a	静态索引；重点精读范围见主报告
内江	源码/场景/工具	/Users/chendong/Documents/内江麻将工程_20260502_103823_v2/dotnet/AI.Core/Models/NeijiangOpponentRangeProfile.cs	11	5fd445b14cad9a0bf6d4b64d5ff0ec0d854278a2ecd8c80cb8ac717edaa8734a	静态索引；重点精读范围见主报告
内江	源码/场景/工具	/Users/chendong/Documents/内江麻将工程_20260502_103823_v2/dotnet/AI.Core/Models/NeijiangSearchResult.cs	12	74c4a15bf4114d8c0b90b868131fd6181717bba7865836092ecb9e3bc64363ea	静态索引；重点精读范围见主报告
内江	源码/场景/工具	/Users/chendong/Documents/内江麻将工程_20260502_103823_v2/dotnet/AI.Core/Models/NeijiangHellChallengeTeamPlan.cs	23	8da249fdc5e016b72751ee10e5301ce98987afe0cd9f873cb443d7561eb20e60	静态索引；重点精读范围见主报告
内江	源码/场景/工具	/Users/chendong/Documents/内江麻将工程_20260502_103823_v2/dotnet/AI.Core/Models/NeijiangGangReplacementSummary.cs	14	54c974d7291da0956b2c9cb96864ab0093a428f2d59288e234abde07c64d613e	静态索引；重点精读范围见主报告
内江	源码/场景/工具	/Users/chendong/Documents/内江麻将工程_20260502_103823_v2/dotnet/AI.Core/Models/NeijiangDingQueDecisionResult.cs	9	bb8511d03c36c39667e13d7fb79b684086b44d504291a2fc2a021983e4b51e14	静态索引；重点精读范围见主报告
内江	文档	/Users/chendong/Documents/内江麻将工程_20260502_103823_v2/evidence/1.0.42_to_1.0.44_github_diff/README.md	280	5f004958d81d19f197f4dab706a22f32b16a6c9b02bede67fa8da550d60a99da	静态索引；重点精读范围见主报告
内江	源码/场景/工具	/Users/chendong/Documents/内江麻将工程_20260502_103823_v2/dotnet/AI.Core/Codec/NeijiangStateCodec.cs	94	631465963d960aa2bf4e2e939ebbe06a4cdef6bd34fd6d75653f59695110a879	静态索引；重点精读范围见主报告
内江	源码/场景/工具	/Users/chendong/Documents/内江麻将工程_20260502_103823_v2/dotnet/AI.Core/Codec/NeijiangTileCodec.cs	29	64d1bc5b14a484295f59ad034b49b53437f12a73a76853fadb39da4c8b6b9527	静态索引；重点精读范围见主报告
内江	文档	/Users/chendong/Documents/内江麻将工程_20260502_103823_v2/res/docs/ai/内江麻将两门牌AI改造设计稿_v1.md	770	d9aca52f887775ee10c84edb5a95a980c4cecf7852d7ae20e2209a1ac53b09e7	静态索引；重点精读范围见主报告
内江	文档	/Users/chendong/Documents/内江麻将工程_20260502_103823_v2/res/docs/ai/四川麻将AI规则_v1.md	805	4c9268ff37f6f8a8d24e9a9004d523a6beeeff390934a510b42d5c399a817b3e	静态索引；重点精读范围见主报告
内江	文档	/Users/chendong/Documents/内江麻将工程_20260502_103823_v2/res/docs/ai/内江麻将两门牌AI实施拆解_v1.md	1756	9d07857906cd24f4d2bcb4bf6f810027e15bbb82cf520607f128b696bb814685	静态索引；重点精读范围见主报告
内江	文档	/Users/chendong/Documents/内江麻将工程_20260502_103823_v2/res/docs/ai/内江麻将AI规则_v1.md	968	b0d977022ec44dbaedca06132259f1741844acba74d56e0e416c2001e876a00e	静态索引；重点精读范围见主报告
内江	文档	/Users/chendong/Documents/内江麻将工程_20260502_103823_v2/evidence/1.0.47_android_package_restore/README.md	165	713782e66b566026b5477a3840c4d3bd2a31d69588b070513eb541307c12ebab	静态索引；重点精读范围见主报告
内江	文档	/Users/chendong/Documents/内江麻将工程_20260502_103823_v2/规则文档_判定器_测试对照清单_v1.md	104	94a3a01fe3d683dc0a2e0ccf2b50337cbae6e9ed04ae7e822b481b9ee48fe321	静态索引；重点精读范围见主报告
内江	源码/场景/工具	/Users/chendong/Documents/内江麻将工程_20260502_103823_v2/tests/current/NeijiangBaoJiaoFourthTileEvidenceRunner.gd	290	351155d649245a7e6fb0284c60bb59e6a3481311cd1cb2f393313648fbd9537a	静态索引；重点精读范围见主报告
内江	源码/场景/工具	/Users/chendong/Documents/内江麻将工程_20260502_103823_v2/tests/current/NeijiangGangSettlementRegressionRunner.gd	208	b6ae4298b636182a987e4c389c8ef1bd4bede029b0eaad8027df5d80e753b329	静态索引；重点精读范围见主报告
内江	源码/场景/工具	/Users/chendong/Documents/内江麻将工程_20260502_103823_v2/tests/current/Neijiang3DUiRunner.gd	603	7d1200a9a357efaa3c2a16f7a2a6d17194e622fa9b603df5f0554878ff427d66	静态索引；重点精读范围见主报告
内江	源码/场景/工具	/Users/chendong/Documents/内江麻将工程_20260502_103823_v2/tests/current/NeijiangCSharpContractRunner.gd	1213	c1786222af936919874ff02f1948d6bfc421e64451e92cce200787ac0162ae71	静态索引；重点精读范围见主报告
内江	源码/场景/工具	/Users/chendong/Documents/内江麻将工程_20260502_103823_v2/tests/current/NeijiangCurrentSmokeRunner.gd	1090	5fac45e5ddeeff5013b7d40fa765998a11e2c0e8cd60001dbc63beffbdca7f78	静态索引；重点精读范围见主报告
内江	源码/场景/工具	/Users/chendong/Documents/内江麻将工程_20260502_103823_v2/tests/current/NeijiangAiPanelRunner.gd	1	302c80467290ec5e5f74d906c1735f5404012f3903d4a5eef5506d45f71805e5	静态索引；重点精读范围见主报告
内江	源码/场景/工具	/Users/chendong/Documents/内江麻将工程_20260502_103823_v2/tests/current/NeijiangBaoJiaoBaoGangRunner.gd	1	6de99012fc27c0a5a8b9c8b09ff5fae684e0c6d54a471440d0f60c6e46d83f46	静态索引；重点精读范围见主报告
内江	源码/场景/工具	/Users/chendong/Documents/内江麻将工程_20260502_103823_v2/tests/current/NeijiangHellTrainingRunner.gd	184	ab5ca74004cae243623c3b025333d4ceb9862cc38cdf66c336203d77b322d1e1	静态索引；重点精读范围见主报告
内江	源码/场景/工具	/Users/chendong/Documents/内江麻将工程_20260502_103823_v2/tests/current/SplashScreenRegressionRunner.gd	46	c1c8ccac8453fe10a15cc5df3b63cc8a52a191dcdf4c18f733175403b778a293	静态索引；重点精读范围见主报告
内江	源码/场景/工具	/Users/chendong/Documents/内江麻将工程_20260502_103823_v2/tests/current/NeijiangAiBenchmarkSmokeRunner.gd	1	f7eaeba798f255d855002505bb9b4270b4d448a356b9a5c649a8a8bbfc8bf9b4	静态索引；重点精读范围见主报告
内江	文档	/Users/chendong/Documents/内江麻将工程_20260502_103823_v2/evidence/neijiang_migration_20260914/parity/audit.md	37	a445ae99a0de3a75f98ccdf6ea5deda3191db887a1dd9b561e64b4c42c182ffb	静态索引；重点精读范围见主报告
内江	文档	/Users/chendong/Documents/内江麻将工程_20260502_103823_v2/res/art/materials/table_skins/README.md	20	3b2717a3eb14236f622b16aaac159e7e43ef597a402e314b04bb333aa9394aa9	静态索引；重点精读范围见主报告
内江	文档	/Users/chendong/Documents/内江麻将工程_20260502_103823_v2/evidence/neijiang_3d_ui_port_20260813/README.md	13	527aa955fead8f7bdc99426fd49c2a8ab8454eee8b0653a09e6a70499b6cd63d	静态索引；重点精读范围见主报告
四川	文档	/Volumes/AI/Codex/四川麻将工程_20260701_v2/四川麻将项目规则基线_最终版_v1.md	414	40da63a59a6016fbc8ab5f05c5f6b344f09c44b7c8af756f38d9017d559ff147	静态索引；重点精读范围见主报告
四川	文档	/Volumes/AI/Codex/四川麻将工程_20260701_v2/四川麻将规则补充遗漏清单_v1.md	268	59f6e537c9cf4534b3bcf975e19c6603e3215f88d4334c32eda1c3d7e4fc8337	静态索引；重点精读范围见主报告
四川	文档	/Volumes/AI/Codex/四川麻将工程_20260701_v2/AGENTS.md	70	1b1d43073961e6f3e01d52d526592f955c548d449d838e8f222bbeb96630bcf0	静态索引；重点精读范围见主报告
四川	文档	/Volumes/AI/Codex/四川麻将工程_20260701_v2/麻将游戏开发规格书_v1.md	1012	403393d96038d535351e2f8e865640ea5456723c7f5230168a5be0d9909fb5e5	静态索引；重点精读范围见主报告
四川	源码/场景/工具	/Volumes/AI/Codex/四川麻将工程_20260701_v2/autoload/GameState.gd	6459	d1a3107951463a36d375be72bbe63ba7f34ec43e7a3960eb2fc98c78bf6fea59	静态索引；重点精读范围见主报告
四川	源码/场景/工具	/Volumes/AI/Codex/四川麻将工程_20260701_v2/autoload/LanRuntime.gd	175	4ef95438d70c708b30a6c72edf1a6cfc5b4ecdb1b37a762ac68ba57950c04961	静态索引；重点精读范围见主报告
四川	文档	/Volumes/AI/Codex/四川麻将工程_20260701_v2/骨灰级AI升级设计方案_v1.md	452	0c52e9baaceefdc46c4e5485c86b868ac4b77a47ae1e2607fff6dd6d25b60387	静态索引；重点精读范围见主报告
四川	源码/场景/工具	/Volumes/AI/Codex/四川麻将工程_20260701_v2/scripts/diagnostics/diagnostic_files.gd	162	05e7b12f60553611d9c9f95461f2f18f7aa12083c0c10382af9edc9e082fd1fc	静态索引；重点精读范围见主报告
四川	源码/场景/工具	/Volumes/AI/Codex/四川麻将工程_20260701_v2/scripts/diagnostics/pipeline_profiler.gd	49	ebdfe334cddd4da413c4cfe75ec3b0f65f96cab022250d7159f12acb818e2db9	静态索引；重点精读范围见主报告
四川	源码/场景/工具	/Volumes/AI/Codex/四川麻将工程_20260701_v2/scripts/ai/sichuan_danger_engine.gd	68	ccd907ad7b54fb1f08f99a8935e16b492e1bc6b4201165042af4510dc39e0bd3	静态索引；重点精读范围见主报告
四川	源码/场景/工具	/Volumes/AI/Codex/四川麻将工程_20260701_v2/scripts/ai/sichuan_belief_engine.gd	72	3e4ace0bdbcdab9ba295474aedd0d245cf02343c49dca748990b388409e244d4	静态索引；重点精读范围见主报告
四川	源码/场景/工具	/Volumes/AI/Codex/四川麻将工程_20260701_v2/scripts/ai/csharp_ai_bridge.gd	683	8cb3c032f987f2764a68266b99bab1d1eb2e49a726142cb24e140bb7f3d2326f	静态索引；重点精读范围见主报告
四川	源码/场景/工具	/Volumes/AI/Codex/四川麻将工程_20260701_v2/scripts/ai/sichuan_old_hand_discard_scorer.gd	257	ef9a26a77e788165ffbe844156da3328e664df67b71986db447a278de333f6c7	静态索引；重点精读范围见主报告
四川	源码/场景/工具	/Volumes/AI/Codex/四川麻将工程_20260701_v2/scripts/ai/sichuan_shanten_engine.gd	102	fb3ee6bc222a40631dbd493bcb80b74a4077ba9a8776ab0f9eb43ef1b3a06b5c	静态索引；重点精读范围见主报告
四川	源码/场景/工具	/Volumes/AI/Codex/四川麻将工程_20260701_v2/scripts/ai/sichuan_call_quality_engine.gd	79	b4c09ede87434a89432f732a9e9038c4734fba8585bd6b6d047048b74fc289a6	静态索引；重点精读范围见主报告
四川	源码/场景/工具	/Volumes/AI/Codex/四川麻将工程_20260701_v2/scripts/ai/AICoreBridge.gd	65	2a4fe426ddadd78b02c9528cab63378e23465d473d58966f9616f3379bd5d06d	静态索引；重点精读范围见主报告
四川	源码/场景/工具	/Volumes/AI/Codex/四川麻将工程_20260701_v2/scripts/ai/SichuanCSharpRuntime.cs	1569	add25d8446af9cd5571ce35b38ea7f7f7cc232e694f8205b0bfca275cd4f0e6c	静态索引；重点精读范围见主报告
四川	源码/场景/工具	/Volumes/AI/Codex/四川麻将工程_20260701_v2/scripts/ai/sichuan_decision_engine.gd	708	ab0bf25ce672bc07cad4f22fe177763c6edf9b3370096c38cbf95a9506d3b0f3	静态索引；重点精读范围见主报告
四川	源码/场景/工具	/Volumes/AI/Codex/四川麻将工程_20260701_v2/scripts/ai/AIDebugPanel.gd	68	4102c75288e6695b7bcea5fcd99c8573982af6d56d17e10c85a72bd1a9c91b25	静态索引；重点精读范围见主报告
四川	源码/场景/工具	/Volumes/AI/Codex/四川麻将工程_20260701_v2/scripts/ai/AIManager.gd	1833	da18ea9465fba4dee75d23d2fe0e819791506eee7a6228b047bd7b0b7e71a590	静态索引；重点精读范围见主报告
四川	源码/场景/工具	/Volumes/AI/Codex/四川麻将工程_20260701_v2/scripts/ai/sichuan_tile_codec.gd	99	721dbe211b9cce178bc9414b4320287fb04061e83762167bc20bbbc0d216c6c4	静态索引；重点精读范围见主报告
四川	源码/场景/工具	/Volumes/AI/Codex/四川麻将工程_20260701_v2/scripts/game/presentation/table_voice_router.gd	100	d480eee54760b9b609752a50dda2b44d2054effba09621c2826a8b417a476a5d	静态索引；重点精读范围见主报告
四川	源码/场景/工具	/Volumes/AI/Codex/四川麻将工程_20260701_v2/scripts/game/presentation/settlement_ledger.gd	351	2e795f5054ab2293c82a588a9e7b4b1d31ad7da01e4589681d333d82aa70c52a	静态索引；重点精读范围见主报告
四川	源码/场景/工具	/Volumes/AI/Codex/四川麻将工程_20260701_v2/scripts/game/presentation/table_preferences.gd	57	1e30a8df1e848bbe09848f86e34c7115f79c9cfe47e56f9b0788cd690df66615	静态索引；重点精读范围见主报告
四川	源码/场景/工具	/Volumes/AI/Codex/四川麻将工程_20260701_v2/scripts/game/seat_view_mapper.gd	77	024341a39fd0ae0196f52bba4234ac74286840da0a7220c8b8ab8270fc27accb	静态索引；重点精读范围见主报告
四川	源码/场景/工具	/Volumes/AI/Codex/四川麻将工程_20260701_v2/scripts/game/session_adapter.gd	28	c05debb4f36ddef78cd38d6b1ea4e657c8910b89906d675813e00a11fab32f11	静态索引；重点精读范围见主报告
四川	源码/场景/工具	/Volumes/AI/Codex/四川麻将工程_20260701_v2/scripts/game/GameManager.gd	375	0e3f8b9a821dff9362eb09d014f8abb7aa6dd3f721d5e16b90b5fd4cf0ac84d2	静态索引；重点精读范围见主报告
四川	源码/场景/工具	/Volumes/AI/Codex/四川麻将工程_20260701_v2/scripts/game/game_snapshot_builder.gd	84	106266759c8c69ace0b9b3034a779161aa088857eee6d5ef98048fb6a838c526	静态索引；重点精读范围见主报告
四川	源码/场景/工具	/Volumes/AI/Codex/四川麻将工程_20260701_v2/scripts/game/MainSceneV2.gd	9208	3e43e99fc571fe749035df61679cd0779ff1ec89397665bb9a7be6a7d8b85670	静态索引；重点精读范围见主报告
四川	源码/场景/工具	/Volumes/AI/Codex/四川麻将工程_20260701_v2/scripts/network/snapshot_projector.gd	54	2d95774376acbdd3896bbd8abe69305d24422210d8c5afc7db03d6a1a7d9efa6	静态索引；重点精读范围见主报告
四川	源码/场景/工具	/Volumes/AI/Codex/四川麻将工程_20260701_v2/scripts/network/lan_room_discovery.gd	217	1069b829b66ea19019b47825be09e9ee7bb962b853667b90ab31ee3f122cbafd	静态索引；重点精读范围见主报告
四川	源码/场景/工具	/Volumes/AI/Codex/四川麻将工程_20260701_v2/scripts/network/protocol_codec.gd	49	5845131a7dfc0c702da96864cac6386a5d6ca6f5f44691920a47f2158eeeb961	静态索引；重点精读范围见主报告
四川	源码/场景/工具	/Volumes/AI/Codex/四川麻将工程_20260701_v2/scripts/network/lan_probe_session.gd	114	51edb58b87de5a03405343f353f1f41a211192931113ba6393f84608a1283c53	静态索引；重点精读范围见主报告
四川	源码/场景/工具	/Volumes/AI/Codex/四川麻将工程_20260701_v2/scripts/network/lan_transport.gd	121	b8780180479b0ccc1f816bc21d8c35902eb8838c2d84f3bc0a7a2d1cc4519152	静态索引；重点精读范围见主报告
四川	源码/场景/工具	/Volumes/AI/Codex/四川麻将工程_20260701_v2/scripts/network/lan_room_session.gd	288	327528da4611e2919765f62cec0a2b1654c3bfcb737678d736030055d56ebd09	静态索引；重点精读范围见主报告
四川	源码/场景/工具	/Volumes/AI/Codex/四川麻将工程_20260701_v2/scripts/network/room_registry.gd	116	d6aae5fa69dc998f0fff209e0353b588ab1ef2f962ba9cb00ab730fa32468e7f	静态索引；重点精读范围见主报告
四川	源码/场景/工具	/Volumes/AI/Codex/四川麻将工程_20260701_v2/scripts/network/match_authority.gd	70	cfca0372a0ce5a8d658d6f023df2239beb0ac4c8b44e59e656a75ead9fecefe3	静态索引；重点精读范围见主报告
四川	源码/场景/工具	/Volumes/AI/Codex/四川麻将工程_20260701_v2/scripts/boot/SplashScreen.gd	83	8373c018b8faed5e64f307ac49ae70ecb1dc180772c22cb73d799daff678015c	静态索引；重点精读范围见主报告
四川	源码/场景/工具	/Volumes/AI/Codex/四川麻将工程_20260701_v2/scripts/core/mahjong_judge.gd	91	4b3caa76ca79c59fd03ea1bd0a2ebb432ec415ea725705b9071984b9c3f12f64	静态索引；重点精读范围见主报告
四川	源码/场景/工具	/Volumes/AI/Codex/四川麻将工程_20260701_v2/scripts/core/opponent_model.gd	179	91d00d81d6a99f8b5b7efdffde932bf3236f9d22c2aa4b719f2d7059a9105ae2	静态索引；重点精读范围见主报告
四川	源码/场景/工具	/Volumes/AI/Codex/四川麻将工程_20260701_v2/scripts/core/reaction_advisor.gd	367	b29e71fd058a7804d561af757f309bcd81d7f3f769b33998e1dd75c17abb530d	静态索引；重点精读范围见主报告
四川	源码/场景/工具	/Volumes/AI/Codex/四川麻将工程_20260701_v2/scripts/core/shanten_analyzer.gd	128	f1efe65198519850d65b2ff66ca60d3d8e42bd78d1f025bb8c22e4400ee092d5	静态索引；重点精读范围见主报告
四川	源码/场景/工具	/Volumes/AI/Codex/四川麻将工程_20260701_v2/scripts/core/discard_advisor.gd	1594	a2b3108ca437a829a6aacbb7fe3d842c2278750cc613ac58e8e74d6b34f6f103	静态索引；重点精读范围见主报告
四川	源码/场景/工具	/Volumes/AI/Codex/四川麻将工程_20260701_v2/scripts/core/mahjong_state.gd	45	0b1160ab21697498834593cc7399839d36eb84af7f367346c44ced6f14a0e56d	静态索引；重点精读范围见主报告
四川	源码/场景/工具	/Volumes/AI/Codex/四川麻将工程_20260701_v2/scripts/core/ding_que_resolver.gd	50	2059f36ce64ccfca29246c245ced29e203188dca4fc25af45a4573e13f4c6f56	静态索引；重点精读范围见主报告
四川	源码/场景/工具	/Volumes/AI/Codex/四川麻将工程_20260701_v2/scripts/core/fan_resolver.gd	283	f64b3bba76e6490d6568159dfb2fb7dd20d1efab88dd56c0a8060d04ef5b5608	静态索引；重点精读范围见主报告
四川	源码/场景/工具	/Volumes/AI/Codex/四川麻将工程_20260701_v2/scripts/core/opening_roll_resolver.gd	61	71e2d3811b11921eb4a04ddf15f9842a129df234f909902b0d5f684ff07e23d9	静态索引；重点精读范围见主报告
四川	源码/场景/工具	/Volumes/AI/Codex/四川麻将工程_20260701_v2/scripts/core/lookahead_evaluator.gd	259	34094daf14b86e652a49677d2663bbf6d68d12569b9cd30c810967ee74fa2e81	静态索引；重点精读范围见主报告
四川	源码/场景/工具	/Volumes/AI/Codex/四川麻将工程_20260701_v2/scripts/core/score_resolver.gd	177	31b0e9b23708b3f94290a2f9ab16fa4797ec23673bbbef47a0cbaf0c82939619	静态索引；重点精读范围见主报告
四川	源码/场景/工具	/Volumes/AI/Codex/四川麻将工程_20260701_v2/scripts/core/rule_config.gd	96	9a381915c8c5be7ef9922ce600aa2b0972e5bb43caef6a57d1c15e15daf522aa	静态索引；重点精读范围见主报告
四川	源码/场景/工具	/Volumes/AI/Codex/四川麻将工程_20260701_v2/scripts/core/reaction_resolver.gd	110	95f7f68fb5c1bf267acb4b6f5f5c93eb7443e5b95c6eca6061cdc36da072b745	静态索引；重点精读范围见主报告
四川	源码/场景/工具	/Volumes/AI/Codex/四川麻将工程_20260701_v2/scripts/core/ai_tuning_config.gd	177	3e6b86739eb2a2b0dd41db2269223b183df24c2fc32d520d584110906a5c69e5	静态索引；重点精读范围见主报告
四川	源码/场景/工具	/Volumes/AI/Codex/四川麻将工程_20260701_v2/scripts/core/risk_analyzer.gd	183	d7895ae8346848dfddc495db4db536c7520712f3a99d796a9352d18a19943471	静态索引；重点精读范围见主报告
四川	源码/场景/工具	/Volumes/AI/Codex/四川麻将工程_20260701_v2/scripts/core/ai_learning_engine.gd	569	de0786c807f985d0c7b4f4d19e9a88b641ec681340597a0852bffe84ee5249de	静态索引；重点精读范围见主报告
四川	源码/场景/工具	/Volumes/AI/Codex/四川麻将工程_20260701_v2/scripts/core/strategy_engine.gd	435	f822f25d9278149d604c53fb8840708a300b14625b49548fe3aeb0870188af3a	静态索引；重点精读范围见主报告
四川	源码/场景/工具	/Volumes/AI/Codex/四川麻将工程_20260701_v2/scripts/core/gang_advisor.gd	236	59b97c2dd6236a3bcef6e20826cd3bf306ba5c9fa08d692807ec13234034e62f	静态索引；重点精读范围见主报告
四川	源码/场景/工具	/Volumes/AI/Codex/四川麻将工程_20260701_v2/scripts/core/dealer_rotation.gd	27	a5e697da0b031a64dd18b4c33a45d97d26994f107880ed9e25f09fc4a61924c2	静态索引；重点精读范围见主报告
四川	源码/场景/工具	/Volumes/AI/Codex/四川麻将工程_20260701_v2/scripts/core/hu_checker.gd	214	b68fbf05fa4103767e2355fcf07770d751634e0687fb528e4f36327313c23fa4	静态索引；重点精读范围见主报告
四川	文档	/Volumes/AI/Codex/四川麻将工程_20260701_v2/VERSION.md	129	202d658f91f48d3ca872dda0f9aac26df80b7159ebcfbdaf5614c16d4c36d1b1	静态索引；重点精读范围见主报告
四川	源码/场景/工具	/Volumes/AI/Codex/四川麻将工程_20260701_v2/scripts/ui/WallCountDisc.gd	105	46f910055318fd00458b8eaaec9c7b9bcf8ced77d1e7085212c3e3ac5ca2e892	静态索引；重点精读范围见主报告
四川	源码/场景/工具	/Volumes/AI/Codex/四川麻将工程_20260701_v2/scripts/ui/presentation/CalloutFxLayer.gd	240	d8e38cf92bdb932358e8bfd4c38faaf8b3d7dfbf911f2fcc76f28f7f3a504669	静态索引；重点精读范围见主报告
四川	源码/场景/工具	/Volumes/AI/Codex/四川麻将工程_20260701_v2/scripts/ui/presentation/TablePresentationDirector.gd	413	a524aca8cf74c0f55b379a564d5238633a4efd17846c18b21372c0ad05853a1d	静态索引；重点精读范围见主报告
四川	源码/场景/工具	/Volumes/AI/Codex/四川麻将工程_20260701_v2/scripts/ui/presentation/PresentationEventLayer.gd	36	fb842aa8269ba3153ffbcf5e3c6a10208270b2951446fd9a0820458573613bb5	静态索引；重点精读范围见主报告
四川	源码/场景/工具	/Volumes/AI/Codex/四川麻将工程_20260701_v2/scripts/ui/TileButton.gd	388	3a37f6e226dd5d49d6369c5877be95e3b17b81b97ac617c4a6cb395e6992a0cc	静态索引；重点精读范围见主报告
四川	源码/场景/工具	/Volumes/AI/Codex/四川麻将工程_20260701_v2/scripts/ui/AIAssistant.gd	726	9686782f0b6b344a4851fb082b55a045b894082938a6bc31415263e6f3e8c733	静态索引；重点精读范围见主报告
四川	源码/场景/工具	/Volumes/AI/Codex/四川麻将工程_20260701_v2/scripts/ui/MahjongTile.gd	15	2e9f415e387b2da238583bc0ce368b1c487583b29b2bd9578c94258034b30009	静态索引；重点精读范围见主报告
四川	源码/场景/工具	/Volumes/AI/Codex/四川麻将工程_20260701_v2/scripts/ui/MahjongTile3D.gd	198	ca41bfe617a02e62620cb78222413815ba04d2c86e45a3bc84a5a39ce9015e77	静态索引；重点精读范围见主报告
四川	源码/场景/工具	/Volumes/AI/Codex/四川麻将工程_20260701_v2/scripts/ui/TileVisual2D.gd	555	55c77511d8c803c8f65f2d69f0d56f4a3d3098905bfd01cceddace371aa70dfe	静态索引；重点精读范围见主报告
四川	源码/场景/工具	/Volumes/AI/Codex/四川麻将工程_20260701_v2/tests/ai_pressure_benchmark.gd	889	c574d7e201bfc7f20c5de6623e78dd66ee1624c93b2a64a03a8e86b5ecd20610	静态索引；重点精读范围见主报告
四川	文档	/Volumes/AI/Codex/四川麻将工程_20260701_v2/设计文档/骨灰级AI升级设计方案_v1.md	454	c77bc655eef6972103733e8b11daca1fd0364c321ef780ba8d6093c7a314068a	静态索引；重点精读范围见主报告
四川	文档	/Volumes/AI/Codex/四川麻将工程_20260701_v2/设计文档/当前工程架构与设计.md	118	75cbc09d83057ed0ccbb3ee43ce85ade4d2dab5222febde05a773ebb4ec2acfc	静态索引；重点精读范围见主报告
四川	文档	/Volumes/AI/Codex/四川麻将工程_20260701_v2/设计文档/README.md	10	642a14977923bf045bf1b7073788ce73a06d6079c78745efa711d85b0b2f4759	静态索引；重点精读范围见主报告
四川	文档	/Volumes/AI/Codex/四川麻将工程_20260701_v2/设计文档/四川麻将老手AI理论规则与牌例测试对照_v1.md	119	31a6d65d0206d9055697d4bb7d0fc6cf7cf11f9ab65e62f792c46be5b4113c4d	静态索引；重点精读范围见主报告
四川	源码/场景/工具	/Volumes/AI/Codex/四川麻将工程_20260701_v2/scripts/ui/CircularActionButtonOverlay.gd	172	38f6a57994237013fc2416f837518da7fb6615b464988dc26be6b0398f7da97a	静态索引；重点精读范围见主报告
四川	源码/场景/工具	/Volumes/AI/Codex/四川麻将工程_20260701_v2/scripts/ui/TableMaterialOverlay.gd	386	834bd92d89564299ac15809da762a37998635b81c2f2aa3002761366548d66ae	静态索引；重点精读范围见主报告
四川	文档	/Volumes/AI/Codex/四川麻将工程_20260701_v2/omx-explore-harness-aarch64-apple-darwin/README.md	367	b0a678618f71b292df377f4f82074a37bd6b7dfbdc8245a06b1eeb304c37e06a	静态索引；重点精读范围见主报告
四川	文档	/Volumes/AI/Codex/四川麻将工程_20260701_v2/omx-explore-harness-aarch64-apple-darwin/CHANGELOG.md	1499	34c3b8c6a5aa022cdeb09cd9e39171ff5e109d44ea880ea7acffbc81e8543026	静态索引；重点精读范围见主报告
四川	源码/场景/工具	/Volumes/AI/Codex/四川麻将工程_20260701_v2/scripts/ui/table/TableDiscardLayer.gd	305	b947fd383251a3df5aebcf78b54fb4adcfa2818927eae014eb9fe14881088656	静态索引；重点精读范围见主报告
四川	源码/场景/工具	/Volumes/AI/Codex/四川麻将工程_20260701_v2/scripts/ui/table/SichuanTableSkinCatalog.gd	155	d1320c0b34feb27b243f84dd23ade9723c823989ba8c9a9670af9a2566b1793f	静态索引；重点精读范围见主报告
四川	源码/场景/工具	/Volumes/AI/Codex/四川麻将工程_20260701_v2/scripts/ui/table/TableActionBar.gd	515	27aa1d72faa7a20afb48a36e0674a40e9ac1446a6f63a0ba9cf4bf16bc7b376d	静态索引；重点精读范围见主报告
四川	源码/场景/工具	/Volumes/AI/Codex/四川麻将工程_20260701_v2/scripts/ui/table/SichuanVoiceCatalog.gd	49	7c995f15cddb1c6d4e7a3f2953c44d0271bbfc4ac3f1f66b7b695b71f9533d81	静态索引；重点精读范围见主报告
四川	源码/场景/工具	/Volumes/AI/Codex/四川麻将工程_20260701_v2/scripts/ui/table/SichuanTableTheme.gd	242	2b6228bc74abdaef2a79d35f8c06828a2451f96be37fed0807df82971b07391b	静态索引；重点精读范围见主报告
四川	源码/场景/工具	/Volumes/AI/Codex/四川麻将工程_20260701_v2/scripts/ui/table/SichuanTableSkinPanel.gd	305	e19ab381d5dc134884bfcae97e234f36499f5c3ff5c217fb85b8a00ab8ee3b6f	静态索引；重点精读范围见主报告
四川	源码/场景/工具	/Volumes/AI/Codex/四川麻将工程_20260701_v2/scripts/ui/table/SichuanVoiceSelectPanel.gd	336	db258821b374e5859d87221d190ca02e056069f37ac5784f9d7349b62bca09f9	静态索引；重点精读范围见主报告
四川	源码/场景/工具	/Volumes/AI/Codex/四川麻将工程_20260701_v2/scripts/ui/table/SichuanCraftPanel.gd	138	7cb02adb2ee27e4493e7483b0945c73e19897ff6e15910fb1cc1cb8959c6603d	静态索引；重点精读范围见主报告
四川	源码/场景/工具	/Volumes/AI/Codex/四川麻将工程_20260701_v2/scripts/ui/table/SettlementOverlay.gd	406	4c1cc5b67da149c59b7ca8811174ce15478ae137ea6d4bdd89e6e7062840c0bb	静态索引；重点精读范围见主报告
四川	源码/场景/工具	/Volumes/AI/Codex/四川麻将工程_20260701_v2/scripts/ui/table/TableUtilityBar.gd	486	a1aa384b2993c98b84e985da93ab1f4ae92a5d87d24cd0cc9c018cf0fa65815c	静态索引；重点精读范围见主报告
四川	源码/场景/工具	/Volumes/AI/Codex/四川麻将工程_20260701_v2/scripts/ui/table/SichuanTileStyle.gd	45	61e3b1af77df85f7e9dcf1cec7866c6c53c0714fa7253f27195b41096cb805e8	静态索引；重点精读范围见主报告
四川	源码/场景/工具	/Volumes/AI/Codex/四川麻将工程_20260701_v2/scripts/ui/table/SeatHUD.gd	488	ccf580c56f238b40e5bf53a0bec0514882475bbcc1458a1ae9aaaaf2a9927977	静态索引；重点精读范围见主报告
四川	源码/场景/工具	/Volumes/AI/Codex/四川麻将工程_20260701_v2/scripts/ui/table/CenterCompassVisual.gd	77	c18e8fc160bb6131a2fbdf07a0ce67f969838d4769cc8326e757deccd6d01a00	静态索引；重点精读范围见主报告
四川	源码/场景/工具	/Volumes/AI/Codex/四川麻将工程_20260701_v2/scripts/ui/table/SettlementCloudFrame.gd	60	a70010904c95723b81afac11bcba85a8f67641e283c6a867a6b06f702c67a9ec	静态索引；重点精读范围见主报告
四川	源码/场景/工具	/Volumes/AI/Codex/四川麻将工程_20260701_v2/scripts/ui/table/SafeAreaLayout.gd	53	bc8d4a3a937a8144908a77e7cc10f49f8936a0fa13ff1d60992261b3f80a9ddb	静态索引；重点精读范围见主报告
四川	源码/场景/工具	/Volumes/AI/Codex/四川麻将工程_20260701_v2/scripts/ui/table/SichuanTableMetrics.gd	147	016c16dbceced33c32a54aa377c23452c19ebcf17a0fae0515337d445ec29e99	静态索引；重点精读范围见主报告
四川	源码/场景/工具	/Volumes/AI/Codex/四川麻将工程_20260701_v2/scripts/ui/table/CenterTurnIndicator.gd	169	b9bcdfcf6551edba148c652ecbb9cc2c213ed64e657068857bc09c4a260c678c	静态索引；重点精读范围见主报告
四川	源码/场景/工具	/Volumes/AI/Codex/四川麻将工程_20260701_v2/scripts/ui/table/DingQueBadge.gd	56	07ee9ada19b0fc31e66864d0f0b56e2e9adf32d335d327462f4c6f9a24942447	静态索引；重点精读范围见主报告
四川	源码/场景/工具	/Volumes/AI/Codex/四川麻将工程_20260701_v2/scripts/ui/table/SeatAvatarMedallion.gd	102	25aaeb72ca00c9133584ced1a1ffa55eca208cb99fca43ce5fb65ec48d0559b1	静态索引；重点精读范围见主报告
四川	源码/场景/工具	/Volumes/AI/Codex/四川麻将工程_20260701_v2/scripts/ui/PlayerHandViewport.gd	281	d5a881d3e639a09d804f36114c51b5442dd334c52934baef340693184d5f1a65	静态索引；重点精读范围见主报告
四川	源码/场景/工具	/Volumes/AI/Codex/四川麻将工程_20260701_v2/scripts/ui/UIStyleConfig.gd	258	345ad6c0069e684d8e30119e379b54a6b3e6561c332d358e0349fe5acd874252	静态索引；重点精读范围见主报告
四川	文档	/Volumes/AI/Codex/四川麻将工程_20260701_v2/archive/historical_docs/design_readme_neijiang_20260522.md	82	ebbc41c1961839d02cdc940b6c84bc0c627d2e8d50feb5661f3de3e4793aecd4	静态索引；重点精读范围见主报告
四川	文档	/Volumes/AI/Codex/四川麻将工程_20260701_v2/archive/historical_docs/handoff_neijiang_20260522.md	256	3d38efda9d0178b6b7178ee36bfdd0c9c5dac3512d0bdaae18e8350581742b10	静态索引；重点精读范围见主报告
四川	文档	/Volumes/AI/Codex/四川麻将工程_20260701_v2/archive/historical_docs/README.md	4	6831433796becfa8fb7916b58e302985b7ef809490e8a5a0c907f1cdcd1c3121	静态索引；重点精读范围见主报告
四川	文档	/Volumes/AI/Codex/四川麻将工程_20260701_v2/archive/historical_docs/backlog_neijiang_20260522.md	353	27b4d25a45528185bee5bf0a9a5c39ee64843e330f316daa85f5a93010cf1eca	静态索引；重点精读范围见主报告
四川	源码/场景/工具	/Volumes/AI/Codex/四川麻将工程_20260701_v2/scripts/ui/3d/SichuanTableStage3D.gd	1786	6a304d72d8249332a535a87885ba432920b2ace0bca788b85cc8ef4fc43740b4	静态索引；重点精读范围见主报告
四川	源码/场景/工具	/Volumes/AI/Codex/四川麻将工程_20260701_v2/scripts/ui/3d/SichuanTile3D.gd	842	911974109867394d3143c7e29a7c7545033650097d5eedcdee7cf0574049ee0d	静态索引；重点精读范围见主报告
四川	源码/场景/工具	/Volumes/AI/Codex/四川麻将工程_20260701_v2/scripts/ui/HandCanvas2D.gd	798	fa5b26bd012f029b75323572060ad016ee28defc6ed2f44589f57ac96f3552c8	静态索引；重点精读范围见主报告
四川	源码/场景/工具	/Volumes/AI/Codex/四川麻将工程_20260701_v2/scripts/ui/PlayerUI.gd	1471	e8ef5ad5306eceeb6829ef255d13f78d497ae00b3f307f2b9f21bdb2f0ab9ad4	静态索引；重点精读范围见主报告
四川	源码/场景/工具	/Volumes/AI/Codex/四川麻将工程_20260701_v2/scripts/ui/HandStage3D.gd	170	32e808e93032794a6cb22c97b10336ec269e7e829dc3a0fc291353ab61a7f44f	静态索引；重点精读范围见主报告
四川	源码/场景/工具	/Volumes/AI/Codex/四川麻将工程_20260701_v2/scripts/ui/DiceFace.gd	98	b37c2f62f8812384ebf02c98eba69ce7d5e3cbc98648c9b97b48baa31da5d540	静态索引；重点精读范围见主报告
四川	文档	/Volumes/AI/Codex/四川麻将工程_20260701_v2/规则文档_判定器_测试对照清单_v1.md	104	2277364ebca30041403f1a564e6bdbaccf00fb1a90adb5ae5ba58e8883011b2d	静态索引；重点精读范围见主报告
四川	源码/场景/工具	/Volumes/AI/Codex/四川麻将工程_20260701_v2/dotnet/AI.Core.Smoke/Program.cs	3083	e3caecc7fd06f08f7c912f3fb4ed9abcbda4a4ea1a4585d71fcd1c1df91d2146	静态索引；重点精读范围见主报告
四川	源码/场景/工具	/Volumes/AI/Codex/四川麻将工程_20260701_v2/dotnet/AI.Core.Smoke/SingleLaneSmoke.cs	106	de649bddb4ab7f5dcbfafc9a669cc64c14678ad9ab9a3ca378c2650bcd31f93a	静态索引；重点精读范围见主报告
四川	源码/场景/工具	/Volumes/AI/Codex/四川麻将工程_20260701_v2/dotnet/AI.Core.Smoke/SichuanTheorySmoke.cs	677	6fa7c0d618b7f7f774ee16028361d5056178e4fa0e4278327a2083fd52ea2756	静态索引；重点精读范围见主报告
四川	源码/场景/工具	/Volumes/AI/Codex/四川麻将工程_20260701_v2/dotnet/AI.Core.Smoke/RoundBrainSmoke.cs	95	a9708a62fc99a2a2082dc34dcb4b43a6dd7f82a8ac3417bd877db206b2f49c54	静态索引；重点精读范围见主报告
四川	源码/场景/工具	/Volumes/AI/Codex/四川麻将工程_20260701_v2/dotnet/AI.Core.Smoke/AI.Core.Smoke.csproj	11	1ebc84759e1e47351206e187fc44294e5ceec73e4f20344bd2c2e9e6a3a8c673	静态索引；重点精读范围见主报告
四川	文档	/Volumes/AI/Codex/四川麻将工程_20260701_v2/docs/sichuan_lan_execution_20260920.md	116	89f6d6fb760430813d6fa59762e0e7e2bc5c070844f55b5a686f1abc1e11c09c	静态索引；重点精读范围见主报告
四川	文档	/Volumes/AI/Codex/四川麻将工程_20260701_v2/docs/AI_COURSE_TEMPO_UKEIRE_ALIGNMENT_20260910.md	87	af5b8768571e2c7b20381308ee9417732728e4f0ca468a53d2df53c1e49a1c31	静态索引；重点精读范围见主报告
四川	文档	/Volumes/AI/Codex/四川麻将工程_20260701_v2/.codex/skills/sichuan-mahjong-video-deep-learning/SKILL.md	108	79eed288dba6685d31286b1b5fc7360e32f09871625b5681e2649dd9c0d34fa6	静态索引；重点精读范围见主报告
四川	文档	/Volumes/AI/Codex/四川麻将工程_20260701_v2/archive/legacy_table/README.md	8	840dfe376379727d28624999d792f11dd18686542645ababa5c559269e4d9393	静态索引；重点精读范围见主报告
四川	源码/场景/工具	/Volumes/AI/Codex/四川麻将工程_20260701_v2/dotnet/AI.Core.Cli/Program.cs	1263	526c5360e51de543916d73083cd0b98afbe688b2760983126991e62b24980eb5	静态索引；重点精读范围见主报告
四川	源码/场景/工具	/Volumes/AI/Codex/四川麻将工程_20260701_v2/dotnet/AI.Core.Cli/AI.Core.Cli.csproj	11	1ebc84759e1e47351206e187fc44294e5ceec73e4f20344bd2c2e9e6a3a8c673	静态索引；重点精读范围见主报告
四川	源码/场景/工具	/Volumes/AI/Codex/四川麻将工程_20260701_v2/scripts/ui/network/lan_probe.gd	189	c5800a962a741c34b9f0436a921d4eca30657febe6d09d55526d1d52fdf5e2d3	静态索引；重点精读范围见主报告
四川	源码/场景/工具	/Volumes/AI/Codex/四川麻将工程_20260701_v2/scripts/ui/network/lan_room_ui.gd	380	6fce880852f40e0db1bfd41361d730dac8db15cb93b10f077574d3edb88ca03a	静态索引；重点精读范围见主报告
四川	源码/场景/工具	/Volumes/AI/Codex/四川麻将工程_20260701_v2/scripts/ui/network/game_mode_select.gd	440	239cde5f7ed7af7d76199abd55042f4cd6ca1093a27b7bfc9ec29ee7a1add220	静态索引；重点精读范围见主报告
四川	文档	/Volumes/AI/Codex/四川麻将工程_20260701_v2/docs/superpowers/specs/2026-05-07-v17-green-soft-3d-implementation.md	34	c4ac65320e3cdc6386c683c860b77c4e102d712df4bfaea156bdd66f5d0b2be2	静态索引；重点精读范围见主报告
四川	文档	/Volumes/AI/Codex/四川麻将工程_20260701_v2/docs/superpowers/specs/2026-08-08-tactile-felt-matte-counter-natural-draw-design.md	136	6a350b7bc1cf1736e4bf3bcd31b77363d2cc2d7b2a5983de32fc077fdc51f571	静态索引；重点精读范围见主报告
四川	文档	/Volumes/AI/Codex/四川麻将工程_20260701_v2/docs/superpowers/specs/2026-05-10-mahjong-table-3d-luxury-polish-design.md	217	3b4bfdd63d66519eace53a679207209b2442cdb8dcbbee2d68e87eb6944c9ff4	静态索引；重点精读范围见主报告
四川	文档	/Volumes/AI/Codex/四川麻将工程_20260701_v2/docs/superpowers/specs/2026-05-07-v17-table-ui-redesign-design.md	637	3d4bb1b86688b29b0911678fec74df3605dc8ba13e80886c609bf9dfb6cf2511	静态索引；重点精读范围见主报告
四川	文档	/Volumes/AI/Codex/四川麻将工程_20260701_v2/docs/superpowers/specs/2026-08-07-splash-matched-felt-design.md	129	87775677dad464bbf49250987b46126e0adf81c284759c0de7743365da4b45ef	静态索引；重点精读范围见主报告
四川	文档	/Volumes/AI/Codex/四川麻将工程_20260701_v2/docs/superpowers/specs/2026-05-07-v17-final-template-visual-brief.md	217	7f95f009c9e3072b6527f9c6d4130012457d925892bd8c252a0dfb3144446bd4	静态索引；重点精读范围见主报告
四川	文档	/Volumes/AI/Codex/四川麻将工程_20260701_v2/docs/superpowers/specs/2026-08-08-clean-short-nap-felt-and-regression-policy-design.md	178	c67a68d35e650eec864c4233039e0caa8eccdfb955e82691ba47baf6855698e2	静态索引；重点精读范围见主报告
四川	文档	/Volumes/AI/Codex/四川麻将工程_20260701_v2/docs/superpowers/specs/2026-05-12-jade-realistic-tile-redesign-design.md	268	b8a2dd2640c68a9a19403226f155812c7e7a6f27a8ceedab90032fdec0beae09	静态索引；重点精读范围见主报告
四川	文档	/Volumes/AI/Codex/四川麻将工程_20260701_v2/docs/superpowers/plans/2026-07-15-四川麻将紧凑立体牌桌重排实施计划.md	267	7282016320b23a78b2a4ccbc67537dd48ebcdb0f62789185e010b7850249155c	静态索引；重点精读范围见主报告
四川	文档	/Volumes/AI/Codex/四川麻将工程_20260701_v2/docs/superpowers/plans/2026-08-07-splash-matched-felt.md	370	29e3b937a156b3300cd002f3398187425b701e19ad1c317b8b558ae1a2d2cdff	静态索引；重点精读范围见主报告
四川	文档	/Volumes/AI/Codex/四川麻将工程_20260701_v2/docs/superpowers/plans/2026-07-13-四川麻将16份PDF学习成果落地修正方案.md	470	96ef042f005c9ab59c795f8abdfa94ed0a22daca069cb62c85a43362f92d9649	静态索引；重点精读范围见主报告
四川	文档	/Volumes/AI/Codex/四川麻将工程_20260701_v2/docs/superpowers/plans/2026-05-14-neijiang-ai-counting-model-roadmap.md	496	9f35c9ff4f7e5141625251e006ff97a21b5a00412fb07589528763ff50cf49b1	静态索引；重点精读范围见主报告
四川	文档	/Volumes/AI/Codex/四川麻将工程_20260701_v2/docs/superpowers/plans/2026-05-12-jade-realistic-tile-redesign.md	445	99d8e451404ed497fb9c2925dfd988faecbbff87fbb956235107409607e7369e	静态索引；重点精读范围见主报告
四川	文档	/Volumes/AI/Codex/四川麻将工程_20260701_v2/docs/superpowers/plans/2026-08-08-tactile-felt-matte-counter-natural-draw-2-6-33.md	466	a4496c6420efadfa4411d4bdb5b16834685bdef46afe9c2929683310a8711766	静态索引；重点精读范围见主报告
四川	文档	/Volumes/AI/Codex/四川麻将工程_20260701_v2/docs/superpowers/plans/2026-08-08-clean-short-nap-felt-and-ios-2-6-31.md	426	2dab53888b0f5800926a6324720683c2cea7c98b955dbbc49cc9c95fa37bfd6a	静态索引；重点精读范围见主报告
四川	文档	/Volumes/AI/Codex/四川麻将工程_20260701_v2/docs/superpowers/plans/2026-07-14-四川麻将成熟牌桌UI改造实施计划.md	876	8de581e18e11207b25a35258f989594611c933e9eef7c27956ace8a78c57fe01	静态索引；重点精读范围见主报告
四川	文档	/Volumes/AI/Codex/四川麻将工程_20260701_v2/docs/superpowers/plans/2026-05-10-mahjong-table-3d-luxury-polish.md	449	65a1da1d5ce44d350e5d01ba1fe04325eadad22619753b811d48946a3af6eb5c	静态索引；重点精读范围见主报告
四川	文档	/Volumes/AI/Codex/四川麻将工程_20260701_v2/research/sichuan_course_image_learning/README.md	16	4eb098db6f1962a3d8ee59e9979fd874166cf8a37f005ec63a64a25f46cc477e	静态索引；重点精读范围见主报告
四川	文档	/Volumes/AI/Codex/四川麻将工程_20260701_v2/research/sichuan_course_image_learning/capability-merge.md	52	c31a8eddf14262ff7fd887b8537d3e3d9bc79e788388a98a7567ef7fa649634d	静态索引；重点精读范围见主报告
四川	文档	/Volumes/AI/Codex/四川麻将工程_20260701_v2/research/sichuan_course_image_learning/exercise-audit-v2.md	32	8baecc6a5c606556bec79fb7e08775c5a7127b2952fed0cba4ccfdea066f14a3	静态索引；重点精读范围见主报告
四川	文档	/Volumes/AI/Codex/四川麻将工程_20260701_v2/research/sichuan_course_image_learning/systematic-mastery-v2.md	129	246d25d1755660cbbf8dd8a5701ae1fac075af2e0a702aaa97a1831a68a77443	静态索引；重点精读范围见主报告
四川	文档	/Volumes/AI/Codex/四川麻将工程_20260701_v2/docs/sichuan_updates_for_neijiang_20260815_20260914.md	125	ae14237cbfc1fd9d0f06e142e6ffb1c5c9e2e8b5fc528d75b616309c89921389	静态索引；重点精读范围见主报告
四川	文档	/Volumes/AI/Codex/四川麻将工程_20260701_v2/docs/neijiang_migration_plan_20260914.md	162	78a265a9c6a552468ca8c2d9c24376883f2a0319f41344401936868a13ee8822	静态索引；重点精读范围见主报告
四川	源码/场景/工具	/Volumes/AI/Codex/四川麻将工程_20260701_v2/tests/current/SichuanDenseTableLayoutRunner.gd	235	04eb4507ea371d61b650262708da0425664624d889e0350b371e7cc8065350a1	静态索引；重点精读范围见主报告
四川	源码/场景/工具	/Volumes/AI/Codex/四川麻将工程_20260701_v2/tests/current/SichuanTableSkinTouchRunner.gd	89	f7fc865812bfd83f6b700499051e5f4738ec0253d934669822d0dcbaeef63f8a	静态索引；重点精读范围见主报告
四川	源码/场景/工具	/Volumes/AI/Codex/四川麻将工程_20260701_v2/tests/current/SichuanIosFontRegressionRunner.gd	323	55801b766e5cabd5a0db8f2ff6262760949de90c42ae22c3a71fe179ec57c6ac	静态索引；重点精读范围见主报告
四川	源码/场景/工具	/Volumes/AI/Codex/四川麻将工程_20260701_v2/tests/current/SichuanHudStateIntegrityRunner.gd	488	de7149255b3cbf57807593f96405b494976a15ebef952398faafc7fc57d0ac20	静态索引；重点精读范围见主报告
四川	源码/场景/工具	/Volumes/AI/Codex/四川麻将工程_20260701_v2/tests/current/SichuanLanTransportRunner.gd	50	c7fddf9a30327742b858611f15d2345e408abdae46dac1306670487d861c2109	静态索引；重点精读范围见主报告
四川	源码/场景/工具	/Volumes/AI/Codex/四川麻将工程_20260701_v2/tests/current/SichuanSingleLaneRuntimeRunner.gd	60	44013493ebb216702e50e6f2e4181a3af60cc9c98d0f71c062f638f4ceeb9350	静态索引；重点精读范围见主报告
四川	源码/场景/工具	/Volumes/AI/Codex/四川麻将工程_20260701_v2/tests/current/SichuanRoomProtocolPrivacyRunner.gd	37	9d3c94cb926122af94713d1749c19f4f14ceb8bf363b2a540202fb67edb61008	静态索引；重点精读范围见主报告
四川	源码/场景/工具	/Volumes/AI/Codex/四川麻将工程_20260701_v2/tests/current/SichuanLanSettlementParityRunner.gd	59	4505b4895da31bb37e55b0afd94b4024f28a508da8dc69769bc2fc8880387e84	静态索引；重点精读范围见主报告
四川	源码/场景/工具	/Volumes/AI/Codex/四川麻将工程_20260701_v2/tests/current/Sichuan3DTableStageRunner.gd	1684	96b9ba9faacf9ee4d05ed0f60639b44f0e4a4172690e268505314e074a333301	静态索引；重点精读范围见主报告
四川	源码/场景/工具	/Volumes/AI/Codex/四川麻将工程_20260701_v2/tests/current/SichuanLanRoomSessionRunner.gd	95	720b937c72a08e9409b48fc7033ac234ddcee6c9ec20d8b1ce4bf68c63a93eb5	静态索引；重点精读范围见主报告
四川	源码/场景/工具	/Volumes/AI/Codex/四川麻将工程_20260701_v2/tests/current/SichuanLanSeatControllerRunner.gd	31	3b50136351caec36d8343563416f57bb21da9c58e9fef200ff990e7a22536696	静态索引；重点精读范围见主报告
四川	源码/场景/工具	/Volumes/AI/Codex/四川麻将工程_20260701_v2/tests/current/SichuanFinalSettlementAcceptanceRunner.gd	417	8d2e464ecc6a0095fafd80895e2123d0f9abfdec9aff8e3a009f0bd22610b423	静态索引；重点精读范围见主报告
四川	源码/场景/工具	/Volumes/AI/Codex/四川麻将工程_20260701_v2/tests/current/SichuanDealerRotationRunner.gd	41	c20088db3de2b625cc63ea2f549ad7fa6e988b27c2c7cbbe4999cfa9ebd6152e	静态索引；重点精读范围见主报告
四川	源码/场景/工具	/Volumes/AI/Codex/四川麻将工程_20260701_v2/tests/current/SichuanLanDisconnectRunner.gd	50	ebfd1616b8f2f1ebc86c3629b9d779db72474c669bdc32fb4506e37770358a4a	静态索引；重点精读范围见主报告
四川	源码/场景/工具	/Volumes/AI/Codex/四川麻将工程_20260701_v2/tests/current/SichuanSeatSessionRunner.gd	41	6ee62024657ec3571c4f931c3af29b7f885d719cc19ea123bc59a97dca4e9951	静态索引；重点精读范围见主报告
四川	源码/场景/工具	/Volumes/AI/Codex/四川麻将工程_20260701_v2/tests/current/SichuanEmeraldUIShellAssetRunner.gd	89	1f7d704bc6d9cbb8a5898050434ce58e23506e4d25a561455ce58d11e759b429	静态索引；重点精读范围见主报告
四川	源码/场景/工具	/Volumes/AI/Codex/四川麻将工程_20260701_v2/tests/current/SichuanMatchAuthorityRunner.gd	31	ba4aaeefd4de88699022ec848fb65b22d7848cc5edb74d1e461a8695260c84a1	静态索引；重点精读范围见主报告
四川	源码/场景/工具	/Volumes/AI/Codex/四川麻将工程_20260701_v2/tests/current/SichuanClientGameManagerRunner.gd	44	7c386a7f1851b22d4e0d25d56afe64bb2c337d484317ce038fd35c0e65de8f79	静态索引；重点精读范围见主报告
四川	源码/场景/工具	/Volumes/AI/Codex/四川麻将工程_20260701_v2/tests/current/SichuanIndependentJudgeRegressionRunner.gd	64	59facb27ae53fde911ba31bdf304b836f718815cbabb7b1a83408101841a41e1	静态索引；重点精读范围见主报告
四川	源码/场景/工具	/Volumes/AI/Codex/四川麻将工程_20260701_v2/tests/current/SichuanRestoredUiRegressionRunner.gd	788	624e727fdbb04c68c2286ffea8e3aa3b45d1a1e6c619fcf7f9be6e934ac33e19	静态索引；重点精读范围见主报告
四川	源码/场景/工具	/Volumes/AI/Codex/四川麻将工程_20260701_v2/tests/current/sichuan_ding_que_regression.gd	332	a098837d9e13ed96dc34ffca0b8864f91698cba2cf4e72b2c097c3cfdd44add1	静态索引；重点精读范围见主报告
四川	源码/场景/工具	/Volumes/AI/Codex/四川麻将工程_20260701_v2/tests/current/SichuanRuleRegressionRunner.gd	1599	b526deecc564194eaf7e292492fd3f535bad1611e972ff1c654ef6d249ed49ce	静态索引；重点精读范围见主报告
四川	源码/场景/工具	/Volumes/AI/Codex/四川麻将工程_20260701_v2/tests/current/SichuanMeldRootFixRunner.gd	37	c5054610f9db68754315024ec6f081cf0ea621e80e425328e9bc7af108433901	静态索引；重点精读范围见主报告
四川	源码/场景/工具	/Volumes/AI/Codex/四川麻将工程_20260701_v2/tests/current/SichuanTableSkinRunner.gd	238	64a9c2d4b1109f2bc6dde6b8ad65389eb6728e54d54edbe88ec1dd73f5a727bf	静态索引；重点精读范围见主报告
四川	源码/场景/工具	/Volumes/AI/Codex/四川麻将工程_20260701_v2/tests/current/SichuanVersionConsistencyRunner.gd	50	516fba8bfd439440c127530b186f8055a8602b7b0dc2b095eb265cee98ade19a	静态索引；重点精读范围见主报告
四川	源码/场景/工具	/Volumes/AI/Codex/四川麻将工程_20260701_v2/tests/current/Sichuan3DFallbackRunner.gd	38	48665409e9137327bc3c1e6d7e0660de2020e733fb2fa2a23a962f3c32b51467	静态索引；重点精读范围见主报告
四川	源码/场景/工具	/Volumes/AI/Codex/四川麻将工程_20260701_v2/tests/current/SichuanFinalMotionAcceptanceRunner.gd	394	a03ae30047614eb1286f68ffcca82e4d8fd59ad97482b2c5b4bf9324fffbc30f	静态索引；重点精读范围见主报告
四川	源码/场景/工具	/Volumes/AI/Codex/四川麻将工程_20260701_v2/tests/current/SichuanMobilePowerProfileRunner.gd	98	10f388d04aed7b6a25b46e9a1f83e82fecd8dea14c0a8a05d0e7bb21d02fc7ad	静态索引；重点精读范围见主报告
四川	源码/场景/工具	/Volumes/AI/Codex/四川麻将工程_20260701_v2/tests/current/SichuanLatestDiscardRotationRunner.gd	39	4ea4939d404f5764168a5185b79bdee6eb1a6a7ce6369fed44b90c81c3332a83	静态索引；重点精读范围见主报告
四川	源码/场景/工具	/Volumes/AI/Codex/四川麻将工程_20260701_v2/tests/current/SichuanCameraCompositionRunner.gd	290	fe58a52eb977e369ddf787f788d5e0846089ad483dc2140561cf2bf4a905ab6f	静态索引；重点精读范围见主报告
四川	源码/场景/工具	/Volumes/AI/Codex/四川麻将工程_20260701_v2/tests/current/SichuanPresentationDirectorRunner.gd	270	a001f463401b6ffede96b9081c255e1ba8f0bdc609000930598e69164017c63a	静态索引；重点精读范围见主报告
四川	源码/场景/工具	/Volumes/AI/Codex/四川麻将工程_20260701_v2/tests/current/SichuanLanDiscoveryRunner.gd	29	6127ab6f029c10d8dbea24f31388a300ec9136231bf37dedb825f2e5847aa8fd	静态索引；重点精读范围见主报告
四川	源码/场景/工具	/Volumes/AI/Codex/四川麻将工程_20260701_v2/tests/current/SichuanTableLayoutContractRunner.gd	300	7a99158f547510d9917b9c93914463ad0b57f614e249221115999e1670ca3c6a	静态索引；重点精读范围见主报告
四川	源码/场景/工具	/Volumes/AI/Codex/四川麻将工程_20260701_v2/tests/current/SichuanPremiumTableVisualContractRunner.gd	354	3f464fb548f882499ce921d743fde3a9d30594c7b86407cc00c5e50b67477b0d	静态索引；重点精读范围见主报告
四川	源码/场景/工具	/Volumes/AI/Codex/四川麻将工程_20260701_v2/tests/current/SichuanLanEntryRunner.gd	27	6e18b3299335c9180543313ac2982ed1dbfc6e361bff56b3e8d886b1a7181fdc	静态索引；重点精读范围见主报告
四川	源码/场景/工具	/Volumes/AI/Codex/四川麻将工程_20260701_v2/tests/current/SichuanUiSixIssuesRunner.gd	342	27e22968fe823cfde013cf699700b695dd2d4709e08fa86d77efd80e88d51e1b	静态索引；重点精读范围见主报告
四川	源码/场景/工具	/Volumes/AI/Codex/四川麻将工程_20260701_v2/tests/current/SichuanLanRoomUiRunner.gd	134	da32e4ebdc3ff803c85bdd53dd886ef6194f19b3f463f187002846b1216becde	静态索引；重点精读范围见主报告
四川	源码/场景/工具	/Volumes/AI/Codex/四川麻将工程_20260701_v2/tests/current/SichuanActionBarLayoutRunner.gd	170	02830ac5df364a8b641830a844d0d947d418b38567551eefa18516e927d4b8ee	静态索引；重点精读范围见主报告
四川	源码/场景/工具	/Volumes/AI/Codex/四川麻将工程_20260701_v2/tests/current/SichuanTileVisualQualityRunner.gd	344	547e8039d9afa485b7103c73bddb58eaa95ed622179d34f3cdd796bb57312f81	静态索引；重点精读范围见主报告
四川	源码/场景/工具	/Volumes/AI/Codex/四川麻将工程_20260701_v2/tests/current/SichuanSourceArrowFallbackRunner.gd	65	8595e3e55882145456323190a50615e76af74e2601d88f32be8d751cb289af7e	静态索引；重点精读范围见主报告
四川	源码/场景/工具	/Volumes/AI/Codex/四川麻将工程_20260701_v2/tests/current/SichuanDiscardLandingSequenceRunner.gd	142	63f6986e1366246e356b1ce1eae9d46f9c27551bf1e76f82e0c20f150f64f371	静态索引；重点精读范围见主报告
四川	源码/场景/工具	/Volumes/AI/Codex/四川麻将工程_20260701_v2/tests/current/SichuanTableMaterialQualityRunner.gd	218	36c39fc055f499e785e4d1ee8fd3d2bb107f6ec8f3c1f86ba39f9fb39e9aca32	静态索引；重点精读范围见主报告
四川	源码/场景/工具	/Volumes/AI/Codex/四川麻将工程_20260701_v2/tests/current/SichuanGameModeSelectRunner.gd	38	51c91983cef1c3e01ef729ae310aed04a3276df05dbb9e0e13c4fee795c93df3	静态索引；重点精读范围见主报告
四川	源码/场景/工具	/Volumes/AI/Codex/四川麻将工程_20260701_v2/tests/current/SichuanTileAssetRegressionRunner.gd	129	94dca60017ed9782cdf77c3598177c5f7cddb1ecd59658c0f557e0bfac6f9e3c	静态索引；重点精读范围见主报告
四川	源码/场景/工具	/Volumes/AI/Codex/四川麻将工程_20260701_v2/tests/current/SichuanSpatialLayoutRunner.gd	355	0e1800e7de2454946f2d1bba9e69af7560d327edb5a5b5eb8c8ce1c011aa181e	静态索引；重点精读范围见主报告
四川	源码/场景/工具	/Volumes/AI/Codex/四川麻将工程_20260701_v2/tests/current/SichuanSettlementFooterTextureRunner.gd	49	116dd98fe12b6f12d35e77be087acd69c0cb851afb09631f5789b88b6905f1ef	静态索引；重点精读范围见主报告
四川	源码/场景/工具	/Volumes/AI/Codex/四川麻将工程_20260701_v2/tests/current/SichuanHumanReactionActionRunner.gd	306	86978d53814ed7fd4f3747df5cd1eee587929c5a5528fdb2839d6837664b34c0	静态索引；重点精读范围见主报告
四川	源码/场景/工具	/Volumes/AI/Codex/四川麻将工程_20260701_v2/tests/current/SichuanLightingQualityRunner.gd	76	c9a9871ea106a587b7f324668d1391732913652ffd416d5fa48793cdf77319db	静态索引；重点精读范围见主报告
四川	源码/场景/工具	/Volumes/AI/Codex/四川麻将工程_20260701_v2/tests/current/SichuanAiExplanationUiRunner.gd	92	b5c8e0e12ce3f4d8947b92c8641a64cf86d88fc95431ed2ca9fb73170bf2d02d	静态索引；重点精读范围见主报告
四川	源码/场景/工具	/Volumes/AI/Codex/四川麻将工程_20260701_v2/tests/current/SichuanVoicePackRunner.gd	196	db255f0fb8f3b100c8bf3fda9f66b66bb01825a352dd582090ad9a91a1d0750b	静态索引；重点精读范围见主报告
四川	源码/场景/工具	/Volumes/AI/Codex/四川麻将工程_20260701_v2/tests/current/SichuanGangSelfHuSequenceRunner.gd	124	c7374a09889097620c0ab28b2f25c1d328b705c2ec00082cf32de93f216a9696	静态索引；重点精读范围见主报告
四川	源码/场景/工具	/Volumes/AI/Codex/四川麻将工程_20260701_v2/tests/current/SichuanOpeningRollRenderRunner.gd	97	fcf7cab3bb8e6a57f4c24ccadaaf19314730f2c37b9773fc48c01ba9ac0f3da4	静态索引；重点精读范围见主报告
四川	源码/场景/工具	/Volumes/AI/Codex/四川麻将工程_20260701_v2/tests/current/SplashScreenRegressionRunner.gd	65	d7d0d4dd24f2d54844f149c31c8513b6d836b87157ca44834681cc677f773b47	静态索引；重点精读范围见主报告
四川	源码/场景/工具	/Volumes/AI/Codex/四川麻将工程_20260701_v2/tests/current/SichuanTableMotionContractRunner.gd	158	deb627675679263fa64ae2c88479bd5d25e91befd5adb52de84c6731545f61b4	静态索引；重点精读范围见主报告
四川	源码/场景/工具	/Volumes/AI/Codex/四川麻将工程_20260701_v2/tests/current/SichuanUtilityModalTouchRunner.gd	75	a49514a12a9cdc2389c5631a3c30a23b5d4f96ed99fed4bf0b6dcceddcd9cbff	静态索引；重点精读范围见主报告
四川	源码/场景/工具	/Volumes/AI/Codex/四川麻将工程_20260701_v2/tests/current/SichuanSettlementUiRunner.gd	115	062ede399753103484f3dbbc82435f9c831f114e1fb06be0d84d264f5826c208	静态索引；重点精读范围见主报告
四川	源码/场景/工具	/Volumes/AI/Codex/四川麻将工程_20260701_v2/tests/current/SichuanTableTouchTargetRunner.gd	587	64c35a0f9d57dce493ad903431ee24e271e9540bc77aad81ba87598acdb2df88	静态索引；重点精读范围见主报告
四川	源码/场景/工具	/Volumes/AI/Codex/四川麻将工程_20260701_v2/tests/current/SichuanTypographyContrastRunner.gd	171	1d2e71ed36b9876183315d35af816ff7aa109b72e9d8dceca4fb414fa04547e8	静态索引；重点精读范围见主报告
四川	源码/场景/工具	/Volumes/AI/Codex/四川麻将工程_20260701_v2/tests/current/SichuanLiveReactionClickRunner.gd	169	a67af6a2eabc68c6156a4d01dd1f230d43199da85047bcd0afc79a72fc8dabc4	静态索引；重点精读范围见主报告
四川	源码/场景/工具	/Volumes/AI/Codex/四川麻将工程_20260701_v2/tests/current/SichuanCommercialMaturityVisualRunner.gd	164	4fb548f4de0d1c87d8e4dec4c5af035eb06e8e94d2af78dcd4cf085c384f75a9	静态索引；重点精读范围见主报告
四川	源码/场景/工具	/Volumes/AI/Codex/四川麻将工程_20260701_v2/tests/current/SichuanSingleModeStartRunner.gd	44	332111f4e103917657acaef74d00c4d92e9beadd4a49f362fb4d0fcbd6a21e78	静态索引；重点精读范围见主报告
四川	源码/场景/工具	/Volumes/AI/Codex/四川麻将工程_20260701_v2/tests/current/SichuanWinningSourceViewRunner.gd	76	23b72076be4a81617327401e808f077ef2a6bc1cda03f3cf34a28144363d105f	静态索引；重点精读范围见主报告
四川	源码/场景/工具	/Volumes/AI/Codex/四川麻将工程_20260701_v2/tests/current/SichuanCSharpContractRunner.gd	211	cad3bf7dab733c3cd47befb42d3b1366b1fa08184979f7db2a1146c264ce7148	静态索引；重点精读范围见主报告
四川	源码/场景/工具	/Volumes/AI/Codex/四川麻将工程_20260701_v2/tests/current/sichuan_ai_pressure_benchmark.gd	1694	44fad8d3b9f54356e51912cc21d64d853ad5f26d881faea8bdeeebf54778fae3	静态索引；重点精读范围见主报告
四川	源码/场景/工具	/Volumes/AI/Codex/四川麻将工程_20260701_v2/tests/current/SichuanScoringRules20260723Runner.gd	255	2218a84ddd1a690c8df8be1f3d753fd1c34da0fcf9c89dbe20d175321e3f3202	静态索引；重点精读范围见主报告
四川	源码/场景/工具	/Volumes/AI/Codex/四川麻将工程_20260701_v2/tests/current/SichuanSnapshotBoundaryRunner.gd	56	93eacefebf2667357e0eebf1fe5f8f9e7a0d6e59a977bc468183b4788e8f885b	静态索引；重点精读范围见主报告
四川	文档	/Volumes/AI/Codex/四川麻将工程_20260701_v2/.codex/交接/归档/2026-07-16-1814-四川麻将正式UI范围确认.md	24	c893ebccbcec42460bf1bd36e2d0751781acd0ae49f76017f15d6c406b6b2fba	静态索引；重点精读范围见主报告
四川	文档	/Volumes/AI/Codex/四川麻将工程_20260701_v2/.codex/交接/当前.md	1004	6d982abf59556b7289c68e03211b59c650ee3c1aee761f9f13783b330662df98	静态索引；重点精读范围见主报告
四川	文档	/Volumes/AI/Codex/四川麻将工程_20260701_v2/docs/ai/四川麻将老手AI离线进化流程.md	48	cf162617ec7d85f8ae1d7b4889aea7e0d8ac739d8dcfc2767a0cea8c20701406	静态索引；重点精读范围见主报告
四川	源码/场景/工具	/Volumes/AI/Codex/四川麻将工程_20260701_v2/tests/tools/test_training_tools.py	491	a8ea01d0ef9cac20d3b8c1ae3a7c66e7a8a0400c8929dc169b83597d9bdbc7d8	静态索引；重点精读范围见主报告
四川	源码/场景/工具	/Volumes/AI/Codex/四川麻将工程_20260701_v2/dotnet/AI.Core/Strategy/SichuanQingYiSePlanner.cs	158	f7ad7b3730369c927e9e2954768aebdbda8ed7a649e8079ae95b6414d54b9c42	静态索引；重点精读范围见主报告
四川	源码/场景/工具	/Volumes/AI/Codex/四川麻将工程_20260701_v2/dotnet/AI.Core/Strategy/SichuanSingleLaneEvaluator.cs	186	466e8e6b90094f30cd0eb15e3d156ce1121b11906c0a9486a4730b8d2940b38c	静态索引；重点精读范围见主报告
四川	源码/场景/工具	/Volumes/AI/Codex/四川麻将工程_20260701_v2/dotnet/AI.Core/Strategy/SichuanRouteValueEvaluator.cs	40	c6ae6c6ed049555138249bc7efd00e8b65cc210179a916723f900191544a8352	静态索引；重点精读范围见主报告
四川	源码/场景/工具	/Volumes/AI/Codex/四川麻将工程_20260701_v2/dotnet/AI.Core/Strategy/SichuanTableSituationEvaluator.cs	33	523247acbcb90670d504d9e0566c5f6e34cbb4e35301c9594b7d18f6aa74e926	静态索引；重点精读范围见主报告
四川	源码/场景/工具	/Volumes/AI/Codex/四川麻将工程_20260701_v2/dotnet/AI.Core/Strategy/SichuanRoundStrategyBrain.cs	23	52a0ca0d80256627fd7b90e35bea30195949a779b39c22820a2f6092055ce911	静态索引；重点精读范围见主报告
四川	源码/场景/工具	/Volumes/AI/Codex/四川麻将工程_20260701_v2/dotnet/AI.Core/Strategy/SichuanDefenseTempoEvaluator.cs	63	3af8868d2aa463dfa607ef891ec775efe7704fd540397f88bf8fef4b0ea6380e	静态索引；重点精读范围见主报告
四川	文档	/Volumes/AI/Codex/四川麻将工程_20260701_v2/docs/ui_baseline/UI_BASELINE.md	160	5da7de2ef0c6b752cc796e7046bb33d76becb94134ee74b65cf83c5696a6d8ac	静态索引；重点精读范围见主报告
四川	文档	/Volumes/AI/Codex/四川麻将工程_20260701_v2/docs/ui_baseline/UI_IMPLEMENTATION_PLAN.md	108	e6c231de93a635c1ad9e578bb3185d1aa5517c09bfeaa6f818c13265ff8be9e8	静态索引；重点精读范围见主报告
四川	文档	/Volumes/AI/Codex/四川麻将工程_20260701_v2/docs/ui_baseline/TABLE_LAYOUT_BASELINE.md	301	6c3d6efcc89197427370970656d93121f698b064fa10ec86fcb38f6177c177d8	静态索引；重点精读范围见主报告
四川	文档	/Volumes/AI/Codex/四川麻将工程_20260701_v2/.codex/skills/sichuan-mahjong-video-deep-learning/references/knowledge-acquisition-phase.md	50	e71f81c2e2cb06ca53b9902024bd0ec07943a01b76b1d0ad462dd8e44d26204f	静态索引；重点精读范围见主报告
四川	文档	/Volumes/AI/Codex/四川麻将工程_20260701_v2/.codex/skills/sichuan-mahjong-video-deep-learning/references/low-traffic-gates.md	45	75eaec8b57a537869544b61c642f3d38448c798304cc540757c5d06857febc74	静态索引；重点精读范围见主报告
四川	文档	/Volumes/AI/Codex/四川麻将工程_20260701_v2/.codex/skills/sichuan-mahjong-video-deep-learning/references/expert-learning-v2.md	73	c1ec6de31c47dc73ff98d4b25d13043a901cda19b6903d94193cf81fa6e882bd	静态索引；重点精读范围见主报告
四川	文档	/Volumes/AI/Codex/四川麻将工程_20260701_v2/.codex/skills/sichuan-mahjong-video-deep-learning/references/learning-protocol.md	56	5c5ebb9b8378f20b3ad3a1aa46a0cb68639f445700aeadfbe49f501b7838673e	静态索引；重点精读范围见主报告
四川	文档	/Volumes/AI/Codex/四川麻将工程_20260701_v2/.codex/skills/sichuan-mahjong-video-deep-learning/references/core-thesis-ai-conversion.md	58	e3ca2267c0de01a5082b9ad803199f7d0142d5e15396ad5b132dbad055058eef	静态索引；重点精读范围见主报告
四川	文档	/Volumes/AI/Codex/四川麻将工程_20260701_v2/.codex/skills/sichuan-mahjong-video-deep-learning/references/decision-algorithm-abstraction-gate.md	79	deccf36768b7baf603c4931bd5fddfb565ff46fcb16f899b0fd12846e7892c85	静态索引；重点精读范围见主报告
四川	文档	/Volumes/AI/Codex/四川麻将工程_20260701_v2/.codex/skills/sichuan-mahjong-video-deep-learning/references/knowledge-card-template.md	101	46cc063db3c7b38a96dfa76fd98930312bd1f4022ba02debfc19df3b7d284bb5	静态索引；重点精读范围见主报告
四川	文档	/Volumes/AI/Codex/四川麻将工程_20260701_v2/.codex/skills/sichuan-mahjong-video-deep-learning/references/continuous-learning-state-machine.md	92	42dcd97952d0cd92f7bcbda8bace5eaa13136f393107ec37fa260a79661e692d	静态索引；重点精读范围见主报告
四川	文档	/Volumes/AI/Codex/四川麻将工程_20260701_v2/.codex/skills/sichuan-mahjong-video-deep-learning/references/method-audit.md	41	6369957071f388643b402a847e1672a90652e6d99e4f055a5dbd69ad02907f0a	静态索引；重点精读范围见主报告
四川	文档	/Volumes/AI/Codex/四川麻将工程_20260701_v2/.codex/skills/sichuan-mahjong-video-deep-learning/references/executable-loop.md	55	91f5575f106395053e176c2cdc7d785d3902a511d0a000a4f291a6aef073338d	静态索引；重点精读范围见主报告
四川	文档	/Volumes/AI/Codex/四川麻将工程_20260701_v2/.codex/skills/sichuan-mahjong-video-deep-learning/references/pilot-lessons.md	13	967ed5366d567defa567aad49878c112419fb1d39636be927b95cc847459ae41	静态索引；重点精读范围见主报告
四川	文档	/Volumes/AI/Codex/四川麻将工程_20260701_v2/.codex/skills/sichuan-mahjong-video-deep-learning/references/evidence-bundle-schema.md	58	6cabcd1d6ddf2a6872c07e1380f4131d07f0b6be44d126daa4420b0a84789140	静态索引；重点精读范围见主报告
四川	文档	/Volumes/AI/Codex/四川麻将工程_20260701_v2/.codex/skills/sichuan-mahjong-video-deep-learning/references/ai-application-gate.md	36	5a6ff4599dc5087b752a2c631ab5be829d04b18e8786b43744911cc6f18474c6	静态索引；重点精读范围见主报告
四川	文档	/Volumes/AI/Codex/四川麻将工程_20260701_v2/.codex/skills/sichuan-mahjong-video-deep-learning/references/semantic-mastery-schema.md	46	715d4ca68bfd7c68f2bfd702e7fb15b15c131c1771efa62826b89f54874effef	静态索引；重点精读范围见主报告
四川	文档	/Volumes/AI/Codex/四川麻将工程_20260701_v2/四川麻将规则对齐调整说明_v2.md	453	da612e2772d60c3d6981d06de07c587f3e3281570c923cb285363dbd3351d91c	静态索引；重点精读范围见主报告
四川	文档	/Volumes/AI/Codex/四川麻将工程_20260701_v2/规则层重构计划_v1.md	380	60a0f854494f2e7560ebcab13fa8d24fd6fb5436548564a2bf80edc071e77526	静态索引；重点精读范围见主报告
四川	文档	/Volumes/AI/Codex/四川麻将工程_20260701_v2/docs/AI_RULE_CONTRACT_20260809.md	30	5072ecf951e4f59f13db12c8db452051a8c847994245f93efc2a4c140259e643	静态索引；重点精读范围见主报告
四川	文档	/Volumes/AI/Codex/四川麻将工程_20260701_v2/res/source/ui/event_callouts/README.md	20	872de888b21d507e78fdac3dac6d4fe23a942a7d69e9c9541a39008eb0d1a24a	静态索引；重点精读范围见主报告
四川	源码/场景/工具	/Volumes/AI/Codex/四川麻将工程_20260701_v2/dotnet/AI.Core/Domain/SichuanMeldView.cs	9	f0291df64bc0a77032d75cb2b12705e1d44f58452d5f98fc01bc0f1d3d9b83f7	静态索引；重点精读范围见主报告
四川	源码/场景/工具	/Volumes/AI/Codex/四川麻将工程_20260701_v2/dotnet/AI.Core/Domain/SichuanDecisionState.cs	14	a72715715bac2840bb5ea610b42fd8f428069609d19938b970dccbf882fed42f	静态索引；重点精读范围见主报告
四川	源码/场景/工具	/Volumes/AI/Codex/四川麻将工程_20260701_v2/dotnet/AI.Core/Domain/SichuanPublicEvent.cs	17	7fecb769ace01631bc1c260761d25fe44f3d656e2a9a0c719a0f0c3abcaf40aa	静态索引；重点精读范围见主报告
四川	源码/场景/工具	/Volumes/AI/Codex/四川麻将工程_20260701_v2/dotnet/AI.Core/Domain/SichuanRuleSnapshot.cs	22	104cce869f4c5137055c281bf637e36ae5de6ba397af99d3b42396feb8be91c4	静态索引；重点精读范围见主报告
四川	源码/场景/工具	/Volumes/AI/Codex/四川麻将工程_20260701_v2/dotnet/AI.Core/Domain/SichuanTileCounts.cs	20	0ed4b496a77ce5165f527e7e3db3b2b247c2a825e3fca811283855ad90f2e257	静态索引；重点精读范围见主报告
四川	源码/场景/工具	/Volumes/AI/Codex/四川麻将工程_20260701_v2/dotnet/AI.Core/Domain/SichuanPublicStateReplay.cs	116	47f12e5a527dde1cab5d74b7765c982fddf69b652930353e21b8a2a0e0752eb2	静态索引；重点精读范围见主报告
四川	文档	/Volumes/AI/Codex/四川麻将工程_20260701_v2/docs/backlog/current-backlog.md	11	15a51b1d4b50c4db9fb12b5a73abe611a6522dca4eb9db8a907666081ed39366	静态索引；重点精读范围见主报告
四川	文档	/Volumes/AI/Codex/四川麻将工程_20260701_v2/docs/handoff/current-handoff.md	15	6db4282e02d3a251b391a3d240e6594818cc5bfc2a765c8885150f8f287fc0bf	静态索引；重点精读范围见主报告
四川	文档	/Volumes/AI/Codex/四川麻将工程_20260701_v2/docs/handoff/dirty-worktree-groups-20260522.md	136	d8b53307374f74aace8c6d85dd05d9b5f7066d875e4239828787b9551d006178	静态索引；重点精读范围见主报告
四川	文档	/Volumes/AI/Codex/四川麻将工程_20260701_v2/docs/sichuan_lan_multiplayer_plan_20260920.md	361	5e94904786858c1ed1e0ada6db30dee378a11c47c13bf88eb17363baeded53f4	静态索引；重点精读范围见主报告
四川	文档	/Volumes/AI/Codex/四川麻将工程_20260701_v2/docs/ui_baseline/mockups/table_main_3d_cartoon_mockup_prompt_v1.md	61	51b7026354c9379720617c6898c9af6c52df5d66210bd2a3cad6df0c119d748c	静态索引；重点精读范围见主报告
四川	源码/场景/工具	/Volumes/AI/Codex/四川麻将工程_20260701_v2/dotnet/AI.Core/Decision/SichuanPublicEndgameEvaluator.cs	480	3cc0aa0320cc315d8904c0f3e191301778264558b7271f40f9701b7df9481503	静态索引；重点精读范围见主报告
四川	源码/场景/工具	/Volumes/AI/Codex/四川麻将工程_20260701_v2/dotnet/AI.Core/Decision/SichuanUnifiedDecisionEngine.cs	393	a88f7087e64050ecb80f4ef3d8fd093ee45192efa57bbfd2999ba89ee3fd058f	静态索引；重点精读范围见主报告
四川	源码/场景/工具	/Volumes/AI/Codex/四川麻将工程_20260701_v2/dotnet/AI.Core/Decision/SichuanDecisionCandidate.cs	16	5257cd8967ce808c42c4f55a0747f12524283ca77576bdcf24fcd7116096c3b9	静态索引；重点精读范围见主报告
四川	源码/场景/工具	/Volumes/AI/Codex/四川麻将工程_20260701_v2/dotnet/AI.Core/Decision/SichuanJointWallDrawModel.cs	61	4e958304149dbbe6ddb6f06c4195379ec62d7b7944a0b3e123dca95b3129f6f7	静态索引；重点精读范围见主报告
四川	源码/场景/工具	/Volumes/AI/Codex/四川麻将工程_20260701_v2/dotnet/AI.Core/Decision/SichuanPublicPosteriorAnalysis.cs	110	8e3bc8cac08e7ad7a1c2833dea01661af65fc1bc436941a103912fcc5190351a	静态索引；重点精读范围见主报告
四川	源码/场景/工具	/Volumes/AI/Codex/四川麻将工程_20260701_v2/dotnet/AI.Core/Decision/SichuanPublicInferenceBoundary.cs	127	3c0ed61719cb2e415d4eaf607f7b450118096282f971edaf313c7cf475a942b9	静态索引；重点精读范围见主报告
四川	源码/场景/工具	/Volumes/AI/Codex/四川麻将工程_20260701_v2/dotnet/AI.Core/Decision/SichuanPublicJointRouteAnalysis.cs	58	3357a6cb26504c0e92b43961fc16cbbe4410cb686235d616c614bda59410fbba	静态索引；重点精读范围见主报告
四川	源码/场景/工具	/Volumes/AI/Codex/四川麻将工程_20260701_v2/dotnet/AI.Core/Decision/SichuanTwoPlyReadyEvaluator.cs	126	d157c4766f96dff40f10b2a8afaca0712976a8035a93c569a680af680a57b472	静态索引；重点精读范围见主报告
四川	源码/场景/工具	/Volumes/AI/Codex/四川麻将工程_20260701_v2/dotnet/AI.Core/Decision/SichuanDecisionExplanation.cs	9	7ae675ffdd184721d04f7eb31bfc000ddeb410de27718de299a44acd1cc473b7	静态索引；重点精读范围见主报告
四川	源码/场景/工具	/Volumes/AI/Codex/四川麻将工程_20260701_v2/dotnet/AI.Core/Decision/SichuanMeldCounterfactualEvaluator.cs	372	ab29bb3ba5a873efe19400e62f6822e44d0ec000c48063d0904e8d3d8a40946e	静态索引；重点精读范围见主报告
四川	源码/场景/工具	/Volumes/AI/Codex/四川麻将工程_20260701_v2/dotnet/AI.Core/Decision/SichuanJointRouteEvaluator.cs	96	ea0cc81e623bc76ffdc64bbd4642f926fa1c9e10f5436a9974d783807268f5cc	静态索引；重点精读范围见主报告
四川	文档	/Volumes/AI/Codex/四川麻将工程_20260701_v2/CHANGELOG.md	717	6715b2d3b66229aabe88f1166ca1ac8a9edf3647416f97bab093a8e83ab10206	静态索引；重点精读范围见主报告
四川	文档	/Volumes/AI/Codex/四川麻将工程_20260701_v2/四川麻将开发规格书_v2.md	525	9cab9c4e725683c207d7a36b2b4843a450b89c7970b4576d3cb007ee7442c630	静态索引；重点精读范围见主报告
四川	文档	/Volumes/AI/Codex/四川麻将工程_20260701_v2/docs/ui_rework/四川麻将手牌亮度对手正面与侧家内倾验收标准_V1.md	22	909da7f3d44be59930467f096ac221a57cbfec11a4490fe379341ba1db12cef1	静态索引；重点精读范围见主报告
四川	文档	/Volumes/AI/Codex/四川麻将工程_20260701_v2/docs/ui_rework/四川麻将摄像机重构验收标准_V2.md	78	a2a757aa37b93affc2c0e276ca6fad58c2fe3d08216df137c6cc586dc0814607	静态索引；重点精读范围见主报告
四川	文档	/Volumes/AI/Codex/四川麻将工程_20260701_v2/docs/ui_rework/四川麻将商业成熟效果改造方案_V3.md	147	e5a9a0224bfc70675ac567efffd46501ac482301af869908d8b6ac6432e14b12	静态索引；重点精读范围见主报告
四川	文档	/Volumes/AI/Codex/四川麻将工程_20260701_v2/docs/ui_rework/四川麻将自摸弃牌玉石牌体与下家副露验收报告_V1.md	52	1496b2258cfcd558f1b339cf62f17d2af8c829d8e68990453b5c91e4ac3277d0	静态索引；重点精读范围见主报告
四川	文档	/Volumes/AI/Codex/四川麻将工程_20260701_v2/docs/ui_rework/四川麻将摄像机重构验收报告_V1.md	86	e966b2b53512b655bfcbccd9639738499bc642a5c8f1bb6ab044b7795047c5a4	静态索引；重点精读范围见主报告
四川	文档	/Volumes/AI/Codex/四川麻将工程_20260701_v2/docs/ui_rework/四川麻将目标图整体复刻验收报告_V1.md	39	f440276f8d7009c6bff4a041a9b5ab8b57a32ca8a645a449140764a773238f25	静态索引；重点精读范围见主报告
四川	文档	/Volumes/AI/Codex/四川麻将工程_20260701_v2/docs/ui_rework/四川麻将目标图牌体牌姿与状态反馈验收报告_V1.md	69	15f3c6e1791784609e0738d11869ce07992da1ab0d03b68438757bd407eb4631	静态索引；重点精读范围见主报告
四川	文档	/Volumes/AI/Codex/四川麻将工程_20260701_v2/docs/ui_rework/四川麻将牌体与字面可读性验收报告_V1.md	97	4cc1c5f85a542c7df791f48251339009b9a86d6be3e17e250a11f153a2524d4b	静态索引；重点精读范围见主报告
四川	文档	/Volumes/AI/Codex/四川麻将工程_20260701_v2/docs/ui_rework/四川麻将成熟牌桌_UI设计规范.md	56	37e852199d2bab95e098deb0f406e29b06cab9631d7ab51e3e0a60c353202cff	静态索引；重点精读范围见主报告
四川	文档	/Volumes/AI/Codex/四川麻将工程_20260701_v2/docs/ui_rework/四川麻将夏日蓝桌材质与桌体验收报告_V1.md	86	53c1e0249cdb9a265a550d98f12472bfeea52e50ecfc3f8ad8c5e2ed0dafcf96	静态索引；重点精读范围见主报告
四川	源码/场景/工具	/Volumes/AI/Codex/四川麻将工程_20260701_v2/dotnet/AI.Core/Evaluation/SichuanOfflineCounterfactualEvaluator.cs	166	497fa6faaee30f6af145ffb14cd1bf6c97a4c3b84b1542b1f9da1346e7738186	静态索引；重点精读范围见主报告
四川	文档	/Volumes/AI/Codex/四川麻将工程_20260701_v2/docs/ui_rework/四川麻将参考蓝桌色彩与3D摆牌提炼_V1.md	40	43a30a80daed7b2f11ace55f76bd6c3d78bd52656ddac27ddc68d41f118a6b80	静态索引；重点精读范围见主报告
四川	源码/场景/工具	/Volumes/AI/Codex/四川麻将工程_20260701_v2/dotnet/AI.Core/Evaluation/SichuanIndependentDecisionJudge.cs	246	d0072200f536ce802d9c5162703e4b6980a7805b44e768c2be9884eff04b5eff	静态索引；重点精读范围见主报告
四川	文档	/Volumes/AI/Codex/四川麻将工程_20260701_v2/docs/ui_rework/四川麻将目标图布局二次校准验收报告_V1.md	88	7b3f2b59dde9fbe2f648bac5be26876145ec11618a4e19f1caf0ca112a26cdca	静态索引；重点精读范围见主报告
四川	文档	/Volumes/AI/Codex/四川麻将工程_20260701_v2/docs/ui_rework/四川麻将牌组排布与空间张力验收报告_V1.md	85	d44c641398e78c2a3ace0a03b7eb722a1efda4d3ee6f000b8245103da99ea0cb	静态索引；重点精读范围见主报告
四川	源码/场景/工具	/Volumes/AI/Codex/四川麻将工程_20260701_v2/dotnet/AI.Core/Evaluation/SichuanReplayDecisionEvaluator.cs	58	273b6545aa8e23fff8b246930d541f58b7b9de0394adb45036fac9711a0efc59	静态索引；重点精读范围见主报告
四川	文档	/Volumes/AI/Codex/四川麻将工程_20260701_v2/docs/ui_rework/四川麻将光照阴影AO与后处理验收报告_V1.md	84	759a01fead4898081283e2806b60c36818ca4701a8f6215500be4f988779d0e5	静态索引；重点精读范围见主报告
四川	源码/场景/工具	/Volumes/AI/Codex/四川麻将工程_20260701_v2/dotnet/AI.Core/Evaluation/SichuanCrossValidatedActionOracle.cs	350	5d5469a6b2fba59fcc5f9b30f6f72561a500d7f6f16b902a97e7a030b0437778	静态索引；重点精读范围见主报告
四川	文档	/Volumes/AI/Codex/四川麻将工程_20260701_v2/docs/ui_rework/四川麻将对手牌姿与点炮展示验收标准_V1.md	33	3c80a418d4a4c8036ef1ebaee9a5cc9703369916bbc2a02c8efdf8f2efb0cc19	静态索引；重点精读范围见主报告
四川	文档	/Volumes/AI/Codex/四川麻将工程_20260701_v2/docs/ui_rework/四川麻将直立牌旋转选牌与牌面亮度验收报告_V1.md	37	b55cff64acc7c1417a28436a50a23a62fda4e42952b49d8c6c64882893c55d7b	静态索引；重点精读范围见主报告
四川	文档	/Volumes/AI/Codex/四川麻将工程_20260701_v2/docs/ui_rework/四川麻将动效触控性能与iOS交付验收报告_V1.md	71	1997323b88c8c7325bd9af186349bfa87ff16c4f0631431f17bac071cbc4be0c	静态索引；重点精读范围见主报告
四川	文档	/Volumes/AI/Codex/四川麻将工程_20260701_v2/docs/ui_rework/四川麻将HUD状态与旧功能完整性验收标准_V1.md	83	3c6d494b9ac8108d55d8d9fb5a02a1cc7e13503b67e0713111356bacea344983	静态索引；重点精读范围见主报告
四川	文档	/Volumes/AI/Codex/四川麻将工程_20260701_v2/docs/ui_rework/四川麻将成熟牌桌_UI现状基线.md	49	c4fde5235732a7ac59333d0914e68b360650502fe057313fb9dd3fcce051d885	静态索引；重点精读范围见主报告
四川	文档	/Volumes/AI/Codex/四川麻将工程_20260701_v2/docs/ui_rework/四川麻将HUD状态与旧功能完整性验收报告_V1.md	66	bfb9f74ed0e01884263c5198803c1b56ae541ec3927c18067121625ffce42b9a	静态索引；重点精读范围见主报告
四川	文档	/Volumes/AI/Codex/四川麻将工程_20260701_v2/docs/ui_rework/四川麻将动效触控性能与iOS交付验收标准_V1.md	45	f129f4241d15248b6aea9b6c0983c9fd8212a1ec491c3f2de75c5f9c19e8b64f	静态索引；重点精读范围见主报告
四川	文档	/Volumes/AI/Codex/四川麻将工程_20260701_v2/docs/ui_rework/四川牌桌事件字原创与参考差异声明_V1.md	24	6753aefa263132abf9f64dcd3f91911f6da7d64fff6e7bcd08b0d1b2953cc2e0	静态索引；重点精读范围见主报告
四川	文档	/Volumes/AI/Codex/四川麻将工程_20260701_v2/docs/ui_rework/四川麻将光照阴影AO与后处理验收标准_V1.md	60	a9d233b32a93429577ff4fd7722ba679132dac4248246bbf2b844d8cf250c673	静态索引；重点精读范围见主报告
四川	文档	/Volumes/AI/Codex/四川麻将工程_20260701_v2/docs/ui_rework/四川麻将直立牌旋转选牌与牌面亮度验收标准_V1.md	23	79839cc20495c9d744cf1d3585f54ad8d4f580a03ac875d862a975c71b1d684c	静态索引；重点精读范围见主报告
四川	源码/场景/工具	/Volumes/AI/Codex/四川麻将工程_20260701_v2/dotnet/AI.Core/Evaluation/SichuanFrozenBaselinePolicy.cs	60	5d505e72262011538136d7b56cd121566a5e12d575c4e669ca381dc8c72267fa	静态索引；重点精读范围见主报告
四川	文档	/Volumes/AI/Codex/四川麻将工程_20260701_v2/docs/ui_rework/四川麻将对手牌姿与点炮展示验收报告_V1.md	100	61ebb0677ef3419cab388094b3f5fb66d79a93ff54b89c56e5f61bbc9ea4d97f	静态索引；重点精读范围见主报告
四川	文档	/Volumes/AI/Codex/四川麻将工程_20260701_v2/docs/ui_rework/四川麻将纯3D牌桌改造设计方案_V1.md	161	09ce51409349ba11af311279ad0f7b66984967aca8e8a8c47b2153395f7f25b7	静态索引；重点精读范围见主报告
四川	源码/场景/工具	/Volumes/AI/Codex/四川麻将工程_20260701_v2/dotnet/AI.Core/Evaluation/SichuanPairedPolicyLeague.cs	257	cb52c53046782947c793d32ff0f16ddc5dd04e5419c8470b9e1da0e8ca231fb9	静态索引；重点精读范围见主报告
四川	文档	/Volumes/AI/Codex/四川麻将工程_20260701_v2/docs/ui_rework/四川麻将牌组排布与空间张力验收标准_V1.md	93	19b0dc15d0de98a455f03d5720da83249a6f9f0c7a6fedb2681d012fbf996041	静态索引；重点精读范围见主报告
四川	文档	/Volumes/AI/Codex/四川麻将工程_20260701_v2/docs/ui_rework/四川麻将目标图布局二次校准验收标准_V1.md	59	40d40692799971614443004392be44f83c4cf356bc00daeaaee55bba76a36a65	静态索引；重点精读范围见主报告
四川	源码/场景/工具	/Volumes/AI/Codex/四川麻将工程_20260701_v2/dotnet/AI.Core/Evaluation/SichuanEvaluationMetrics.cs	36	5b1b036e2c4eda590b16b5743d21ee2c3fa231bc90bd3272433a00cb943379ac	静态索引；重点精读范围见主报告
四川	文档	/Volumes/AI/Codex/四川麻将工程_20260701_v2/docs/ui_rework/四川麻将夏日蓝桌材质与桌体验收标准_V1.md	57	893470fc9526c176b71f685ade1a91644e508101e9a2e9d6f0ab31447271873b	静态索引；重点精读范围见主报告
四川	文档	/Volumes/AI/Codex/四川麻将工程_20260701_v2/docs/ui_rework/V17_CARTOON_3D_UI_SPEC.md	44	56a624d373b5f9013e255f6a3c3cba70a989cc4f5a358b0496321a9eb3b110c2	静态索引；重点精读范围见主报告
四川	文档	/Volumes/AI/Codex/四川麻将工程_20260701_v2/planning/sichuan-mahjong-miniapp-tech-spec.md	756	b81a50e372fa5e5e9350ec2babf92c9fc60b49a1ec5bb1967a9162967a18fbb2	静态索引；重点精读范围见主报告
四川	文档	/Volumes/AI/Codex/四川麻将工程_20260701_v2/planning/sichuan-mahjong-miniapp-prd.md	351	304f1d04d9184c66e87d46bfc9864e6753f1991d6f6fe8299d9a2b0209596ac7	静态索引；重点精读范围见主报告
四川	文档	/Volumes/AI/Codex/四川麻将工程_20260701_v2/docs/ui_rework/target/README.md	6	b2c304a0f0b1cff54ddbe0bc8131b3fe245cef0041ad5cfe773618ac3255d6bf	静态索引；重点精读范围见主报告
四川	文档	/Volumes/AI/Codex/四川麻将工程_20260701_v2/docs/ui_rework/四川麻将目标图整体复刻验收标准_V1.md	63	da5120d919813e3db8e1b2dab0f6ce45b9646d6d02600a4c895287f5ba113561	静态索引；重点精读范围见主报告
四川	文档	/Volumes/AI/Codex/四川麻将工程_20260701_v2/docs/ui_rework/四川麻将摄像机重构验收标准_V1.md	97	4a10daa97cce6e84ad9ada1e323b3f87867cc7fe9e8f0e0b48a2198162b8ad97	静态索引；重点精读范围见主报告
四川	文档	/Volumes/AI/Codex/四川麻将工程_20260701_v2/docs/ui_rework/四川麻将自摸弃牌玉石牌体与下家副露验收标准_V1.md	19	65115fa06e8a2bd744a394464288e6b7440bfe1e419e82f76013116e6094e3d9	静态索引；重点精读范围见主报告
四川	文档	/Volumes/AI/Codex/四川麻将工程_20260701_v2/docs/ui_rework/四川麻将深翡翠精品牌桌与牌局演出最终验收标准_V1.md	376	c92dbc315a35517af5a9167a9fa7c128a5fd3b5c13538248cdb012d669f6d1eb	静态索引；重点精读范围见主报告
四川	文档	/Volumes/AI/Codex/四川麻将工程_20260701_v2/docs/ui_rework/四川麻将牌体与字面可读性验收标准_V1.md	88	28b18eda5121f5f66c7b0f43b48615b036b23a565be381edebeeddef915844fe	静态索引；重点精读范围见主报告
四川	文档	/Volumes/AI/Codex/四川麻将工程_20260701_v2/docs/ui_rework/四川麻将摄像机重构验收报告_V2.md	86	6bc77ed29d8e41ccdc36654bd89a66e3f9e0b253967153072e713cc58a395fec	静态索引；重点精读范围见主报告
四川	文档	/Volumes/AI/Codex/四川麻将工程_20260701_v2/docs/ui_rework/四川麻将目标图牌体牌姿与状态反馈验收标准_V1.md	30	6b44d98519efd8a22490cfbfe1bcaa9b0d30b821f7702bdc2e2b103051d2e9a4	静态索引；重点精读范围见主报告
四川	文档	/Volumes/AI/Codex/四川麻将工程_20260701_v2/docs/ui_rework/四川麻将手牌亮度对手正面与侧家内倾验收报告_V1.md	53	e0fc5399e96cdc26cfca4ed0912ff4028c76d0b768205cc038e359a2f67edd38	静态索引；重点精读范围见主报告
四川	文档	/Volumes/AI/Codex/四川麻将工程_20260701_v2/docs/ui_baseline/UX_REFINEMENT_TARGET_AND_PROGRESS.md	199	e74c5cc0fa214732cca51c91a9ed233aa4b5478ba24ef98650fd09ee9eea8308	静态索引；重点精读范围见主报告
四川	文档	/Volumes/AI/Codex/四川麻将工程_20260701_v2/docs/sichuan_lan_ui_state_spec_20260921.md	277	5567d38de5ec3de080c648b78b2e7d17fdb79c17924e18842faf61c367f43335	静态索引；重点精读范围见主报告
四川	文档	/Volumes/AI/Codex/四川麻将工程_20260701_v2/docs/testing/neijiang-current-regression-map.md	122	9a9ca5859491f52250080e62bbf3b67a6a6f52852e78d67c0d946010955e2ea0	静态索引；重点精读范围见主报告
四川	源码/场景/工具	/Volumes/AI/Codex/四川麻将工程_20260701_v2/dotnet/AI.Core/Inference/SichuanCombinatorics.cs	29	3fe8c786e64f4c2ab3c13eabe90f60a8da3cfe68c3f01051a97f7f4f02eefe7c	静态索引；重点精读范围见主报告
四川	源码/场景/工具	/Volumes/AI/Codex/四川麻将工程_20260701_v2/dotnet/AI.Core/Inference/SichuanOrderedPublicInference.cs	48	4c353ce95ceddea962e447d0d0352db402bd95f04879e57f7c810a70a7a1155c	静态索引；重点精读范围见主报告
四川	源码/场景/工具	/Volumes/AI/Codex/四川麻将工程_20260701_v2/dotnet/AI.Core/Inference/SichuanHiddenHandInferenceEngine.cs	342	251be8893c073e4d21e2ebe347e1d4f39131f31af923d96787446337914de356	静态索引；重点精读范围见主报告
四川	源码/场景/工具	/Volumes/AI/Codex/四川麻将工程_20260701_v2/dotnet/AI.Core/Inference/SichuanInferenceCalibration.cs	47	42253bbac04537acb071920cca531b286505ced63eeaf2c35df75a1877d12c95	静态索引；重点精读范围见主报告
四川	源码/场景/工具	/Volumes/AI/Codex/四川麻将工程_20260701_v2/dotnet/AI.Core/Inference/SichuanHiddenHandParticle.cs	18	5dc70785b85339e4f846b04bf5f69f331932d23e992e4c29ddf193889df75c94	静态索引；重点精读范围见主报告
四川	源码/场景/工具	/Volumes/AI/Codex/四川麻将工程_20260701_v2/dotnet/AI.Core/Entry/SichuanAiFacade.cs	106	ad0c5f12f493f3848635a50c84b840bce19ad2523f0bb948eae03e7fb6799b20	静态索引；重点精读范围见主报告
四川	源码/场景/工具	/Volumes/AI/Codex/四川麻将工程_20260701_v2/dotnet/AI.Core/Rules/SichuanSettlementProjectionEngine.cs	140	59069ee8d820858853bbc62fba48e7920f8c19e39a1873e9b4af584a83d7fbe6	静态索引；重点精读范围见主报告
四川	源码/场景/工具	/Volumes/AI/Codex/四川麻将工程_20260701_v2/dotnet/AI.Core/Rules/SichuanExactHandAnalyzer.cs	212	b7e1efd8d441f0a0b9c71f4330c9e19a751628cefdc21f5eba7fe9c26b55fa90	静态索引；重点精读范围见主报告
四川	源码/场景/工具	/Volumes/AI/Codex/四川麻将工程_20260701_v2/dotnet/AI.Core/Rules/SichuanLegalActionEngine.cs	39	21f3c96f807b49a7394fff100419082f74b83827c529cf109f8e48b558995b7f	静态索引；重点精读范围见主报告
四川	源码/场景/工具	/Volumes/AI/Codex/四川麻将工程_20260701_v2/dotnet/AI.Core/Rules/SichuanFanProjectionEngine.cs	143	a32e8d44066cce6cf1da6659cba8e06b35cfa3de89590eaf1ef3e6033b45ac29	静态索引；重点精读范围见主报告
四川	源码/场景/工具	/Volumes/AI/Codex/四川麻将工程_20260701_v2/dotnet/AI.Core/Rules/SichuanHandDecomposition.cs	27	157309d1cb6c1f1b4fbe8e15e5841f6629bb6dfa965725c5c4897d15746b38aa	静态索引；重点精读范围见主报告
四川	源码/场景/工具	/Volumes/AI/Codex/四川麻将工程_20260701_v2/dotnet/AI.Core/Rules/SichuanTurnOrder.cs	38	dd83a65565bdc730b0332ee54e4d263591e442b2bd2358ca2b2b57108a4c3167	静态索引；重点精读范围见主报告
四川	源码/场景/工具	/Volumes/AI/Codex/四川麻将工程_20260701_v2/dotnet/AI.Core/Cache/SichuanAiContextCache.cs	140	3735ea92a182969ea355cb0389bed438a2b11910c65d007dba12765385fee960	静态索引；重点精读范围见主报告
四川	源码/场景/工具	/Volumes/AI/Codex/四川麻将工程_20260701_v2/dotnet/AI.Core/Cache/SichuanDecisionCache.cs	90	c0faff3853c92fabace1bd9574c55999351387fb153f77a1ca0e14eef15c84d4	静态索引；重点精读范围见主报告
四川	文档	/Volumes/AI/Codex/四川麻将工程_20260701_v2/文档导航.md	32	8d2beed7a61bd61d8de5ed7ff9bfc1da9436da41585806afcd4d9eac1179eae5	静态索引；重点精读范围见主报告
四川	文档	/Volumes/AI/Codex/四川麻将工程_20260701_v2/README.md	290	5d16996b6e138093fe61c879b5b840365e717d717811ca937a1873afe16567e8	静态索引；重点精读范围见主报告
四川	源码/场景/工具	/Volumes/AI/Codex/四川麻将工程_20260701_v2/dotnet/AI.Core/Models/SichuanSearchResult.cs	12	f20a9aa4fb04cc92b1540d1fee3e4543a10e76cf3341fe77c7844d5633d257d9	静态索引；重点精读范围见主报告
四川	源码/场景/工具	/Volumes/AI/Codex/四川麻将工程_20260701_v2/dotnet/AI.Core/Models/SichuanPosteriorNormalizationResult.cs	10	bad18b94c22d5667bcae09ffbb1848cf8916bbe658cc43f129101b0c1a69e8ad	静态索引；重点精读范围见主报告
四川	源码/场景/工具	/Volumes/AI/Codex/四川麻将工程_20260701_v2/dotnet/AI.Core/Models/SichuanLimitedLookaheadSummary.cs	10	ec6fe5d6e04b94ac1330ee103699065239019530b3c9d4ca7fcaf8080afdb016	静态索引；重点精读范围见主报告
四川	源码/场景/工具	/Volumes/AI/Codex/四川麻将工程_20260701_v2/dotnet/AI.Core/Models/SichuanDecisionResult.cs	24	a6b2f545b83e08b2867794180c820afdc143267c47eadae2c59a40e34e87f2fb	静态索引；重点精读范围见主报告
四川	源码/场景/工具	/Volumes/AI/Codex/四川麻将工程_20260701_v2/dotnet/AI.Core/Models/SichuanHandShapeSummary.cs	15	c601899b8f03ddfa1dfa6c4401947193988f97521c9c190d9957e4ecd0d6fc1d	静态索引；重点精读范围见主报告
四川	源码/场景/工具	/Volumes/AI/Codex/四川麻将工程_20260701_v2/dotnet/AI.Core/Models/SichuanAction.cs	17	e8bc847d4eb5fc34c8fec66830f0e61e2ec0e5ac05710ba4d7c79ac4ba454b3c	静态索引；重点精读范围见主报告
四川	源码/场景/工具	/Volumes/AI/Codex/四川麻将工程_20260701_v2/dotnet/AI.Core/Models/SichuanCandidateDetail.cs	83	f470d08d94570567e145d1d8c41d8b576fa218eb2e907b58069ca055c825d445	静态索引；重点精读范围见主报告
四川	源码/场景/工具	/Volumes/AI/Codex/四川麻将工程_20260701_v2/dotnet/AI.Core/Models/SichuanStateView.cs	53	3dc34388467bfd80d1145a307612653f4de09b082aa16b684685d71d1a6e56cc	静态索引；重点精读范围见主报告
四川	源码/场景/工具	/Volumes/AI/Codex/四川麻将工程_20260701_v2/dotnet/AI.Core/Analysis/SichuanStateFingerprint.cs	66	7db4b0267246fee5aec96a12aa0b280fe3044c04f5a524dcdba7543793f6785e	静态索引；重点精读范围见主报告
四川	源码/场景/工具	/Volumes/AI/Codex/四川麻将工程_20260701_v2/dotnet/AI.Core/Models/SichuanEvidenceSnapshot.cs	11	94abd91e5d24f6a7cb2c1ace9fb7906509d2cbce10f46a83c4e5c5de629a4678	静态索引；重点精读范围见主报告
四川	源码/场景/工具	/Volumes/AI/Codex/四川麻将工程_20260701_v2/dotnet/AI.Core/Models/SichuanRoundBrainSnapshot.cs	29	9d695fae631c7490a2038f9235829b0e09037387329706e3071bad176c227b55	静态索引；重点精读范围见主报告
四川	源码/场景/工具	/Volumes/AI/Codex/四川麻将工程_20260701_v2/dotnet/AI.Core/Models/SichuanBeliefSummary.cs	70	e2403e750cc0a4d3d83746fe66a763b8ee270401f791828d3c9bde0a86217a08	静态索引；重点精读范围见主报告
四川	源码/场景/工具	/Volumes/AI/Codex/四川麻将工程_20260701_v2/dotnet/AI.Core/Models/SichuanSelfActionDecisionResult.cs	13	6f582abbd2b8eaf8555c6bb94d1a7c1d3920f3ec9dbdb6681281a943e9241402	静态索引；重点精读范围见主报告
四川	源码/场景/工具	/Volumes/AI/Codex/四川麻将工程_20260701_v2/dotnet/AI.Core/Models/SichuanReactionDecisionResult.cs	23	22a1496742b3a2a80f9a5ee58674895dc6d47f948ee19e3b072c376be285b97c	静态索引；重点精读范围见主报告
四川	源码/场景/工具	/Volumes/AI/Codex/四川麻将工程_20260701_v2/dotnet/AI.Core/Models/SichuanBeliefDiagnostics.cs	9	36a242bc9ecf27e50b93e1eaa0cb905a11856c8d9a5eb3e20bcd699f4bb26e0e	静态索引；重点精读范围见主报告
四川	源码/场景/工具	/Volumes/AI/Codex/四川麻将工程_20260701_v2/dotnet/AI.Core/Models/SichuanBeliefSnapshot.cs	19	f032a99e43660d3bbc86c998b2d7797d349591651dbfb02134a285bd1cf2d320	静态索引；重点精读范围见主报告
四川	源码/场景/工具	/Volumes/AI/Codex/四川麻将工程_20260701_v2/dotnet/AI.Core/Models/SichuanOpponentRangeProfile.cs	11	5ecc076fe3daab08496464bcc378bd66db40aa56e096242546eb8a973054b891	静态索引；重点精读范围见主报告
四川	源码/场景/工具	/Volumes/AI/Codex/四川麻将工程_20260701_v2/dotnet/AI.Core/Models/SichuanExpectedScore.cs	13	95c957e23b5d03cac4ab64ebb9f396cfbe0b9d562253d62ac4d07e8c6e4dd7c5	静态索引；重点精读范围见主报告
四川	源码/场景/工具	/Volumes/AI/Codex/四川麻将工程_20260701_v2/dotnet/AI.Core/Models/SichuanClassicPatternAnalysis.cs	14	df4750430a044751fb78ce8aef1f9a503ad6aac1f455b274c37c189ae0f799f1	静态索引；重点精读范围见主报告
四川	源码/场景/工具	/Volumes/AI/Codex/四川麻将工程_20260701_v2/dotnet/AI.Core/Models/SichuanHellChallengeTeamPlan.cs	23	8a8f1ea9623f70b75bdfb8ba6b04d675fa72c63ecfe06f0878fa9bbb7d51c3cf	静态索引；重点精读范围见主报告
四川	源码/场景/工具	/Volumes/AI/Codex/四川麻将工程_20260701_v2/dotnet/AI.Core/Models/SichuanDingQueDecisionResult.cs	9	48a86a089bacfb442c26d1575da7f89a4a592058404d38c3aa918440d3d048f6	静态索引；重点精读范围见主报告
四川	源码/场景/工具	/Volumes/AI/Codex/四川麻将工程_20260701_v2/dotnet/AI.Core/Models/SichuanDangerEvaluation.cs	10	6a2a37ebc4e8e1d2cde4de1ec860b5a3e3a068d32e1bdee16e0ddc05f4647d6f	静态索引；重点精读范围见主报告
四川	源码/场景/工具	/Volumes/AI/Codex/四川麻将工程_20260701_v2/dotnet/AI.Core/Models/SichuanHellOracleResult.cs	63	bc5cd398a57864c6983939d9dc986eea0b293ee33da1587a43632ecd013188fa	静态索引；重点精读范围见主报告
四川	源码/场景/工具	/Volumes/AI/Codex/四川麻将工程_20260701_v2/dotnet/AI.Core/Models/SichuanAiContextModels.cs	162	4b737f563635e3572567ab2fd1aaf25a72f92765e58f1df223aac23bd3ef98bc	静态索引；重点精读范围见主报告
四川	源码/场景/工具	/Volumes/AI/Codex/四川麻将工程_20260701_v2/dotnet/AI.Core/Models/SichuanWaitShapeSummary.cs	13	0b5517a29d0838d4a715afacb34837139557df5a141bc2464454528bd4cc87e2	静态索引；重点精读范围见主报告
四川	源码/场景/工具	/Volumes/AI/Codex/四川麻将工程_20260701_v2/dotnet/AI.Core/Models/SichuanRoutePlanResult.cs	15	766bef2c4f6bce58bc23b3eb541e7dbd78b902755ecb6bbaa4ff1551dba18d58	静态索引；重点精读范围见主报告
四川	源码/场景/工具	/Volumes/AI/Codex/四川麻将工程_20260701_v2/dotnet/AI.Core.CourseChecks/Program.cs	225	e2fd7d442c772db0379c0e44501dacad1ce27efc9df3a74436f0d6e0b4a53aa3	静态索引；重点精读范围见主报告
四川	源码/场景/工具	/Volumes/AI/Codex/四川麻将工程_20260701_v2/dotnet/AI.Core.CourseChecks/AI.Core.CourseChecks.csproj	11	1ebc84759e1e47351206e187fc44294e5ceec73e4f20344bd2c2e9e6a3a8c673	静态索引；重点精读范围见主报告
四川	源码/场景/工具	/Volumes/AI/Codex/四川麻将工程_20260701_v2/dotnet/AI.Core.CourseChecks/CourseExerciseFixtures.cs	47	e73dea68d79b372c988ad323fd948a933b1377f76c8ef76eff1bc5aad7d74fbd	静态索引；重点精读范围见主报告
四川	源码/场景/工具	/Volumes/AI/Codex/四川麻将工程_20260701_v2/dotnet/AI.Core/AI.Core.csproj	18	c4001caa66abe7f435fcfb17b0e8196766ac5de3a938586ae39c963e8df5852f	静态索引；重点精读范围见主报告
四川	源码/场景/工具	/Volumes/AI/Codex/四川麻将工程_20260701_v2/dotnet/AI.Core/Benchmark/SichuanBenchmarkStats.cs	46	6c163bdf8877932afa3a9d56f27c7eef3ff21148d64989f6074f0d7aba61246e	静态索引；重点精读范围见主报告
四川	源码/场景/工具	/Volumes/AI/Codex/四川麻将工程_20260701_v2/dotnet/AI.Core/Codec/SichuanTileCodec.cs	29	586821e24441aa53ee26e80f7f467e594b055b6672e52acdfa9fd0b86c9285cd	静态索引；重点精读范围见主报告
四川	源码/场景/工具	/Volumes/AI/Codex/四川麻将工程_20260701_v2/dotnet/AI.Core/Codec/SichuanStateCodec.cs	110	a4562849b05e949f9fe70b8275f8ae47ed3d897af62e260b81cabf9188a905eb	静态索引；重点精读范围见主报告
四川	文档	/Volumes/AI/Codex/四川麻将工程_20260701_v2/dotnet/AI.Core/README.md	25	a100ee28ab67dfbcc7ca83703ef0f645a7100fcfd2ac3ea1b778435a06a29c72	静态索引；重点精读范围见主报告
四川	文档	/Volumes/AI/Codex/四川麻将工程_20260701_v2/research/xiaolaoshi_sichuan_ai_learning_20260825.md	150	3541faa97fada7730ff7a1f8e33121856538c95f31014d83271c7d30eb02e0ae	静态索引；重点精读范围见主报告
四川	文档	/Volumes/AI/Codex/四川麻将工程_20260701_v2/research/external_mahjong_ai_20260810/学习结论.md	201	def5b5dc38b790f56ca58faa335be42df7c62983c3aebdd2435252a48efb22ad	静态索引；重点精读范围见主报告
四川	文档	/Volumes/AI/Codex/四川麻将工程_20260701_v2/research/external_mahjong_ai_20260810/sceneun1ty-mahjong-ai/references/mahjong_theory.md	72	b092f1f892bcba74ae7a93af92960e544a6fa7a1456a4d6cb8d76d2fd2834685	静态索引；重点精读范围见主报告
四川	文档	/Volumes/AI/Codex/四川麻将工程_20260701_v2/research/external_mahjong_ai_20260810/sceneun1ty-mahjong-ai/references/tile_visual_guide.md	82	0180b5f58a821f3e70e95758e0d033e01d98d55d017e889b0e629b4d454fa1e2	静态索引；重点精读范围见主报告
四川	源码/场景/工具	/Volumes/AI/Codex/四川麻将工程_20260701_v2/dotnet/AI.Core/Search/SichuanProbabilityEngine.cs	33	9b1f203512fb8d556c6be21575a90535af68fb9868820931453e4ab6b419c4fd	静态索引；重点精读范围见主报告
四川	源码/场景/工具	/Volumes/AI/Codex/四川麻将工程_20260701_v2/dotnet/AI.Core/Search/SichuanActionTreeEvaluator.cs	140	e2954f16d5702dca89ca0679330564cca89b38fd2d25fe8a5cddd0941700091b	静态索引；重点精读范围见主报告
四川	源码/场景/工具	/Volumes/AI/Codex/四川麻将工程_20260701_v2/dotnet/AI.Core/Search/SichuanMultiPlayerUtilityEngine.cs	68	89a73e20ca1f318f704f176b7de044a29b0289a54eb41923bd5ff6397a733e8d	静态索引；重点精读范围见主报告
四川	源码/场景/工具	/Volumes/AI/Codex/四川麻将工程_20260701_v2/dotnet/AI.Core/Search/SichuanActionTransitionEngine.cs	70	70c30851f540481a3d3b59f88096f7092f4c564602656cc31bf9458b1f3ba04e	静态索引；重点精读范围见主报告
四川	源码/场景/工具	/Volumes/AI/Codex/四川麻将工程_20260701_v2/dotnet/AI.Core/Engines/SichuanPosteriorNormalizer.cs	93	12c0c073d5f9f73b5111c8bc03992a2f148353ecb4718ef9ff65f0f8381a2ac0	静态索引；重点精读范围见主报告
四川	源码/场景/工具	/Volumes/AI/Codex/四川麻将工程_20260701_v2/dotnet/AI.Core/Engines/SichuanClassicPatternEngine.cs	101	00459f45a8c198ac35d81cf7bee772f1c61df98a479eb5822c073f0a84b50ff6	静态索引；重点精读范围见主报告
四川	源码/场景/工具	/Volumes/AI/Codex/四川麻将工程_20260701_v2/dotnet/AI.Core/Engines/SichuanRoutePlanEngine.cs	441	dcdc0f75bc6d51c62fb0c1d903eb1d1a6b4fafde2efcce6fdaf779922193743c	静态索引；重点精读范围见主报告
四川	源码/场景/工具	/Volumes/AI/Codex/四川麻将工程_20260701_v2/dotnet/AI.Core/Engines/SichuanWaitShapeEngine.cs	106	464ce88d361b91554478b162473f73a4201a3caa7d5ddd3a183252a490705fd3	静态索引；重点精读范围见主报告
四川	源码/场景/工具	/Volumes/AI/Codex/四川麻将工程_20260701_v2/dotnet/AI.Core/Engines/SichuanHellOracleEngine.cs	161	589977b215299cbbc689b176a936d2026cd0fe186548510e282083dea747f5c8	静态索引；重点精读范围见主报告
四川	源码/场景/工具	/Volumes/AI/Codex/四川麻将工程_20260701_v2/dotnet/AI.Core/Engines/SichuanHellChallengeEngine.cs	611	4b068b1cf40dcd6f7f7f9abf41522b2fb7acea7be9a4cbf3a92191677355bfc4	静态索引；重点精读范围见主报告
四川	源码/场景/工具	/Volumes/AI/Codex/四川麻将工程_20260701_v2/dotnet/AI.Core/Engines/SichuanShantenEngine.cs	106	8da435326e9efcb9083edb7adea3113019fafc6e757a68c04b74aeab3a0d92a8	静态索引；重点精读范围见主报告
四川	源码/场景/工具	/Volumes/AI/Codex/四川麻将工程_20260701_v2/dotnet/AI.Core/Engines/SichuanOpponentRangeEngine.cs	152	5069f14579b6e22d89c00e92dac1fde17a746b25e3bdc620ccecc3a3cd00480d	静态索引；重点精读范围见主报告
四川	源码/场景/工具	/Volumes/AI/Codex/四川麻将工程_20260701_v2/dotnet/AI.Core/Engines/SichuanExpectedScoreEngine.cs	197	f8f86d0e918e8b147d81bd7852fd6fcd148b7130d6a503c4c38292df36b62e68	静态索引；重点精读范围见主报告
四川	源码/场景/工具	/Volumes/AI/Codex/四川麻将工程_20260701_v2/dotnet/AI.Core/Engines/SichuanRiskCalibration.cs	24	6ad5838fbb5707d60e2a189e68471488f5040315b039947754b0c95859efdd81	静态索引；重点精读范围见主报告
四川	源码/场景/工具	/Volumes/AI/Codex/四川麻将工程_20260701_v2/dotnet/AI.Core/Engines/SichuanContextEvaluators.cs	549	7ab6d47bbdd1ef3a8bfeac57a1a3d06246293224f62a05f298a22bf19d7f7fb2	静态索引；重点精读范围见主报告
四川	源码/场景/工具	/Volumes/AI/Codex/四川麻将工程_20260701_v2/dotnet/AI.Core/Engines/SichuanRoundBrainEngine.cs	299	52600a87df119276a68699c54f3128226b58a674e1ea067d9d8c609c0f119507	静态索引；重点精读范围见主报告
四川	源码/场景/工具	/Volumes/AI/Codex/四川麻将工程_20260701_v2/dotnet/AI.Core/Engines/SichuanMctsEngine.cs	271	3f701e35e96c881cb30e4e2b91647988865e10f843b1d03ee37b4d595684f5de	静态索引；重点精读范围见主报告
四川	源码/场景/工具	/Volumes/AI/Codex/四川麻将工程_20260701_v2/dotnet/AI.Core/Engines/SichuanDingQueDecisionEngine.cs	37	313003b9c7957be0fd52a8fbd7b19accefbbe0c63e13d32f73b02ecd08618bd5	静态索引；重点精读范围见主报告
四川	文档	/Volumes/AI/Codex/四川麻将工程_20260701_v2/research/external_mahjong_ai_20260810/sceneun1ty-mahjong-ai/README.md	151	fe6e491067011bdc8195ac9177ee75f334a705d7c8d7c9e0b3c70aa03cd1a0f2	静态索引；重点精读范围见主报告
四川	文档	/Volumes/AI/Codex/四川麻将工程_20260701_v2/research/external_mahjong_ai_20260810/sceneun1ty-mahjong-ai/DEVLOG.md	227	ee5986e63dbaf0981be3097f47b80d865aadbe4e7ed265b9affe5626bd820399	静态索引；重点精读范围见主报告
四川	文档	/Volumes/AI/Codex/四川麻将工程_20260701_v2/research/external_mahjong_ai_20260810/sceneun1ty-mahjong-ai/demo/demo_script.md	82	86861f8f45b6b39c521649b4566137d964bf1dd6a29eca98635aa4eae1d9335a	静态索引；重点精读范围见主报告
四川	源码/场景/工具	/Volumes/AI/Codex/四川麻将工程_20260701_v2/dotnet/AI.Core/Engines/SichuanBeliefEngine.cs	495	058db87a64cf110d9dd7a6cd8e00b8fd21de40520158204d39966a68b296e9a1	静态索引；重点精读范围见主报告
四川	源码/场景/工具	/Volumes/AI/Codex/四川麻将工程_20260701_v2/dotnet/AI.Core/Engines/SichuanDangerEngine.cs	166	0b9cb7e360ab60ea2d5558be2679707b72dcd32d600a9daab8bc01a51f4e35af	静态索引；重点精读范围见主报告
四川	源码/场景/工具	/Volumes/AI/Codex/四川麻将工程_20260701_v2/dotnet/AI.Core/Engines/SichuanLimitedLookaheadEngine.cs	105	d42f8ede63c424aeca8c29968b7ca87798c5444023b97adccaad640cc28a3cc1	静态索引；重点精读范围见主报告
四川	源码/场景/工具	/Volumes/AI/Codex/四川麻将工程_20260701_v2/dotnet/AI.Core/Engines/SichuanUkeireEngine.cs	32	5d07e5cc68612834c5409cb2c28860feb9052d064e46b8ef9201582176f257c4	静态索引；重点精读范围见主报告
四川	源码/场景/工具	/Volumes/AI/Codex/四川麻将工程_20260701_v2/dotnet/AI.Core/Engines/SichuanWallAvailabilityEngine.cs	159	936f0da9129ef82dc8cf704bbd3060a267740e6e8ea44bab4c6e3f5ec59f037b	静态索引；重点精读范围见主报告
四川	源码/场景/工具	/Volumes/AI/Codex/四川麻将工程_20260701_v2/dotnet/AI.Core/Engines/SichuanSelfDrawProbabilityEngine.cs	63	1bd9a97f2f7987cc4f90448cc7e0deff0740e64c6f5f12f664e7b091c2b3309f	静态索引；重点精读范围见主报告
四川	源码/场景/工具	/Volumes/AI/Codex/四川麻将工程_20260701_v2/dotnet/AI.Core/Engines/SichuanHellChallengeReactionEngine.cs	473	af98ab060288860f87a8741cbbd3e78df8fffc8a715c314cdf380f646b32be76	静态索引；重点精读范围见主报告
四川	源码/场景/工具	/Volumes/AI/Codex/四川麻将工程_20260701_v2/dotnet/AI.Core/Engines/SichuanHandShapeEngine.cs	206	238cb260af9573c1518a3e6a5ae94df0126d160b08af57f892b03026d0f39055	静态索引；重点精读范围见主报告
四川	源码/场景/工具	/Volumes/AI/Codex/四川麻将工程_20260701_v2/dotnet/AI.Core/Engines/SichuanCallQualityEngine.cs	18	ed6822e8ee087a8693bfafbd136421613415eab6ddac153a355d5ef7b706390e	静态索引；重点精读范围见主报告
四川	源码/场景/工具	/Volumes/AI/Codex/四川麻将工程_20260701_v2/dotnet/AI.Core/Engines/SichuanDecisionEngine.cs	2375	48ac80748dd5e6a63273ef09a06db14f7fc4596db02d5aff51703c56fdde5d36	静态索引；重点精读范围见主报告
四川	源码/场景/工具	/Volumes/AI/Codex/四川麻将工程_20260701_v2/dotnet/AI.Core/Engines/SichuanHellChallengeTeamPlanner.cs	89	28b9dc2f78f09cc199dcb657ae45e89e8ab5346951255761965c7f25342f2dcf	静态索引；重点精读范围见主报告
四川	源码/场景/工具	/Volumes/AI/Codex/四川麻将工程_20260701_v2/dotnet/AI.Core/Engines/SichuanReactionDecisionEngine.cs	994	b130a43eabdf5763378881445a719f3391e75e4f32eab67fff8012170e3001bc	静态索引；重点精读范围见主报告
四川	源码/场景/工具	/Volumes/AI/Codex/四川麻将工程_20260701_v2/dotnet/AI.Core/Engines/SichuanEvidenceEngine.cs	85	b29d25433cd8f05ba19d023cba30d36f3aa4e4b3b68c1fbdbdf664eb11ac2162	静态索引；重点精读范围见主报告
四川	文档	/Volumes/AI/Codex/四川麻将工程_20260701_v2/research/external_mahjong_ai_20260810/sceneun1ty-mahjong-ai/SKILL.md	74	be8f1c6697118eac450169d1f824e0d58ae8b90431155f82f4a8474836b62c2d	静态索引；重点精读范围见主报告
四川	源码/场景/工具	/Volumes/AI/Codex/四川麻将工程_20260701_v2/dotnet/AI.Core/Engines/SichuanSelfActionDecisionEngine.cs	327	530ff7f15c39b967ef288b49cec1cad49ecd10062e5651e8b91eb8d7d73a10ba	静态索引；重点精读范围见主报告
四川	文档	/Volumes/AI/Codex/四川麻将工程_20260701_v2/research/sichuan_books/initial-synthesis.md	67	b71f407a5322e93a7fd92795bec77bb39b680cd52b29e9ba05b9be6d07f9132d	静态索引；重点精读范围见主报告
四川	源码/场景/工具	/Volumes/AI/Codex/四川麻将工程_20260701_v2/dotnet/AI.Core/Learning/SichuanLearningEngine.cs	550	ebddd4db7e2e60165c667cf35d69d6bd3b495f383a336308e9da5ff291df0a1d	静态索引；重点精读范围见主报告
四川	源码/场景/工具	/Volumes/AI/Codex/四川麻将工程_20260701_v2/dotnet/AI.Core/Learning/SichuanActionValueTrainingEngine.cs	229	b2a184f820ac13ff6a06cd20e5544ae0deba376ae18ddfd23f7fd1fea2d523d4	静态索引；重点精读范围见主报告
四川	文档	/Volumes/AI/Codex/四川麻将工程_20260701_v2/res/art/materials/table_v2/README.md	15	d124cedd6e2002db52b6942148642a4e450ad67b80ecac2779b302d7f39e1dfd	静态索引；重点精读范围见主报告
四川	文档	/Volumes/AI/Codex/四川麻将工程_20260701_v2/res/art/materials/table_skins/README.md	20	3b2717a3eb14236f622b16aaac159e7e43ef597a402e314b04bb333aa9394aa9	静态索引；重点精读范围见主报告
四川	文档	/Volumes/AI/Codex/四川麻将工程_20260701_v2/research/external_mahjong_ai_20260810/ebony72-Mahjong/CLAUDE.md	178	3c7f665f23c98b1da960267d833b48f7db8fe36f254dd0dd021795e9ef8bcaec	静态索引；重点精读范围见主报告
四川	文档	/Volumes/AI/Codex/四川麻将工程_20260701_v2/res/art/3d/README.md	30	e6c6dcb4ebf0f338c4ad10ac34a41e9451517288ad7a90995ae429b9814d9721	静态索引；重点精读范围见主报告
四川	文档	/Volumes/AI/Codex/四川麻将工程_20260701_v2/res/art/ui/table_v2/README.md	32	92890aaad256381f08d7147562b694cfe5870789acc2f9beb92abbc90b2a948f	静态索引；重点精读范围见主报告
四川	文档	/Volumes/AI/Codex/四川麻将工程_20260701_v2/research/external_mahjong_ai_20260810/ebony72-Mahjong/docs/2026-07-theory-and-design.md	352	209582e1cec19d43850f17b7e1d5561799eba00655582b391ac7f7dd0756cafc	静态索引；重点精读范围见主报告
四川	文档	/Volumes/AI/Codex/四川麻将工程_20260701_v2/res/README.md	17	5582728ff9061d45601964245191bdf3990f29ea22e27436167102420027928c	静态索引；重点精读范围见主报告
四川	文档	/Volumes/AI/Codex/四川麻将工程_20260701_v2/res/docs/ai/内江麻将两门牌AI改造设计稿_v1.md	770	d9aca52f887775ee10c84edb5a95a980c4cecf7852d7ae20e2209a1ac53b09e7	静态索引；重点精读范围见主报告
四川	文档	/Volumes/AI/Codex/四川麻将工程_20260701_v2/res/docs/ai/四川麻将AI规则_v1.md	805	4c9268ff37f6f8a8d24e9a9004d523a6beeeff390934a510b42d5c399a817b3e	静态索引；重点精读范围见主报告
四川	文档	/Volumes/AI/Codex/四川麻将工程_20260701_v2/res/docs/ai/内江麻将两门牌AI实施拆解_v1.md	1756	9d07857906cd24f4d2bcb4bf6f810027e15bbb82cf520607f128b696bb814685	静态索引；重点精读范围见主报告
四川	文档	/Volumes/AI/Codex/四川麻将工程_20260701_v2/res/docs/ai/内江麻将AI规则_v1.md	968	b0d977022ec44dbaedca06132259f1741844acba74d56e0e416c2001e876a00e	静态索引；重点精读范围见主报告
四川	文档	/Volumes/AI/Codex/四川麻将工程_20260701_v2/evidence/2.6.13_android_release_20260731/release_report.md	32	404e70d863b2bde5b7c6d1cca57c095d4976953d058afe9c3df31f6a166246c0	静态索引；重点精读范围见主报告
四川	文档	/Volumes/AI/Codex/四川麻将工程_20260701_v2/evidence/2.6.37_ai_evolution_20260810/ai_verification_report.md	57	8dd0381b61ba541dfa1a3112d951d908bdeae2fb9c1ae00e3d15a689da7ec6d5	静态索引；重点精读范围见主报告
四川	源码/场景/工具	/Volumes/AI/Codex/四川麻将工程_20260701_v2/tools/capture_hand_layout_metrics.gd	122	12512c4dbb5851b4ae2c9534adc7c631716d3fa9c4a2b8e6a9127587b32013fe	静态索引；重点精读范围见主报告
四川	源码/场景/工具	/Volumes/AI/Codex/四川麻将工程_20260701_v2/tools/analyze_hand_brightness.py	76	e1dad5454e6ba7aedb127c2cedd8e90af02e6a4f8b9b3d147f4c4c99b92c1556	静态索引；重点精读范围见主报告
四川	源码/场景/工具	/Volumes/AI/Codex/四川麻将工程_20260701_v2/tools/capture_tile_redesign_scene.gd	74	23ebbf732200c7872aa62efc671deba55a21f6fd1cffa4b1453c6b5df425dbde	静态索引；重点精读范围见主报告
四川	源码/场景/工具	/Volumes/AI/Codex/四川麻将工程_20260701_v2/tools/hell_replay_compare.py	138	463986cc9c028f9bb8037dac9b119f4e3f3922abe6d32fee7e2c826e2a8c7d09	静态索引；重点精读范围见主报告
四川	源码/场景/工具	/Volumes/AI/Codex/四川麻将工程_20260701_v2/tools/verify_center_active_color.py	58	94cc670df38efe46e5628422050c1a0fe5b63838cb3912bb91f77f4a401ceb18	静态索引；重点精读范围见主报告
四川	源码/场景/工具	/Volumes/AI/Codex/四川麻将工程_20260701_v2/tools/export_android_debug.sh	49	2943362eea5d7072653d8682fceda029e6405de6b8c9cd881294bebfcea9d142	静态索引；重点精读范围见主报告
四川	源码/场景/工具	/Volumes/AI/Codex/四川麻将工程_20260701_v2/tools/capture_ding_que_overlay.gd	57	57db34cd292199e5d6431a953d84144c7328412d7032035604664d2aba0409d9	静态索引；重点精读范围见主报告
四川	源码/场景/工具	/Volumes/AI/Codex/四川麻将工程_20260701_v2/tools/generate_tts_assets.py	126	9d063e16ed78788dad9274ac21eb836f21e44089a9afc571434869ee28925fca	静态索引；重点精读范围见主报告
四川	源码/场景/工具	/Volumes/AI/Codex/四川麻将工程_20260701_v2/tools/generate_sichuan_tts_assets.py	88	1cfa2ae84184dca35d1d3124b8f84d6f121a5cd8b667af2f92155e932200be3b	静态索引；重点精读范围见主报告
四川	源码/场景/工具	/Volumes/AI/Codex/四川麻将工程_20260701_v2/tools/check_tile_symbol_assets.py	66	6f32ce9b27b8d31e66dad41f656629d57f6b886699c80172f3932ce6b568b645	静态索引；重点精读范围见主报告
四川	源码/场景/工具	/Volumes/AI/Codex/四川麻将工程_20260701_v2/tools/verify_splash_matched_felt.py	251	7c9de1213ec8ab3d8da9e79f8c33f9465487e494e41dad60ecb6d1f3bfbdf868	静态索引；重点精读范围见主报告
四川	源码/场景/工具	/Volumes/AI/Codex/四川麻将工程_20260701_v2/tools/generate_cartoon_tile_bodies.py	181	3f915daa2bd10bb96e51f8446215055d788e8dbeb14fe0077bc04a1051120d5e	静态索引；重点精读范围见主报告
四川	源码/场景/工具	/Volumes/AI/Codex/四川麻将工程_20260701_v2/tools/debug_ding_que_button_style.gd	59	f644715045cb9e1884d5a9d31195c1e0e74650307644fcf4549877377c213e21	静态索引；重点精读范围见主报告
四川	源码/场景/工具	/Volumes/AI/Codex/四川麻将工程_20260701_v2/tools/capture_hud_layout_metrics.gd	59	571f25597d8d8a69ccfef8f4b38b2f840bffe104d51ec66863190734f4c10fb0	静态索引；重点精读范围见主报告
四川	源码/场景/工具	/Volumes/AI/Codex/四川麻将工程_20260701_v2/tools/verify_center_counter_clearance.py	59	2bfa44927e8818e033b15f63ae037cfc168f60844b8baa47639db8094f98cd2a	静态索引；重点精读范围见主报告
四川	源码/场景/工具	/Volumes/AI/Codex/四川麻将工程_20260701_v2/tools/analyze_tile_reference.py	116	112357c4d23605816a278407f3993d80edf9b592787c2380b2a8f4de92ee1669	静态索引；重点精读范围见主报告
四川	源码/场景/工具	/Volumes/AI/Codex/四川麻将工程_20260701_v2/tools/capture_bao_gang_dialog.gd	64	abf1fc6d64d13a8bf2f406811003d4d4600b84bad4e683efb5a534be6f37d0b4	静态索引；重点精读范围见主报告
四川	源码/场景/工具	/Volumes/AI/Codex/四川麻将工程_20260701_v2/tools/generate_tile_overlays.gd	212	a2870028c98516f369edf3daeec6b5c3bad0e4bf827b391dc889d29c3e94558f	静态索引；重点精读范围见主报告
四川	源码/场景/工具	/Volumes/AI/Codex/四川麻将工程_20260701_v2/tools/export_ios_xcode_direct.gd	172	45b28a634321a01531e818464009df019b4cf91feaf75be201a1af2908735f5c	静态索引；重点精读范围见主报告
四川	源码/场景/工具	/Volumes/AI/Codex/四川麻将工程_20260701_v2/tools/preview_tile_redesign.py	214	ba560ea96a2c671a25544cfa21b209cb5bf37f53ef3b40fd685143664cb9aaf6	静态索引；重点精读范围见主报告
四川	源码/场景/工具	/Volumes/AI/Codex/四川麻将工程_20260701_v2/tools/analyze_opponent_pose_reference.py	252	979a5c85d2cfe91e79d546f49dafc2df3b91ae79739633a17a7d021b0e31be29	静态索引；重点精读范围见主报告
四川	源码/场景/工具	/Volumes/AI/Codex/四川麻将工程_20260701_v2/tools/diagnose_ui_input_latency.gd	117	b045696eeb1d67376af4e20ce150f01211d715b6be2b3be889d82b1e7a749d74	静态索引；重点精读范围见主报告
四川	文档	/Volumes/AI/Codex/四川麻将工程_20260701_v2/research/external_mahjong_ai_20260810/ebony72-Mahjong/license.md	7	20b7d2ddbd084a84030ba985d5cb7011c406e75edcd40ddc5f974a3bc46b07f3	静态索引；重点精读范围见主报告
四川	文档	/Volumes/AI/Codex/四川麻将工程_20260701_v2/evidence/ui_settlement_shadow_fixes_20260801/release_report.md	45	c9f70bc53610b8149fe13082e24e74dd7b93f15d3587c7c8a25d622a9823393f	静态索引；重点精读范围见主报告
四川	文档	/Volumes/AI/Codex/四川麻将工程_20260701_v2/evidence/2.6.30_ios_install_20260808/install_report.md	82	cad839fa1c533d44484ef953086de732cb469ed7daede94eb8043e8b47f206ea	静态索引；重点精读范围见主报告
四川	文档	/Volumes/AI/Codex/四川麻将工程_20260701_v2/evidence/ui_center_hand_perf_2_6_23/verification_report.md	76	174ee05f511d5c0486ccdefb8f0ff728b06ea3df7cef84ecbe7ad1eb7ba965e3	静态索引；重点精读范围见主报告
四川	源码/场景/工具	/Volumes/AI/Codex/四川麻将工程_20260701_v2/tools/XiaoLaoshiVideoDownloader/Tests/fake_download_douyin_video.py	44	086063b3ae1619676d33e093847a13365582cdafe1eebca33e4cca114f09f9b8	静态索引；重点精读范围见主报告
四川	源码/场景/工具	/Volumes/AI/Codex/四川麻将工程_20260701_v2/tools/capture_game_mode_select.gd	33	704d4a81e9e6bee3c889ad1c42644eb392954e5720d8e27904bab95a31f855e7	静态索引；重点精读范围见主报告
四川	源码/场景/工具	/Volumes/AI/Codex/四川麻将工程_20260701_v2/tools/export_android_release.sh	201	9d48b03f456d0d96e27b676e932a1c1000c99416bb0a8aeb2dd5a571dc5f1aa9	静态索引；重点精读范围见主报告
四川	源码/场景/工具	/Volumes/AI/Codex/四川麻将工程_20260701_v2/tools/capture_player_ui_claims.gd	165	0d96318d01f9a96502e8afd758886c27eb8c0e56c290fe3cf9755f76f21eeb0b	静态索引；重点精读范围见主报告
四川	源码/场景/工具	/Volumes/AI/Codex/四川麻将工程_20260701_v2/tools/check_state_ui_capture.py	70	2d9403426068deadace22efb8c5a59e2404aa89361e8aeeed3b52cc135b4c6a2	静态索引；重点精读范围见主报告
四川	源码/场景/工具	/Volumes/AI/Codex/四川麻将工程_20260701_v2/tools/audio/trim_sichuan_dice_roll.py	39	76e6ca9b1ac86411f561f33c4559e6da7a60a1035f052c3cedf80a0d132e245e	静态索引；重点精读范围见主报告
四川	源码/场景/工具	/Volumes/AI/Codex/四川麻将工程_20260701_v2/tools/audio/prepare_voice_batches.py	71	f0b27e0ad9e683fde43c813dfa148bc0e563775ce24b08493c321c15a7db2fea	静态索引；重点精读范围见主报告
四川	源码/场景/工具	/Volumes/AI/Codex/四川麻将工程_20260701_v2/tools/audio/split_voice_batch.py	149	0bd437f0900f5abd94a32e58e5886c8e041de16f928b0600fa878033463067d2	静态索引；重点精读范围见主报告
四川	源码/场景/工具	/Volumes/AI/Codex/四川麻将工程_20260701_v2/tools/analyze_state_ui_reference.py	135	f7dc840ce2595f1f3a546915ce8b9b852f2a24722c498f6a2eb3a358dcb2eda8	静态索引；重点精读范围见主报告
四川	源码/场景/工具	/Volumes/AI/Codex/四川麻将工程_20260701_v2/tools/redraw_wan_five.py	78	a05d5ef1282b7bdc32ad2b55c4e7a1dced31b2f5d710c960b6feff420b58116e	静态索引；重点精读范围见主报告
四川	源码/场景/工具	/Volumes/AI/Codex/四川麻将工程_20260701_v2/tools/recenter_wan_tile_glyphs.py	118	2746f5baeab33678d4b54e95b270ab80bc13600766db92adb2d7dee3dce1af2a	静态索引；重点精读范围见主报告
四川	源码/场景/工具	/Volumes/AI/Codex/四川麻将工程_20260701_v2/tools/capture_ui_matrix.gd	5	d70c0f550a7fccd489c0330f7d5b0051eb7811afabb106a142acca6031192d9d	静态索引；重点精读范围见主报告
四川	源码/场景/工具	/Volumes/AI/Codex/四川麻将工程_20260701_v2/tools/capture_reaction_scene.gd	147	ef2a73e4d051945923aad0e300c5856f18163c5019b9bfbe160af5689b4db534	静态索引；重点精读范围见主报告
四川	源码/场景/工具	/Volumes/AI/Codex/四川麻将工程_20260701_v2/tools/hell_training_index.py	388	53537ed1585ded3a0a002ed26fb832cdccd9fb9979252a959573e8088e5c7530	静态索引；重点精读范围见主报告
四川	源码/场景/工具	/Volumes/AI/Codex/四川麻将工程_20260701_v2/tools/discard_audit.py	633	1fd88915ce7b503f34a56aff6175f52a8ceaaa656663ef4f25490e8cd3292a47	静态索引；重点精读范围见主报告
四川	源码/场景/工具	/Volumes/AI/Codex/四川麻将工程_20260701_v2/tools/analyze_camera_reference.py	299	793159115a776112a8fdf16deb5d8d2599ba1a4ee596bfb8b216f57faf42eb9c	静态索引；重点精读范围见主报告
四川	源码/场景/工具	/Volumes/AI/Codex/四川麻将工程_20260701_v2/tools/audit_project_dependencies.py	82	7d4785565d0d4aa9fa0bef1e749a9054a7f4bc08dd8a76fd67a7605a5460d23f	静态索引；重点精读范围见主报告
四川	源码/场景/工具	/Volumes/AI/Codex/四川麻将工程_20260701_v2/tools/lan_probe/export_ios.gd	28	4c2e10dcfac1f2fa683feb4c7058710224ad4d8441ee6bc4687b327797d8c4bd	静态索引；重点精读范围见主报告
四川	源码/场景/工具	/Volumes/AI/Codex/四川麻将工程_20260701_v2/tools/__init__.py	2	758686d3ac9d32a81994a80de77658437eda67bcd3103f87e1cad7adc368f177	静态索引；重点精读范围见主报告
四川	源码/场景/工具	/Volumes/AI/Codex/四川麻将工程_20260701_v2/tools/analyze_table_material_reference.py	139	47d81f55a034846587b7e952feaab3f0622fdd00449953b4c7a6895f0c00f5e0	静态索引；重点精读范围见主报告
四川	源码/场景/工具	/Volumes/AI/Codex/四川麻将工程_20260701_v2/tools/generate_cartoon_tile_symbols.py	284	98437d95c78b4f5b9e82f75f14f5b9db793ac6db56a8ddb6a4480bfb2449d145	静态索引；重点精读范围见主报告
四川	源码/场景/工具	/Volumes/AI/Codex/四川麻将工程_20260701_v2/tools/create_regression_evidence_package.py	136	246d9c815f24923c14936b690e9ecd2b2327a10d9c7424c136b9ff2c43af4d87	静态索引；重点精读范围见主报告
四川	源码/场景/工具	/Volumes/AI/Codex/四川麻将工程_20260701_v2/tools/Stage6ReleasePerformanceProbe.gd	208	90d12ecbf5da3933b84dd0bb87e27a1d40ddb265897125cd6460b8d491aa6fd9	静态索引；重点精读范围见主报告
四川	源码/场景/工具	/Volumes/AI/Codex/四川麻将工程_20260701_v2/tools/capture_self_embedded_meld_preview.gd	137	1696459e35fb4a004a5df1ecd5da0a31759129317dbc07c6a3018c72f6338c28	静态索引；重点精读范围见主报告
四川	源码/场景/工具	/Volumes/AI/Codex/四川麻将工程_20260701_v2/tools/analyze_lighting_reference.py	130	f8645d68ef55c2bc81a657e9b68b5ff9cbed969bcb34635c2d592f4b92087b25	静态索引；重点精读范围见主报告
四川	源码/场景/工具	/Volumes/AI/Codex/四川麻将工程_20260701_v2/tools/compare_target_similarity.py	178	7aaa27aaf91c0d6de7977bbfe932187640e6737d2d689c0fded2a349d85372d4	静态索引；重点精读范围见主报告
四川	源码/场景/工具	/Volumes/AI/Codex/四川麻将工程_20260701_v2/tools/check_ui_capture.py	125	39100a232d6c0afafcdc87b4becbd3cf47a95ad7755a5f5059200912b4503476	静态索引；重点精读范围见主报告
四川	源码/场景/工具	/Volumes/AI/Codex/四川麻将工程_20260701_v2/tools/generate_tile_assets.py	72	c94623dd356760332199d3e6a8da42cab65e26d61b376f5c581dae5e3875d293	静态索引；重点精读范围见主报告
四川	源码/场景/工具	/Volumes/AI/Codex/四川麻将工程_20260701_v2/tools/build_ai_core.sh	22	742c0398bbe436e78579efc8fec046e85d3d4ca9dde5207f07054da01af3a781	静态索引；重点精读范围见主报告
四川	源码/场景/工具	/Volumes/AI/Codex/四川麻将工程_20260701_v2/tools/collect_emerald_stage1_asset_evidence.py	140	115a4ca443f5eb6e5392cd825bb412eae8dae8fc57de166cd3c2738e6caed684	静态索引；重点精读范围见主报告
四川	源码/场景/工具	/Volumes/AI/Codex/四川麻将工程_20260701_v2/tools/generate_luxury_felt_table.py	96	8238a205a0f7b796d9df4ded5cd00d9d4a698df670fd9fc63de8db3548cca46b	静态索引；重点精读范围见主报告
四川	源码/场景/工具	/Volumes/AI/Codex/四川麻将工程_20260701_v2/tools/export_ios_xcode_project.sh	162	d61c354125ac73ad8999618c3c6681a9abf98a1d571df699c665ca176b798d38	静态索引；重点精读范围见主报告
四川	源码/场景/工具	/Volumes/AI/Codex/四川麻将工程_20260701_v2/tools/verify_center_outer_edges.py	74	286b09e12e31e20184d6e64572d098e2126a41b52bfe7ad70a444d7f63d87ed9	静态索引；重点精读范围见主报告
四川	文档	/Volumes/AI/Codex/四川麻将工程_20260701_v2/evidence/2.6.44_ios_release_20260821/release_report.md	28	c1dca1c8131ae5144a5afc47a2247eb09851c34d1ea229969c82ddfef7f5cb80	静态索引；重点精读范围见主报告
四川	文档	/Volumes/AI/Codex/四川麻将工程_20260701_v2/research/external_mahjong_ai_20260810/ebony72-Mahjong/webgame/mac_app/README.md	65	bb4b1aa63ed7dab526977ddbdd687d8a22e18a18144d98f456e1d8a1764a86b9	静态索引；重点精读范围见主报告
四川	源码/场景/工具	/Volumes/AI/Codex/四川麻将工程_20260701_v2/tools/3d/generate_blue_glass_microfelt.py	142	3f86a9ba3bcf2713b473ec48c68853898ca90505c59a4071c2d8e365ef01028d	静态索引；重点精读范围见主报告
四川	源码/场景/工具	/Volumes/AI/Codex/四川麻将工程_20260701_v2/tools/3d/generate_sichuan_center_compass_v2.py	528	a2a605b76ca366c99c2a6ba6bd54c8f2a4b808d63ffec08495c82b30803d0bfc	静态索引；重点精读范围见主报告
四川	源码/场景/工具	/Volumes/AI/Codex/四川麻将工程_20260701_v2/tools/3d/generate_lan_lobby_glass.py	171	20deedcc9ac0ca9f61aeea47dd86fc0ef927fdf3f19737a4cfaf14007c41a1d7	静态索引；重点精读范围见主报告
四川	源码/场景/工具	/Volumes/AI/Codex/四川麻将工程_20260701_v2/tools/3d/generate_sichuan_event_callouts.py	226	b9670447e632414c23a9afeabf7935fa15999b1023a7eda84eaf532cd00f5bf7	静态索引；重点精读范围见主报告
四川	源码/场景/工具	/Volumes/AI/Codex/四川麻将工程_20260701_v2/tools/3d/generate_mahjong_assets.py	206	24b8c3ba81b0d07f17f34547c7e35e97ad79cd1251657fabec133fcaeda95957	静态索引；重点精读范围见主报告
四川	源码/场景/工具	/Volumes/AI/Codex/四川麻将工程_20260701_v2/tools/3d/generate_current_table.py	52	2b9813a107a9ea4d78a69bd9b09b1fcecb7f80523e3efa7ea41653ebd5675953	静态索引；重点精读范围见主报告
四川	源码/场景/工具	/Volumes/AI/Codex/四川麻将工程_20260701_v2/tools/3d/render_sichuan_table_material_closeups.py	88	8ff7d54d231cd8b59d7b048381c2a2a1381aaae31206a6aaf6852d2eca6d569c	静态索引；重点精读范围见主报告
四川	源码/场景/工具	/Volumes/AI/Codex/四川麻将工程_20260701_v2/tools/3d/generate_sichuan_table_v2.py	494	6a22cadc51d6b7d96684837e83cb0a0349251dd6578bc2a3d8c3c65e7dfa8626	静态索引；重点精读范围见主报告
四川	源码/场景/工具	/Volumes/AI/Codex/四川麻将工程_20260701_v2/tools/3d/canonicalize_glb_images.py	120	54c46d3a70ccd41c1e0b8cafd4131f21a97a0c7d5fb7565cceaec7cfd43315dd	静态索引；重点精读范围见主报告
四川	源码/场景/工具	/Volumes/AI/Codex/四川麻将工程_20260701_v2/tools/3d/generate_neijiang_center_compass_v2.py	753	47dc0b5997762808fe44dbac84493a96fc61ecb10903a6800a229963e241ac89	静态索引；重点精读范围见主报告
四川	源码/场景/工具	/Volumes/AI/Codex/四川麻将工程_20260701_v2/tools/3d/generate_sichuan_ui_shells_v2.py	383	f32a1af62351e7bf58ba7d0a69d9854e817844cac75544f0202cfb68551efb6a	静态索引；重点精读范围见主报告
四川	源码/场景/工具	/Volumes/AI/Codex/四川麻将工程_20260701_v2/tools/3d/expand_mahjong_tile_back.py	87	792e0d79b126bc9bfc8292b482702ee40933ef36ea12b3780205093e3d9d441a	静态索引；重点精读范围见主报告
四川	源码/场景/工具	/Volumes/AI/Codex/四川麻将工程_20260701_v2/tools/3d/preview_launch_table_frame.py	151	15840d6b5caabdae2af7ab548cbae77346cd6f49ed3aee48a4c6804117296ab9	静态索引；重点精读范围见主报告
四川	源码/场景/工具	/Volumes/AI/Codex/四川麻将工程_20260701_v2/tools/check_emerald_stage1_evidence.py	96	488b9899d495906f3e7d3bf3e8f0e9965e6d19c2c6831e00c6c1754cfe52fecd	静态索引；重点精读范围见主报告
四川	源码/场景/工具	/Volumes/AI/Codex/四川麻将工程_20260701_v2/tools/export_android_direct.gd	154	9d5f471cd3f41a06b03ed4f215ba05da181fd0c0c02caeebc3a45a855a94d823	静态索引；重点精读范围见主报告
四川	源码/场景/工具	/Volumes/AI/Codex/四川麻将工程_20260701_v2/tools/capture_main_scene.gd	1435	d461a2ed4ccf8c97729866e87f3ff65afd26378bb2c3a6db074c8dbf239a5ecd	静态索引；重点精读范围见主报告
四川	源码/场景/工具	/Volumes/AI/Codex/四川麻将工程_20260701_v2/scenes/table/MainSceneV2.tscn	1133	baed548dc1cee9e1831b73aa0fc014fec5fd80f2d596cd49e15ec5a430c56dfc	静态索引；重点精读范围见主报告
四川	源码/场景/工具	/Volumes/AI/Codex/四川麻将工程_20260701_v2/scenes/boot/SplashScreen.tscn	182	d82d32c116cca3d575a5dbaf159eb4808b4f2b65db63dae809fdaaefdaddb6af	静态索引；重点精读范围见主报告
四川	源码/场景/工具	/Volumes/AI/Codex/四川麻将工程_20260701_v2/scenes/network/LanProbe.tscn	12	a0274b40b316aee465ee8025254a1df72461472d35adee32ffd3c95ed1731d4c	静态索引；重点精读范围见主报告
四川	源码/场景/工具	/Volumes/AI/Codex/四川麻将工程_20260701_v2/scenes/network/GameModeSelect.tscn	12	dbeb7b3d33c095263bbbdcf6715a7e35679ed46b0611104c44068b8766e9007e	静态索引；重点精读范围见主报告
四川	文档	/Volumes/AI/Codex/四川麻将工程_20260701_v2/evidence/learning_closed_loop_20260905/work-status.md	43	dcf427d8ecaeaadfe8ed3cba0e87299ea8fc409013f6041c2172367b67831004	静态索引；重点精读范围见主报告
四川	文档	/Volumes/AI/Codex/四川麻将工程_20260701_v2/evidence/learning_closed_loop_20260905/selected-pilot-assessment.md	45	dd84d3c78453b4a967cf5061daec10c1bc84e51e0b236cc57a6b4a5b27410f4c	静态索引；重点精读范围见主报告
四川	源码/场景/工具	/Volumes/AI/Codex/四川麻将工程_20260701_v2/scenes/ui/PlayerHandViewport.tscn	63	6c3f3fd9187d883d91016b0ca4d2a7e087b01e053151e9710b7a693828d8bef9	静态索引；重点精读范围见主报告
四川	源码/场景/工具	/Volumes/AI/Codex/四川麻将工程_20260701_v2/scenes/ui/TileButton.tscn	49	01741a0c9e07715a26231910aa8aaea57f6f96bb97e233bc95c217ad10483faf	静态索引；重点精读范围见主报告
四川	源码/场景/工具	/Volumes/AI/Codex/四川麻将工程_20260701_v2/scenes/ui/PlayerUI.tscn	98	b75a910f75bf17a0a7cffb4fa5b1390e6d0b70c263727dcaa009b344629eb4e7	静态索引；重点精读范围见主报告
四川	源码/场景/工具	/Volumes/AI/Codex/四川麻将工程_20260701_v2/scenes/ui/TileVisual2D.tscn	10	66392ce9859c3e8b0a9fc56ad13b15ec0e4d4799d0500bb48501755bbb753693	静态索引；重点精读范围见主报告
四川	源码/场景/工具	/Volumes/AI/Codex/四川麻将工程_20260701_v2/scenes/ui/MahjongTile.tscn	8	a8ec7f35f158a8d5dd3d81db65beaf1afaa9205a345945e9b4b20a508e7675af	静态索引；重点精读范围见主报告
四川	源码/场景/工具	/Volumes/AI/Codex/四川麻将工程_20260701_v2/scenes/ui/AIAssistant.tscn	124	dfacf53a2fd8738d21c2694d6dc93fb8e424e4ef1b17cb2e6fa87de8055623e6	静态索引；重点精读范围见主报告
四川	源码/场景/工具	/Volumes/AI/Codex/四川麻将工程_20260701_v2/scenes/ui/MahjongTile3D.tscn	14	0b92134ca8d49f201b5fd98d0af2313ff3134b978e681f54e4ea39a1697c5c23	静态索引；重点精读范围见主报告
四川	源码/场景/工具	/Volumes/AI/Codex/四川麻将工程_20260701_v2/scenes/ui/table/DingQueBadge.tscn	19	88cd27e0836fcd75de8e8875f1253941a18f37a133064a681465144d19ac075c	静态索引；重点精读范围见主报告
四川	源码/场景/工具	/Volumes/AI/Codex/四川麻将工程_20260701_v2/scenes/ui/table/SettlementOverlay.tscn	137	57f7f8e1a57735072d5569e35b9b6d819fd4398777f2e1b33623b2e7490323a9	静态索引；重点精读范围见主报告
四川	源码/场景/工具	/Volumes/AI/Codex/四川麻将工程_20260701_v2/scenes/ui/table/SeatHUD.tscn	199	cb70d8e4cb5254a60407a006d51a7112e25dfb9c3d0c7ee9744fe6cbde259bd9	静态索引；重点精读范围见主报告
四川	源码/场景/工具	/Volumes/AI/Codex/四川麻将工程_20260701_v2/scenes/ui/table/TableActionBar.tscn	105	9c45004c19aede87f77eb143de396fbe13de6f0afbe73f71b4f0199512bca68f	静态索引；重点精读范围见主报告
四川	源码/场景/工具	/Volumes/AI/Codex/四川麻将工程_20260701_v2/scenes/ui/table/CenterTurnIndicator.tscn	118	08d4614c801cc006002bb4f6a52afbfadefe5d582592ad5a3a91b88129ea769e	静态索引；重点精读范围见主报告
四川	源码/场景/工具	/Volumes/AI/Codex/四川麻将工程_20260701_v2/scenes/ui/table/TableUtilityBar.tscn	126	03ab499b1752b02e7fde023c0916668962670839eefaf8a7784db4f4f7fa579f	静态索引；重点精读范围见主报告
四川	文档	/Volumes/AI/Codex/四川麻将工程_20260701_v2/research/external_mahjong_ai_20260810/kennyzhang-Sichuan-Mahjong-AI-Testbed/README.md	44	45c9d5744f1b8154b5f1f1750c2f99dfb2f91b366f100cd17f8e78ca59269cce	静态索引；重点精读范围见主报告
四川	文档	/Volumes/AI/Codex/四川麻将工程_20260701_v2/evidence/learning_joint_route_20260908/report.md	56	d16297493ad1172c5e904dde23606d6223a366d33601df8e06658b1b85cdfcba	静态索引；重点精读范围见主报告
四川	文档	/Volumes/AI/Codex/四川麻将工程_20260701_v2/evidence/ui_minimal_center_2_6_27/clean_outer_edges_verification_report.md	48	b57cbcd249f4c76b6d036dee6a97024544a4d4e3543af8a7e9297151b7a28395	静态索引；重点精读范围见主报告
四川	文档	/Volumes/AI/Codex/四川麻将工程_20260701_v2/evidence/learning_closed_loop_20260905/order97_mechanism/preregistered_validation_iteration4.md	22	304812b0076a13b0b3f3fcf60178a8a9bfcc2045439c5a4fb4d124fe43b35e63	静态索引；重点精读范围见主报告
四川	文档	/Volumes/AI/Codex/四川麻将工程_20260701_v2/evidence/learning_closed_loop_20260905/order97_mechanism/iteration2_result.md	10	4e13eaf5a8ad648b2274f90825809786453e5425726ec446949e5f27728290ab	静态索引；重点精读范围见主报告
四川	文档	/Volumes/AI/Codex/四川麻将工程_20260701_v2/evidence/learning_closed_loop_20260905/order97_mechanism/iteration5_smoke_result.md	5	fb844d6bdea70b1877072ee17a6c3740fb5a9944d3d267fd90dcb737a35ad403	静态索引；重点精读范围见主报告
四川	文档	/Volumes/AI/Codex/四川麻将工程_20260701_v2/evidence/learning_closed_loop_20260905/order97_mechanism/preregistered_validation_iteration7_checkpoint32.md	12	851dcfccde17810694b234c15077a9fbb858712a47e7adac16d25b25ed2b19e8	静态索引；重点精读范围见主报告
四川	文档	/Volumes/AI/Codex/四川麻将工程_20260701_v2/evidence/learning_closed_loop_20260905/order97_mechanism/preregistered_validation_iteration6_checkpoint32.md	20	9ddb663f018579c4556398fc3f586a1f61d037511f45a04e1921581c6ef8524c	静态索引；重点精读范围见主报告
四川	文档	/Volumes/AI/Codex/四川麻将工程_20260701_v2/evidence/learning_closed_loop_20260905/order97_mechanism/preregistered_validation_iteration8_partial_checkpoint.md	16	5eafa8f15615150abbdc80cb2c88e32d4364fca02955ec36af278f7e0a2ce6f1	静态索引；重点精读范围见主报告
四川	文档	/Volumes/AI/Codex/四川麻将工程_20260701_v2/evidence/learning_closed_loop_20260905/order97_mechanism/preregistered_validation.md	24	7b07408f1c1ad50646a08c2ca5e7dc86f7bec040c39ba582a297bbf7809c10cf	静态索引；重点精读范围见主报告
四川	文档	/Volumes/AI/Codex/四川麻将工程_20260701_v2/evidence/learning_closed_loop_20260905/order97_mechanism/preregistered_validation_iteration5_checkpoint.md	27	fd0188beed849fdacefc8dd79e7be1545f6a200b43f1a8eaaec2ebe1eebb56ea	静态索引；重点精读范围见主报告
四川	文档	/Volumes/AI/Codex/四川麻将工程_20260701_v2/evidence/learning_closed_loop_20260905/order97_mechanism/iteration8_result.md	7	926d919c3393a1ab37914374ccda86f40ea03efd6c7fa8fcef60dba40f3ed599	静态索引；重点精读范围见主报告
四川	文档	/Volumes/AI/Codex/四川麻将工程_20260701_v2/evidence/learning_closed_loop_20260905/order97_mechanism/preregistered_validation_iteration10_hash_bound.md	10	26b02b6a08918a78645bcd7d9e2f42f0efa9cddf84a7312efa2b682a244d9d0a	静态索引；重点精读范围见主报告
四川	文档	/Volumes/AI/Codex/四川麻将工程_20260701_v2/evidence/learning_closed_loop_20260905/order97_mechanism/iteration6_smoke_result.md	5	0b1a1f184710ff95053cfed73c4f231cce337e3bd97a6a287bbb59aab8771862	静态索引；重点精读范围见主报告
四川	文档	/Volumes/AI/Codex/四川麻将工程_20260701_v2/evidence/learning_closed_loop_20260905/order97_mechanism/preregistered_validation_iteration9_explicit_candidate.md	15	78c0a15182f536a39a5f57f18b7d7dabf9e7a3d85c5cd4844d6a7e3dee7b4272	静态索引；重点精读范围见主报告
四川	文档	/Volumes/AI/Codex/四川麻将工程_20260701_v2/evidence/learning_closed_loop_20260905/order97_mechanism/final_validation_summary.md	77	9993ecf6bc54b84ad9ed57b5be1790f5747c6aeda673e8330e3683e56fd2aea6	静态索引；重点精读范围见主报告
四川	文档	/Volumes/AI/Codex/四川麻将工程_20260701_v2/evidence/learning_closed_loop_20260905/order97_mechanism/iteration1_result.md	11	9e25038b21cc364c81a3d90b9715e4a46453c071936ca4bd0ebba808fb1a0e8b	静态索引；重点精读范围见主报告
四川	文档	/Volumes/AI/Codex/四川麻将工程_20260701_v2/evidence/learning_closed_loop_20260905/order97_mechanism/preregistered_validation_iteration2.md	13	671a6d6d971b767083b9ccb7693f790a940a24cdf9fd8716e034d3db2633ba0f	静态索引；重点精读范围见主报告
四川	文档	/Volumes/AI/Codex/四川麻将工程_20260701_v2/evidence/learning_closed_loop_20260905/order97_mechanism/iteration2_negative_diagnosis.md	16	645c2af6a83de733cccb9cc3505e590ee1bd66f7ab5a1ab136102ffef2f8601f	静态索引；重点精读范围见主报告
四川	文档	/Volumes/AI/Codex/四川麻将工程_20260701_v2/evidence/learning_closed_loop_20260905/order97_mechanism/preregistered_validation_iteration3.md	31	5c2edaa7452079b9dedbb5c8752bfacdd4f0bc923842aadaeb9a23b506edaf9a	静态索引；重点精读范围见主报告
四川	文档	/Volumes/AI/Codex/四川麻将工程_20260701_v2/evidence/learning_closed_loop_20260905/order97_mechanism/iteration7_smoke_result.md	5	554a1d678d7771375961568f884767d1d71b5caac5d5842f933903aa7e38b14b	静态索引；重点精读范围见主报告
四川	文档	/Volumes/AI/Codex/四川麻将工程_20260701_v2/evidence/structure_cleanup_20260927/REPORT.md	70	141cfd04b764eda54bb1f0d736329e5d3244a373f8508ae1371061fbc1caf370	静态索引；重点精读范围见主报告
四川	文档	/Volumes/AI/Codex/四川麻将工程_20260701_v2/evidence/structure_cleanup_20260927/comparison_sources/README.md	7	c621c1ccef966019e2b221be564fdf98b3766f788dc953865e4b4035f38d9b11	静态索引；重点精读范围见主报告
四川	文档	/Volumes/AI/Codex/四川麻将工程_20260701_v2/evidence/ui_blender_center_2_6_26/verification_report.md	74	b4d4cd17e9a887fb1405e4463b309f9b99dbb442829a155b07b6e5dcc1bdd98d	静态索引；重点精读范围见主报告
四川	文档	/Volumes/AI/Codex/四川麻将工程_20260701_v2/evidence/2.6.12_ios_release_20260731/release_report.md	50	34301e331d8d98f85e34346f8e2d76be00143e5e8e6158cefaf792be5c4d1f2e	静态索引；重点精读范围见主报告
四川	文档	/Volumes/AI/Codex/四川麻将工程_20260701_v2/evidence/learning_closed_loop_20260905/source-window-review.md	44	53ce19d2a4cca67ea6d55ecf5af251d1e85e85f4722964509fbfd2a591627f9a	静态索引；重点精读范围见主报告
四川	文档	/Volumes/AI/Codex/四川麻将工程_20260701_v2/evidence/2.6.34_ios_release_20260809/release_report.md	48	617f4936b432fbcfd927dc0141c9a892da58d952baa6a1d706f1c662f3b1e810	静态索引；重点精读范围见主报告
四川	文档	/Volumes/AI/Codex/四川麻将工程_20260701_v2/evidence/2.6.15_android_emulator_fix_20260801/verification_report.md	77	1d88b1bf95d7f34ae816687d42f9f0bcec9a85f7dc748bcdb783b5c52e9ae139	静态索引；重点精读范围见主报告
四川	文档	/Volumes/AI/Codex/四川麻将工程_20260701_v2/evidence/2.6.14_android_release_20260731/release_report.md	26	418ee915ec0806356d21ad2b283848c3518c05f3ee0d2c6fac8ac8135f9b6daa	静态索引；重点精读范围见主报告
四川	文档	/Volumes/AI/Codex/四川麻将工程_20260701_v2/evidence/ui_minimal_center_2_6_27/exact_red_verification_report.md	54	e389838e466ffaa2afb8766e5b3345b497d6cf6fd7b7c6d75920f34322e2474e	静态索引；重点精读范围见主报告
四川	文档	/Volumes/AI/Codex/四川麻将工程_20260701_v2/evidence/ui_meld_model_consistency_20260731/verification_report.md	39	9493aed3bba7956ec6674b94dbb6fcb80100354702bb4d769aa03204873e2874	静态索引；重点精读范围见主报告
四川	文档	/Volumes/AI/Codex/四川麻将工程_20260701_v2/evidence/2.6.38_ios_release_20260820/release_report.md	38	75717dba2948811395a3b7db876268d96c446d9dceab2dbf7ff8f055a156b647	静态索引；重点精读范围见主报告
四川	文档	/Volumes/AI/Codex/四川麻将工程_20260701_v2/evidence/ui_settlement_2_6_18/verification_report.md	78	12433f8ca33a11162386f697d2b99b22eb90553a94e4eadafff8ae22e0b52f70	静态索引；重点精读范围见主报告
四川	文档	/Volumes/AI/Codex/四川麻将工程_20260701_v2/evidence/2.6.37_ios_release_20260810/release_report.md	35	92f5f33a726c31a03f1aa77fe6a936cdabcbcc11f80577fff2cae5d98003d41a	静态索引；重点精读范围见主报告
四川	文档	/Volumes/AI/Codex/四川麻将工程_20260701_v2/evidence/2.6.49_ios_release_20260910/release_report.md	11	b043448c57e0563646629b94fc96c0713074b87027798bd85eceb8ef489ec105	静态索引；重点精读范围见主报告
四川	文档	/Volumes/AI/Codex/四川麻将工程_20260701_v2/evidence/ui_tactile_table_2_6_33_20260808/verification_report.md	31	0f17d309174ab0536d21246762eb4ccd8b9c240ce091088144f304d0a9d24396	静态索引；重点精读范围见主报告
四川	文档	/Volumes/AI/Codex/四川麻将工程_20260701_v2/evidence/ui_hand_spacing_perf_2_6_24/verification_report.md	68	ccd627c1cde1c267e267d0bb6294787dba9b73df3942c99e29fe9c681142f52d	静态索引；重点精读范围见主报告
四川	文档	/Volumes/AI/Codex/四川麻将工程_20260701_v2/evidence/learning_method_audit_20260908/report.md	62	af397fe2dd38f6fb5580053b13e939c4d57373ef8504dd1019f7103822754596	静态索引；重点精读范围见主报告
四川	文档	/Volumes/AI/Codex/四川麻将工程_20260701_v2/evidence/learning_method_audit_20260908/source-contract.md	29	a512657870c55fe4dc7f9e536378e3ca51f9aaef815c57f1b58c84a0d1125e25	静态索引；重点精读范围见主报告
四川	文档	/Volumes/AI/Codex/四川麻将工程_20260701_v2/evidence/ui_six_fixes_20260801/release_report.md	45	214fcdf3fdf5165c5264473faec62a2ca7d200e350257637b4fde29e1906d70a	静态索引；重点精读范围见主报告
四川	文档	/Volumes/AI/Codex/四川麻将工程_20260701_v2/evidence/ui_tile_back_target_restore_20260731/measurement.md	30	7f70adeef8989c0f70e3ebb2c4dab878e82bb080ad9b41208cad155f7c35067e	静态索引；重点精读范围见主报告
四川	文档	/Volumes/AI/Codex/四川麻将工程_20260701_v2/evidence/2.6.14_ios_release_20260731/release_report.md	34	0e28b506c06d99c38fe1f99c46d114d6218a85791bb721919db9f9e80b2b9062	静态索引；重点精读范围见主报告
四川	文档	/Volumes/AI/Codex/四川麻将工程_20260701_v2/evidence/2.6.46_ios_release_20260822/release_report.md	24	715022543ee19cd6d7e007a0d1f5b622a3e872e5908c785a28c31c4a04770405	静态索引；重点精读范围见主报告
四川	文档	/Volumes/AI/Codex/四川麻将工程_20260701_v2/evidence/1.0.47_android_package_restore/README.md	165	713782e66b566026b5477a3840c4d3bd2a31d69588b070513eb541307c12ebab	静态索引；重点精读范围见主报告
四川	文档	/Volumes/AI/Codex/四川麻将工程_20260701_v2/evidence/2.6.41_ios_release_20260821/release_report.md	29	32b44a657e4056d5ab1a3f314864ac18764807dcc7e68d1bfed29c05ca8ca090	静态索引；重点精读范围见主报告
四川	文档	/Volumes/AI/Codex/四川麻将工程_20260701_v2/evidence/mobile_performance_2_6_59/verification_report.md	49	136f1579917337f19918a38b5cb8ea8a29c58532afa6c575dbfa8a8fd3873311	静态索引；重点精读范围见主报告
四川	文档	/Volumes/AI/Codex/四川麻将工程_20260701_v2/evidence/ui_splash_matched_felt_20260807/verification_report.md	72	a6a7dbcbe50d89f15451924b62a3b030123150f02fd87ef5b2e349a33409141c	静态索引；重点精读范围见主报告
四川	文档	/Volumes/AI/Codex/四川麻将工程_20260701_v2/evidence/bugs_dealer_buttons_single_lane_20260927/REPORT.md	32	63778fc3f8b0460778c43853f830c07a46d0622e52dc99bdd57100630980c643	静态索引；重点精读范围见主报告
四川	文档	/Volumes/AI/Codex/四川麻将工程_20260701_v2/evidence/2.6.29_ios_reinstall_20260807/reinstall_report.md	51	f91ffcdc8fa63a5ea6c125ad880a5f90daf36f87562e42268502286495bd022e	静态索引；重点精读范围见主报告
四川	文档	/Volumes/AI/Codex/四川麻将工程_20260701_v2/evidence/2.6.40_ios_release_20260821/release_report.md	36	71c0af4fd5eec471d9e3deaf195bcf215aef5e7cc9309bceca3d74259e18e1fc	静态索引；重点精读范围见主报告
四川	文档	/Volumes/AI/Codex/四川麻将工程_20260701_v2/evidence/2.6.47_ios_release_20260822/release_report.md	22	673371252e4ca8d0953b62150a26a26fa69686b982b05ce25e9e2585d98f0bee	静态索引；重点精读范围见主报告
四川	文档	/Volumes/AI/Codex/四川麻将工程_20260701_v2/evidence/2.6.28_ios_release_20260804/release_report.md	39	74bfd968e30956c3eecb4531affac3a9cac6cbd530303ae28b03d2b7ebe41dbf	静态索引；重点精读范围见主报告
四川	文档	/Volumes/AI/Codex/四川麻将工程_20260701_v2/evidence/2.6.39_ios_release_20260821/release_report.md	37	a6c8244298e3ec51bbc5416fbc7f6bff44734d4398939f93b93a783cd2f7e269	静态索引；重点精读范围见主报告
四川	文档	/Volumes/AI/Codex/四川麻将工程_20260701_v2/evidence/2.6.12_android_release_20260731/release_report.md	84	62e3462484e9e7e77b0f3354789587979500e723954d94a37d9cf505e429df7a	静态索引；重点精读范围见主报告
四川	文档	/Volumes/AI/Codex/四川麻将工程_20260701_v2/evidence/ui_settlement_2_6_22/verification_report.md	56	5c6f843fa6dfbbc15fc12e250c92e275452bfd59da08127af3c352b258b18c86	静态索引；重点精读范围见主报告
四川	文档	/Volumes/AI/Codex/四川麻将工程_20260701_v2/evidence/2.6.33_ios_release_20260808/release_report.md	15	d624631704e9ce6f6c37b029c39dbd99246ceff0b756b7409db59face6b39020	静态索引；重点精读范围见主报告
四川	文档	/Volumes/AI/Codex/四川麻将工程_20260701_v2/evidence/2.6.13_ios_release_20260731/release_report.md	39	17cfff3bf7adb233a08080ba35a3a6fedd2d85464ad6bdcf90ded96a7ef680bf	静态索引；重点精读范围见主报告
四川	文档	/Volumes/AI/Codex/四川麻将工程_20260701_v2/evidence/learning_public_posterior_20260908/report.md	38	bdd74d2dd6d86de2c7fe8a3d798fe53e2390806864f6f85d195107ade3ec9505	静态索引；重点精读范围见主报告
四川	文档	/Volumes/AI/Codex/四川麻将工程_20260701_v2/evidence/2.6.35_ios_release_20260809/ai_verification_report.md	50	50996dcdc6b115bbed042c73290fcfa7754eb072a77ededf8cf60f4c2ea0f16a	静态索引；重点精读范围见主报告
四川	文档	/Volumes/AI/Codex/四川麻将工程_20260701_v2/evidence/2.6.35_ios_release_20260809/release_report.md	48	a79b07e57bc3bfe3359242b2b0c225d9e6967ad75b5223ddf6b347a571b67a00	静态索引；重点精读范围见主报告
四川	文档	/Volumes/AI/Codex/四川麻将工程_20260701_v2/evidence/2.6.29_ios_release_20260804/release_report.md	57	cd1e6134d6e6de3e059e3eeccb3492e082dda37625757bbe199ed3ca17d2559c	静态索引；重点精读范围见主报告
四川	文档	/Volumes/AI/Codex/四川麻将工程_20260701_v2/evidence/1.0.42_to_1.0.44_github_diff/README.md	280	5f004958d81d19f197f4dab706a22f32b16a6c9b02bede67fa8da550d60a99da	静态索引；重点精读范围见主报告
四川	文档	/Volumes/AI/Codex/四川麻将工程_20260701_v2/evidence/2.6.48_android_release_20260822/release_report.md	11	549e8760478f871b48f38aa51c5ddf4c31a765bd21c91394a08d17ff4614300c	静态索引；重点精读范围见主报告
四川	文档	/Volumes/AI/Codex/四川麻将工程_20260701_v2/evidence/2.6.29_android_release_20260804/release_report.md	48	53f61d7bbf0573d57bdc4827d3fa7f42ba2d55371838fead3b5dfc8dd995fa9d	静态索引；重点精读范围见主报告
四川	文档	/Volumes/AI/Codex/四川麻将工程_20260701_v2/evidence/learning_blood_battle_continuation_20260909/report.md	47	3ec6ae1eeab86569c52c7a415d5eb3fe1c10ee6b66cc9311e9a735cbda390109	静态索引；重点精读范围见主报告
四川	文档	/Volumes/AI/Codex/四川麻将工程_20260701_v2/evidence/2.6.75_release_20260924/RELEASE.md	24	442b25cdc6fcf061e84c2026df2d28dd869f4465db2a2c433366a04d70542a2b	静态索引；重点精读范围见主报告
四川	文档	/Volumes/AI/Codex/四川麻将工程_20260701_v2/evidence/2.6.43_ios_release_20260821/release_report.md	27	8b0847e650a175b58cb863055f563170084f0ee94dc4a8e7151eb38619ff73b7	静态索引；重点精读范围见主报告
四川	文档	/Volumes/AI/Codex/四川麻将工程_20260701_v2/evidence/skill_expert_learning_v2_20260905/implementation-report.md	63	14a3334fb6ecc1510ce0fef175d6c04aa3efaf026cc0b4fc979e6d9d61bfac5f	静态索引；重点精读范围见主报告
四川	文档	/Volumes/AI/Codex/四川麻将工程_20260701_v2/evidence/2.6.36_ios_release_20260810/ai_verification_report.md	49	590088117f16645e58bc53d8946b2f7db6574416915f84099104717b1026cc08	静态索引；重点精读范围见主报告
四川	文档	/Volumes/AI/Codex/四川麻将工程_20260701_v2/evidence/2.6.36_ios_release_20260810/release_report.md	35	3d5077a69ed012668cf76d2b306685dcbe289217c4f4c8896a669683e1f18cdf	静态索引；重点精读范围见主报告
四川	文档	/Volumes/AI/Codex/四川麻将工程_20260701_v2/evidence/skill_expert_learning_v2_20260905/order74-original-snapshot/knowledge-card.md	59	4d7a2608571edb30b091bc1baf63d60d0aaf4dcec3c2c51891d400a02a09bff5	静态索引；重点精读范围见主报告
四川	文档	/Volumes/AI/Codex/四川麻将工程_20260701_v2/evidence/2.6.45_ios_release_20260821/release_report.md	17	71ff8d4cb3d5d22a56da86c95d664b1e421335dcf91fb698fb1b266532d2ad82	静态索引；重点精读范围见主报告
四川	文档	/Volumes/AI/Codex/四川麻将工程_20260701_v2/evidence/learning_closed_loop_20260906/order97_legal_loop/cross-video-evidence.md	41	7a3f1aba0afbe956a3f52091369a880cf9bb85f3cafd9f31ee99f8de657e4baf	静态索引；重点精读范围见主报告
四川	文档	/Volumes/AI/Codex/四川麻将工程_20260701_v2/evidence/learning_closed_loop_20260906/order97_legal_loop/capability-development-ledger.md	35	d69fd67b68dbd4f460937e2d898dd6d0caa70b27b4c86d7ece3b4a5b04bb72e7	静态索引；重点精读范围见主报告
四川	文档	/Volumes/AI/Codex/四川麻将工程_20260701_v2/evidence/ui_emerald_final_20260726/judges/Stage2_空间布局与动作区_独立验收判词_20260726.md	43	153a9c0ac4a6f3dc4b6d57b30aef0d15f251f00a00442732562fd0cf62ec2266	静态索引；重点精读范围见主报告
四川	文档	/Volumes/AI/Codex/四川麻将工程_20260701_v2/evidence/ui_emerald_final_20260726/judges/Stage2_手牌与牌张反馈_独立验收判词_20260726.md	59	7612786c94d99744758f393705617ce3ac80abd480f45e76c374389fe5dd0ec7	静态索引；重点精读范围见主报告
四川	文档	/Volumes/AI/Codex/四川麻将工程_20260701_v2/evidence/ui_emerald_final_20260726/judges/Stage2_玩家信息区_独立验收判词_20260726.md	26	c05e2e23772bc1554c4b54eb84be00e6e8a8d35f2c2f5b75d814b5262539b228	静态索引；重点精读范围见主报告
四川	文档	/Volumes/AI/Codex/四川麻将工程_20260701_v2/evidence/ui_emerald_final_20260726/judges/Stage3_表现导演与事件唯一性_独立验收判词_20260726.md	79	6ad3b778ec7ba69eb889f7a9fac44c8ceff1a29a4485d46946ffa26d1be4158a	静态索引；重点精读范围见主报告
四川	文档	/Volumes/AI/Codex/四川麻将工程_20260701_v2/evidence/ui_emerald_final_20260726/judges/Stage4_动画节奏与事件表现_独立验收判词_20260726.md	154	f25317e498dde684a7f6614d664b8d4a601524593d2751a2185878e51990f905	静态索引；重点精读范围见主报告
四川	文档	/Volumes/AI/Codex/四川麻将工程_20260701_v2/evidence/ui_emerald_final_20260726/judges/Stage1_独立验收判词_20260726.md	88	341a2f55a8cd114a394d3550b932f8bb02655a090ed044beccf4581bd49d4401	静态索引；重点精读范围见主报告
四川	文档	/Volumes/AI/Codex/四川麻将工程_20260701_v2/evidence/ui_emerald_final_20260726/judges/Stage5_结算视觉账本与转场_独立验收判词_20260726.md	130	a8fc33f25ad33bc7fa2a24b509fd45715cb5d3adb70f13baa3051ef3c7541db0	静态索引；重点精读范围见主报告
四川	文档	/Volumes/AI/Codex/四川麻将工程_20260701_v2/evidence/ui_emerald_final_20260726/judges/Stage2_DQ与中央方向器_独立验收判词_20260726.md	35	b918deea9b5bdc9650dbc58ca6c36544084b0e15ae4eb7c3bb04936b93277378	静态索引；重点精读范围见主报告
四川	文档	/Volumes/AI/Codex/四川麻将工程_20260701_v2/evidence/ui_emerald_final_20260726/judges/Stage2_字体与可读性_独立验收判词_20260726.md	102	c91d1eda1e75391e2b5d62ac4f54126af19ab1093bee926a16c9c6f175ca4c7d	静态索引；重点精读范围见主报告
四川	文档	/Volumes/AI/Codex/四川麻将工程_20260701_v2/evidence/ui_emerald_final_20260726/stage4_motion/callout_asset_manifest.md	56	c92ec3f3c2f863a3adcf0f44881a7ff02d48f14ef81c9cdd1d1632424a3507ea	静态索引；重点精读范围见主报告
四川	文档	/Volumes/AI/Codex/四川麻将工程_20260701_v2/evidence/ui_emerald_final_20260726/stage4_motion/motion_sequence_timeline.md	55	8c9ef8d5b595dd1b89fff474cdff52c3a6d175914a04590d2edadec39fdda58d	静态索引；重点精读范围见主报告
四川	文档	/Volumes/AI/Codex/四川麻将工程_20260701_v2/evidence/ui_center_settlement_redesign_20260804/verification_report.md	51	e347c6e7d42adfda6d7f4dcc323aa14470bd86761039647561e4867099c5a9ae	静态索引；重点精读范围见主报告
四川	文档	/Volumes/AI/Codex/四川麻将工程_20260701_v2/evidence/ui_tile_physical_thickness_20260731/verification_report.md	39	16bce1bafebe96fc45071b80116967b8a940d55eb0696bd2b8edb593959ca6c2	静态索引；重点精读范围见主报告
四川	文档	/Volumes/AI/Codex/四川麻将工程_20260701_v2/evidence/ui_emerald_final_20260726/stage5_settlement/settlement_asset_and_transition_manifest.md	58	03271696cb1c1c1f79950cb2880527993c1ccd5eb8d546d609467fc48531a0fc	静态索引；重点精读范围见主报告
四川	文档	/Volumes/AI/Codex/四川麻将工程_20260701_v2/evidence/ui_physical_integration_20260808/verification_report.md	79	913f837ba6e2a09c7d7c0ffef987644372218ec3dc649969a978c8b8c86efaf6	静态索引；重点精读范围见主报告
四川	文档	/Volumes/AI/Codex/四川麻将工程_20260701_v2/evidence/2.6.49_android_release_20260910/release_report.md	10	10e4d2ac8a93c291de02749320c0591358c715998f30deca576bcdf172b06d2a	静态索引；重点精读范围见主报告
四川	文档	/Volumes/AI/Codex/四川麻将工程_20260701_v2/evidence/ai_action_compare_20260809_same_state.md	43	e90223f36dde89a98a0a27796f88d74d15d8b0d7d8c7fac28e1547c08fd68c00	静态索引；重点精读范围见主报告
四川	文档	/Volumes/AI/Codex/四川麻将工程_20260701_v2/evidence/ui_center_hand_seams_2_6_25/verification_report.md	67	299efae454dd569405e74d0215584ad182007f195b235a457205a579472fbcdb	静态索引；重点精读范围见主报告
四川	文档	/Volumes/AI/Codex/四川麻将工程_20260701_v2/evidence/ui_emerald_final_20260726/stage3_presentation/presentation_dependency_graph.md	24	f53e48f45fe5d4688a615b46c487da10543c6da8c250deed82d3ed627f9c48c8	静态索引；重点精读范围见主报告
四川	文档	/Volumes/AI/Codex/四川麻将工程_20260701_v2/evidence/ui_3d_rebuild_20260718/README.md	35	86ffb49455ebe179049fb6a94c0c133c8653d5abee94465d7e0ddb3915651ad6	静态索引；重点精读范围见主报告
四川	文档	/Volumes/AI/Codex/四川麻将工程_20260701_v2/evidence/2.6.48_ios_release_20260822/release_report.md	34	786e3910cc80a74b6ea74131f294409c9d962abff7a8495de713008d025235b7	静态索引；重点精读范围见主报告
四川	文档	/Volumes/AI/Codex/四川麻将工程_20260701_v2/evidence/ui_opponent_back_consistency_20260731/measurement.md	38	c8e399c001f659eed125c78d752261a8430419bc75d463e50f63d10f9e729e2d	静态索引；重点精读范围见主报告
