音色ID	音色名	语言	性别	事件或牌名	四川资源	内江目标路径	源文件存在	内江存在	内容核对
mandarin_tiancaitongzhu_2	天才同桌 2.0	mandarin	male	tiao_1	/Volumes/AI/Codex/四川麻将工程_20260701_v2/res/audio/tts/male/tiao_1.wav	/Users/chendong/Documents/内江麻将工程_20260502_103823_v2/res/audio/tts/male/tiao_1.wav	True	True	待新增或更新
mandarin_tiancaitongzhu_2	天才同桌 2.0	mandarin	male	tiao_2	/Volumes/AI/Codex/四川麻将工程_20260701_v2/res/audio/tts/male/tiao_2.wav	/Users/chendong/Documents/内江麻将工程_20260502_103823_v2/res/audio/tts/male/tiao_2.wav	True	True	待新增或更新
mandarin_tiancaitongzhu_2	天才同桌 2.0	mandarin	male	tiao_3	/Volumes/AI/Codex/四川麻将工程_20260701_v2/res/audio/tts/male/tiao_3.wav	/Users/chendong/Documents/内江麻将工程_20260502_103823_v2/res/audio/tts/male/tiao_3.wav	True	True	待新增或更新
mandarin_tiancaitongzhu_2	天才同桌 2.0	mandarin	male	tiao_4	/Volumes/AI/Codex/四川麻将工程_20260701_v2/res/audio/tts/male/tiao_4.wav	/Users/chendong/Documents/内江麻将工程_20260502_103823_v2/res/audio/tts/male/tiao_4.wav	True	True	待新增或更新
mandarin_tiancaitongzhu_2	天才同桌 2.0	mandarin	male	tiao_5	/Volumes/AI/Codex/四川麻将工程_20260701_v2/res/audio/tts/male/tiao_5.wav	/Users/chendong/Documents/内江麻将工程_20260502_103823_v2/res/audio/tts/male/tiao_5.wav	True	True	待新增或更新
mandarin_tiancaitongzhu_2	天才同桌 2.0	mandarin	male	tiao_6	/Volumes/AI/Codex/四川麻将工程_20260701_v2/res/audio/tts/male/tiao_6.wav	/Users/chendong/Documents/内江麻将工程_20260502_103823_v2/res/audio/tts/male/tiao_6.wav	True	True	待新增或更新
mandarin_tiancaitongzhu_2	天才同桌 2.0	mandarin	male	tiao_7	/Volumes/AI/Codex/四川麻将工程_20260701_v2/res/audio/tts/male/tiao_7.wav	/Users/chendong/Documents/内江麻将工程_20260502_103823_v2/res/audio/tts/male/tiao_7.wav	True	True	待新增或更新
mandarin_tiancaitongzhu_2	天才同桌 2.0	mandarin	male	tiao_8	/Volumes/AI/Codex/四川麻将工程_20260701_v2/res/audio/tts/male/tiao_8.wav	/Users/chendong/Documents/内江麻将工程_20260502_103823_v2/res/audio/tts/male/tiao_8.wav	True	True	待新增或更新
mandarin_tiancaitongzhu_2	天才同桌 2.0	mandarin	male	tiao_9	/Volumes/AI/Codex/四川麻将工程_20260701_v2/res/audio/tts/male/tiao_9.wav	/Users/chendong/Documents/内江麻将工程_20260502_103823_v2/res/audio/tts/male/tiao_9.wav	True	True	待新增或更新
mandarin_tiancaitongzhu_2	天才同桌 2.0	mandarin	male	tong_1	/Volumes/AI/Codex/四川麻将工程_20260701_v2/res/audio/tts/male/tong_1.wav	/Users/chendong/Documents/内江麻将工程_20260502_103823_v2/res/audio/tts/male/tong_1.wav	True	True	待新增或更新
mandarin_tiancaitongzhu_2	天才同桌 2.0	mandarin	male	tong_2	/Volumes/AI/Codex/四川麻将工程_20260701_v2/res/audio/tts/male/tong_2.wav	/Users/chendong/Documents/内江麻将工程_20260502_103823_v2/res/audio/tts/male/tong_2.wav	True	True	待新增或更新
mandarin_tiancaitongzhu_2	天才同桌 2.0	mandarin	male	tong_3	/Volumes/AI/Codex/四川麻将工程_20260701_v2/res/audio/tts/male/tong_3.wav	/Users/chendong/Documents/内江麻将工程_20260502_103823_v2/res/audio/tts/male/tong_3.wav	True	True	待新增或更新
mandarin_tiancaitongzhu_2	天才同桌 2.0	mandarin	male	tong_4	/Volumes/AI/Codex/四川麻将工程_20260701_v2/res/audio/tts/male/tong_4.wav	/Users/chendong/Documents/内江麻将工程_20260502_103823_v2/res/audio/tts/male/tong_4.wav	True	True	待新增或更新
mandarin_tiancaitongzhu_2	天才同桌 2.0	mandarin	male	tong_5	/Volumes/AI/Codex/四川麻将工程_20260701_v2/res/audio/tts/male/tong_5.wav	/Users/chendong/Documents/内江麻将工程_20260502_103823_v2/res/audio/tts/male/tong_5.wav	True	True	待新增或更新
mandarin_tiancaitongzhu_2	天才同桌 2.0	mandarin	male	tong_6	/Volumes/AI/Codex/四川麻将工程_20260701_v2/res/audio/tts/male/tong_6.wav	/Users/chendong/Documents/内江麻将工程_20260502_103823_v2/res/audio/tts/male/tong_6.wav	True	True	待新增或更新
mandarin_tiancaitongzhu_2	天才同桌 2.0	mandarin	male	tong_7	/Volumes/AI/Codex/四川麻将工程_20260701_v2/res/audio/tts/male/tong_7.wav	/Users/chendong/Documents/内江麻将工程_20260502_103823_v2/res/audio/tts/male/tong_7.wav	True	True	待新增或更新
mandarin_tiancaitongzhu_2	天才同桌 2.0	mandarin	male	tong_8	/Volumes/AI/Codex/四川麻将工程_20260701_v2/res/audio/tts/male/tong_8.wav	/Users/chendong/Documents/内江麻将工程_20260502_103823_v2/res/audio/tts/male/tong_8.wav	True	True	待新增或更新
mandarin_tiancaitongzhu_2	天才同桌 2.0	mandarin	male	tong_9	/Volumes/AI/Codex/四川麻将工程_20260701_v2/res/audio/tts/male/tong_9.wav	/Users/chendong/Documents/内江麻将工程_20260502_103823_v2/res/audio/tts/male/tong_9.wav	True	True	待新增或更新
mandarin_tiancaitongzhu_2	天才同桌 2.0	mandarin	male	peng	/Volumes/AI/Codex/四川麻将工程_20260701_v2/res/audio/tts/male/peng.wav	/Users/chendong/Documents/内江麻将工程_20260502_103823_v2/res/audio/tts/male/peng.wav	True	True	待新增或更新
mandarin_tiancaitongzhu_2	天才同桌 2.0	mandarin	male	gang	/Volumes/AI/Codex/四川麻将工程_20260701_v2/res/audio/tts/male/gang.wav	/Users/chendong/Documents/内江麻将工程_20260502_103823_v2/res/audio/tts/male/gang.wav	True	True	待新增或更新
mandarin_tiancaitongzhu_2	天才同桌 2.0	mandarin	male	hu	/Volumes/AI/Codex/四川麻将工程_20260701_v2/res/audio/tts/male/hu.wav	/Users/chendong/Documents/内江麻将工程_20260502_103823_v2/res/audio/tts/male/hu.wav	True	True	待新增或更新
mandarin_tiancaitongzhu_2	天才同桌 2.0	mandarin	male	zimo	/Volumes/AI/Codex/四川麻将工程_20260701_v2/res/audio/tts/male/zimo.wav	/Users/chendong/Documents/内江麻将工程_20260502_103823_v2/res/audio/tts/male/zimo.wav	True	True	待新增或更新
mandarin_tiancaitongzhu_2	天才同桌 2.0	mandarin	male	qiang_gang_hu	/Volumes/AI/Codex/四川麻将工程_20260701_v2/res/audio/tts/male/qiang_gang_hu.wav	/Users/chendong/Documents/内江麻将工程_20260502_103823_v2/res/audio/tts/male/qiang_gang_hu.wav	True	False	待新增或更新
mandarin_tiancaitongzhu_2	天才同桌 2.0	mandarin	male	gang_shang_hua	/Volumes/AI/Codex/四川麻将工程_20260701_v2/res/audio/tts/male/gang_shang_hua.wav	/Users/chendong/Documents/内江麻将工程_20260502_103823_v2/res/audio/tts/male/gang_shang_hua.wav	True	False	待新增或更新
mandarin_tiancaitongzhu_2	天才同桌 2.0	mandarin	male	gang_shang_pao	/Volumes/AI/Codex/四川麻将工程_20260701_v2/res/audio/tts/male/gang_shang_pao.wav	/Users/chendong/Documents/内江麻将工程_20260502_103823_v2/res/audio/tts/male/gang_shang_pao.wav	True	False	待新增或更新
mandarin_tiancaitongzhu_2	天才同桌 2.0	mandarin	male	pass	/Volumes/AI/Codex/四川麻将工程_20260701_v2/res/audio/tts/male/pass.wav	/Users/chendong/Documents/内江麻将工程_20260502_103823_v2/res/audio/tts/male/pass.wav	True	True	待新增或更新
mandarin_tiancaitongzhu_2	天才同桌 2.0	mandarin	male	win	/Volumes/AI/Codex/四川麻将工程_20260701_v2/res/audio/tts/male/win.wav	/Users/chendong/Documents/内江麻将工程_20260502_103823_v2/res/audio/tts/male/win.wav	True	True	待新增或更新
mandarin_tiancaitongzhu_2	天才同桌 2.0	mandarin	male	lose	/Volumes/AI/Codex/四川麻将工程_20260701_v2/res/audio/tts/male/lose.wav	/Users/chendong/Documents/内江麻将工程_20260502_103823_v2/res/audio/tts/male/lose.wav	True	True	待新增或更新
mandarin_tiancaitongzhu_2	天才同桌 2.0	mandarin	male	bao_jiao	/Volumes/AI/Codex/四川麻将工程_20260701_v2/res/audio/tts/male/bao_jiao.wav	/Users/chendong/Documents/内江麻将工程_20260502_103823_v2/res/audio/tts/male/bao_jiao.wav	True	True	待新增或更新
mandarin_tiancaitongzhu_2	天才同桌 2.0	mandarin	male	bao_gang	/Volumes/AI/Codex/四川麻将工程_20260701_v2/res/audio/tts/male/bao_gang.wav	/Users/chendong/Documents/内江麻将工程_20260502_103823_v2/res/audio/tts/male/bao_gang.wav	True	True	待新增或更新
mandarin_xiaohe_2	小何 2.0	mandarin	female	tiao_1	/Volumes/AI/Codex/四川麻将工程_20260701_v2/res/audio/tts/female/tiao_1.wav	/Users/chendong/Documents/内江麻将工程_20260502_103823_v2/res/audio/tts/female/tiao_1.wav	True	True	待新增或更新
mandarin_xiaohe_2	小何 2.0	mandarin	female	tiao_2	/Volumes/AI/Codex/四川麻将工程_20260701_v2/res/audio/tts/female/tiao_2.wav	/Users/chendong/Documents/内江麻将工程_20260502_103823_v2/res/audio/tts/female/tiao_2.wav	True	True	待新增或更新
mandarin_xiaohe_2	小何 2.0	mandarin	female	tiao_3	/Volumes/AI/Codex/四川麻将工程_20260701_v2/res/audio/tts/female/tiao_3.wav	/Users/chendong/Documents/内江麻将工程_20260502_103823_v2/res/audio/tts/female/tiao_3.wav	True	True	待新增或更新
mandarin_xiaohe_2	小何 2.0	mandarin	female	tiao_4	/Volumes/AI/Codex/四川麻将工程_20260701_v2/res/audio/tts/female/tiao_4.wav	/Users/chendong/Documents/内江麻将工程_20260502_103823_v2/res/audio/tts/female/tiao_4.wav	True	True	待新增或更新
mandarin_xiaohe_2	小何 2.0	mandarin	female	tiao_5	/Volumes/AI/Codex/四川麻将工程_20260701_v2/res/audio/tts/female/tiao_5.wav	/Users/chendong/Documents/内江麻将工程_20260502_103823_v2/res/audio/tts/female/tiao_5.wav	True	True	待新增或更新
mandarin_xiaohe_2	小何 2.0	mandarin	female	tiao_6	/Volumes/AI/Codex/四川麻将工程_20260701_v2/res/audio/tts/female/tiao_6.wav	/Users/chendong/Documents/内江麻将工程_20260502_103823_v2/res/audio/tts/female/tiao_6.wav	True	True	待新增或更新
mandarin_xiaohe_2	小何 2.0	mandarin	female	tiao_7	/Volumes/AI/Codex/四川麻将工程_20260701_v2/res/audio/tts/female/tiao_7.wav	/Users/chendong/Documents/内江麻将工程_20260502_103823_v2/res/audio/tts/female/tiao_7.wav	True	True	待新增或更新
mandarin_xiaohe_2	小何 2.0	mandarin	female	tiao_8	/Volumes/AI/Codex/四川麻将工程_20260701_v2/res/audio/tts/female/tiao_8.wav	/Users/chendong/Documents/内江麻将工程_20260502_103823_v2/res/audio/tts/female/tiao_8.wav	True	True	待新增或更新
mandarin_xiaohe_2	小何 2.0	mandarin	female	tiao_9	/Volumes/AI/Codex/四川麻将工程_20260701_v2/res/audio/tts/female/tiao_9.wav	/Users/chendong/Documents/内江麻将工程_20260502_103823_v2/res/audio/tts/female/tiao_9.wav	True	True	待新增或更新
mandarin_xiaohe_2	小何 2.0	mandarin	female	tong_1	/Volumes/AI/Codex/四川麻将工程_20260701_v2/res/audio/tts/female/tong_1.wav	/Users/chendong/Documents/内江麻将工程_20260502_103823_v2/res/audio/tts/female/tong_1.wav	True	True	待新增或更新
mandarin_xiaohe_2	小何 2.0	mandarin	female	tong_2	/Volumes/AI/Codex/四川麻将工程_20260701_v2/res/audio/tts/female/tong_2.wav	/Users/chendong/Documents/内江麻将工程_20260502_103823_v2/res/audio/tts/female/tong_2.wav	True	True	待新增或更新
mandarin_xiaohe_2	小何 2.0	mandarin	female	tong_3	/Volumes/AI/Codex/四川麻将工程_20260701_v2/res/audio/tts/female/tong_3.wav	/Users/chendong/Documents/内江麻将工程_20260502_103823_v2/res/audio/tts/female/tong_3.wav	True	True	待新增或更新
mandarin_xiaohe_2	小何 2.0	mandarin	female	tong_4	/Volumes/AI/Codex/四川麻将工程_20260701_v2/res/audio/tts/female/tong_4.wav	/Users/chendong/Documents/内江麻将工程_20260502_103823_v2/res/audio/tts/female/tong_4.wav	True	True	待新增或更新
mandarin_xiaohe_2	小何 2.0	mandarin	female	tong_5	/Volumes/AI/Codex/四川麻将工程_20260701_v2/res/audio/tts/female/tong_5.wav	/Users/chendong/Documents/内江麻将工程_20260502_103823_v2/res/audio/tts/female/tong_5.wav	True	True	待新增或更新
mandarin_xiaohe_2	小何 2.0	mandarin	female	tong_6	/Volumes/AI/Codex/四川麻将工程_20260701_v2/res/audio/tts/female/tong_6.wav	/Users/chendong/Documents/内江麻将工程_20260502_103823_v2/res/audio/tts/female/tong_6.wav	True	True	待新增或更新
mandarin_xiaohe_2	小何 2.0	mandarin	female	tong_7	/Volumes/AI/Codex/四川麻将工程_20260701_v2/res/audio/tts/female/tong_7.wav	/Users/chendong/Documents/内江麻将工程_20260502_103823_v2/res/audio/tts/female/tong_7.wav	True	True	待新增或更新
mandarin_xiaohe_2	小何 2.0	mandarin	female	tong_8	/Volumes/AI/Codex/四川麻将工程_20260701_v2/res/audio/tts/female/tong_8.wav	/Users/chendong/Documents/内江麻将工程_20260502_103823_v2/res/audio/tts/female/tong_8.wav	True	True	待新增或更新
mandarin_xiaohe_2	小何 2.0	mandarin	female	tong_9	/Volumes/AI/Codex/四川麻将工程_20260701_v2/res/audio/tts/female/tong_9.wav	/Users/chendong/Documents/内江麻将工程_20260502_103823_v2/res/audio/tts/female/tong_9.wav	True	True	待新增或更新
mandarin_xiaohe_2	小何 2.0	mandarin	female	peng	/Volumes/AI/Codex/四川麻将工程_20260701_v2/res/audio/tts/female/peng.wav	/Users/chendong/Documents/内江麻将工程_20260502_103823_v2/res/audio/tts/female/peng.wav	True	True	待新增或更新
mandarin_xiaohe_2	小何 2.0	mandarin	female	gang	/Volumes/AI/Codex/四川麻将工程_20260701_v2/res/audio/tts/female/gang.wav	/Users/chendong/Documents/内江麻将工程_20260502_103823_v2/res/audio/tts/female/gang.wav	True	True	待新增或更新
mandarin_xiaohe_2	小何 2.0	mandarin	female	hu	/Volumes/AI/Codex/四川麻将工程_20260701_v2/res/audio/tts/female/hu.wav	/Users/chendong/Documents/内江麻将工程_20260502_103823_v2/res/audio/tts/female/hu.wav	True	True	待新增或更新
mandarin_xiaohe_2	小何 2.0	mandarin	female	zimo	/Volumes/AI/Codex/四川麻将工程_20260701_v2/res/audio/tts/female/zimo.wav	/Users/chendong/Documents/内江麻将工程_20260502_103823_v2/res/audio/tts/female/zimo.wav	True	True	待新增或更新
mandarin_xiaohe_2	小何 2.0	mandarin	female	qiang_gang_hu	/Volumes/AI/Codex/四川麻将工程_20260701_v2/res/audio/tts/female/qiang_gang_hu.wav	/Users/chendong/Documents/内江麻将工程_20260502_103823_v2/res/audio/tts/female/qiang_gang_hu.wav	True	False	待新增或更新
mandarin_xiaohe_2	小何 2.0	mandarin	female	gang_shang_hua	/Volumes/AI/Codex/四川麻将工程_20260701_v2/res/audio/tts/female/gang_shang_hua.wav	/Users/chendong/Documents/内江麻将工程_20260502_103823_v2/res/audio/tts/female/gang_shang_hua.wav	True	False	待新增或更新
mandarin_xiaohe_2	小何 2.0	mandarin	female	gang_shang_pao	/Volumes/AI/Codex/四川麻将工程_20260701_v2/res/audio/tts/female/gang_shang_pao.wav	/Users/chendong/Documents/内江麻将工程_20260502_103823_v2/res/audio/tts/female/gang_shang_pao.wav	True	False	待新增或更新
mandarin_xiaohe_2	小何 2.0	mandarin	female	pass	/Volumes/AI/Codex/四川麻将工程_20260701_v2/res/audio/tts/female/pass.wav	/Users/chendong/Documents/内江麻将工程_20260502_103823_v2/res/audio/tts/female/pass.wav	True	True	待新增或更新
mandarin_xiaohe_2	小何 2.0	mandarin	female	win	/Volumes/AI/Codex/四川麻将工程_20260701_v2/res/audio/tts/female/win.wav	/Users/chendong/Documents/内江麻将工程_20260502_103823_v2/res/audio/tts/female/win.wav	True	True	待新增或更新
mandarin_xiaohe_2	小何 2.0	mandarin	female	lose	/Volumes/AI/Codex/四川麻将工程_20260701_v2/res/audio/tts/female/lose.wav	/Users/chendong/Documents/内江麻将工程_20260502_103823_v2/res/audio/tts/female/lose.wav	True	True	待新增或更新
mandarin_xiaohe_2	小何 2.0	mandarin	female	bao_jiao	/Volumes/AI/Codex/四川麻将工程_20260701_v2/res/audio/tts/female/bao_jiao.wav	/Users/chendong/Documents/内江麻将工程_20260502_103823_v2/res/audio/tts/female/bao_jiao.wav	True	True	待新增或更新
mandarin_xiaohe_2	小何 2.0	mandarin	female	bao_gang	/Volumes/AI/Codex/四川麻将工程_20260701_v2/res/audio/tts/female/bao_gang.wav	/Users/chendong/Documents/内江麻将工程_20260502_103823_v2/res/audio/tts/female/bao_gang.wav	True	True	待新增或更新
sichuan_wennuanahu_2	温暖阿虎 2.0	sichuan	male	tiao_1	/Volumes/AI/Codex/四川麻将工程_20260701_v2/res/audio/tts_sichuan/male/tiao_1.wav	/Users/chendong/Documents/内江麻将工程_20260502_103823_v2/res/audio/tts_sichuan/male/tiao_1.wav	True	True	一致
sichuan_wennuanahu_2	温暖阿虎 2.0	sichuan	male	tiao_2	/Volumes/AI/Codex/四川麻将工程_20260701_v2/res/audio/tts_sichuan/male/tiao_2.wav	/Users/chendong/Documents/内江麻将工程_20260502_103823_v2/res/audio/tts_sichuan/male/tiao_2.wav	True	True	一致
sichuan_wennuanahu_2	温暖阿虎 2.0	sichuan	male	tiao_3	/Volumes/AI/Codex/四川麻将工程_20260701_v2/res/audio/tts_sichuan/male/tiao_3.wav	/Users/chendong/Documents/内江麻将工程_20260502_103823_v2/res/audio/tts_sichuan/male/tiao_3.wav	True	True	一致
sichuan_wennuanahu_2	温暖阿虎 2.0	sichuan	male	tiao_4	/Volumes/AI/Codex/四川麻将工程_20260701_v2/res/audio/tts_sichuan/male/tiao_4.wav	/Users/chendong/Documents/内江麻将工程_20260502_103823_v2/res/audio/tts_sichuan/male/tiao_4.wav	True	True	一致
sichuan_wennuanahu_2	温暖阿虎 2.0	sichuan	male	tiao_5	/Volumes/AI/Codex/四川麻将工程_20260701_v2/res/audio/tts_sichuan/male/tiao_5.wav	/Users/chendong/Documents/内江麻将工程_20260502_103823_v2/res/audio/tts_sichuan/male/tiao_5.wav	True	True	一致
sichuan_wennuanahu_2	温暖阿虎 2.0	sichuan	male	tiao_6	/Volumes/AI/Codex/四川麻将工程_20260701_v2/res/audio/tts_sichuan/male/tiao_6.wav	/Users/chendong/Documents/内江麻将工程_20260502_103823_v2/res/audio/tts_sichuan/male/tiao_6.wav	True	True	一致
sichuan_wennuanahu_2	温暖阿虎 2.0	sichuan	male	tiao_7	/Volumes/AI/Codex/四川麻将工程_20260701_v2/res/audio/tts_sichuan/male/tiao_7.wav	/Users/chendong/Documents/内江麻将工程_20260502_103823_v2/res/audio/tts_sichuan/male/tiao_7.wav	True	True	一致
sichuan_wennuanahu_2	温暖阿虎 2.0	sichuan	male	tiao_8	/Volumes/AI/Codex/四川麻将工程_20260701_v2/res/audio/tts_sichuan/male/tiao_8.wav	/Users/chendong/Documents/内江麻将工程_20260502_103823_v2/res/audio/tts_sichuan/male/tiao_8.wav	True	True	一致
sichuan_wennuanahu_2	温暖阿虎 2.0	sichuan	male	tiao_9	/Volumes/AI/Codex/四川麻将工程_20260701_v2/res/audio/tts_sichuan/male/tiao_9.wav	/Users/chendong/Documents/内江麻将工程_20260502_103823_v2/res/audio/tts_sichuan/male/tiao_9.wav	True	True	一致
sichuan_wennuanahu_2	温暖阿虎 2.0	sichuan	male	tong_1	/Volumes/AI/Codex/四川麻将工程_20260701_v2/res/audio/tts_sichuan/male/tong_1.wav	/Users/chendong/Documents/内江麻将工程_20260502_103823_v2/res/audio/tts_sichuan/male/tong_1.wav	True	True	一致
sichuan_wennuanahu_2	温暖阿虎 2.0	sichuan	male	tong_2	/Volumes/AI/Codex/四川麻将工程_20260701_v2/res/audio/tts_sichuan/male/tong_2.wav	/Users/chendong/Documents/内江麻将工程_20260502_103823_v2/res/audio/tts_sichuan/male/tong_2.wav	True	True	一致
sichuan_wennuanahu_2	温暖阿虎 2.0	sichuan	male	tong_3	/Volumes/AI/Codex/四川麻将工程_20260701_v2/res/audio/tts_sichuan/male/tong_3.wav	/Users/chendong/Documents/内江麻将工程_20260502_103823_v2/res/audio/tts_sichuan/male/tong_3.wav	True	True	一致
sichuan_wennuanahu_2	温暖阿虎 2.0	sichuan	male	tong_4	/Volumes/AI/Codex/四川麻将工程_20260701_v2/res/audio/tts_sichuan/male/tong_4.wav	/Users/chendong/Documents/内江麻将工程_20260502_103823_v2/res/audio/tts_sichuan/male/tong_4.wav	True	True	一致
sichuan_wennuanahu_2	温暖阿虎 2.0	sichuan	male	tong_5	/Volumes/AI/Codex/四川麻将工程_20260701_v2/res/audio/tts_sichuan/male/tong_5.wav	/Users/chendong/Documents/内江麻将工程_20260502_103823_v2/res/audio/tts_sichuan/male/tong_5.wav	True	True	一致
sichuan_wennuanahu_2	温暖阿虎 2.0	sichuan	male	tong_6	/Volumes/AI/Codex/四川麻将工程_20260701_v2/res/audio/tts_sichuan/male/tong_6.wav	/Users/chendong/Documents/内江麻将工程_20260502_103823_v2/res/audio/tts_sichuan/male/tong_6.wav	True	True	一致
sichuan_wennuanahu_2	温暖阿虎 2.0	sichuan	male	tong_7	/Volumes/AI/Codex/四川麻将工程_20260701_v2/res/audio/tts_sichuan/male/tong_7.wav	/Users/chendong/Documents/内江麻将工程_20260502_103823_v2/res/audio/tts_sichuan/male/tong_7.wav	True	True	一致
sichuan_wennuanahu_2	温暖阿虎 2.0	sichuan	male	tong_8	/Volumes/AI/Codex/四川麻将工程_20260701_v2/res/audio/tts_sichuan/male/tong_8.wav	/Users/chendong/Documents/内江麻将工程_20260502_103823_v2/res/audio/tts_sichuan/male/tong_8.wav	True	True	一致
sichuan_wennuanahu_2	温暖阿虎 2.0	sichuan	male	tong_9	/Volumes/AI/Codex/四川麻将工程_20260701_v2/res/audio/tts_sichuan/male/tong_9.wav	/Users/chendong/Documents/内江麻将工程_20260502_103823_v2/res/audio/tts_sichuan/male/tong_9.wav	True	True	一致
sichuan_wennuanahu_2	温暖阿虎 2.0	sichuan	male	peng	/Volumes/AI/Codex/四川麻将工程_20260701_v2/res/audio/tts_sichuan/male/peng.wav	/Users/chendong/Documents/内江麻将工程_20260502_103823_v2/res/audio/tts_sichuan/male/peng.wav	True	True	一致
sichuan_wennuanahu_2	温暖阿虎 2.0	sichuan	male	gang	/Volumes/AI/Codex/四川麻将工程_20260701_v2/res/audio/tts_sichuan/male/gang.wav	/Users/chendong/Documents/内江麻将工程_20260502_103823_v2/res/audio/tts_sichuan/male/gang.wav	True	True	一致
sichuan_wennuanahu_2	温暖阿虎 2.0	sichuan	male	hu	/Volumes/AI/Codex/四川麻将工程_20260701_v2/res/audio/tts_sichuan/male/hu.wav	/Users/chendong/Documents/内江麻将工程_20260502_103823_v2/res/audio/tts_sichuan/male/hu.wav	True	True	一致
sichuan_wennuanahu_2	温暖阿虎 2.0	sichuan	male	zimo	/Volumes/AI/Codex/四川麻将工程_20260701_v2/res/audio/tts_sichuan/male/zimo.wav	/Users/chendong/Documents/内江麻将工程_20260502_103823_v2/res/audio/tts_sichuan/male/zimo.wav	True	True	一致
sichuan_wennuanahu_2	温暖阿虎 2.0	sichuan	male	qiang_gang_hu	/Volumes/AI/Codex/四川麻将工程_20260701_v2/res/audio/tts_sichuan/male/qiang_gang_hu.wav	/Users/chendong/Documents/内江麻将工程_20260502_103823_v2/res/audio/tts_sichuan/male/qiang_gang_hu.wav	True	False	待新增或更新
sichuan_wennuanahu_2	温暖阿虎 2.0	sichuan	male	gang_shang_hua	/Volumes/AI/Codex/四川麻将工程_20260701_v2/res/audio/tts_sichuan/male/gang_shang_hua.wav	/Users/chendong/Documents/内江麻将工程_20260502_103823_v2/res/audio/tts_sichuan/male/gang_shang_hua.wav	True	False	待新增或更新
sichuan_wennuanahu_2	温暖阿虎 2.0	sichuan	male	gang_shang_pao	/Volumes/AI/Codex/四川麻将工程_20260701_v2/res/audio/tts_sichuan/male/gang_shang_pao.wav	/Users/chendong/Documents/内江麻将工程_20260502_103823_v2/res/audio/tts_sichuan/male/gang_shang_pao.wav	True	False	待新增或更新
sichuan_wennuanahu_2	温暖阿虎 2.0	sichuan	male	pass	/Volumes/AI/Codex/四川麻将工程_20260701_v2/res/audio/tts_sichuan/male/pass.wav	/Users/chendong/Documents/内江麻将工程_20260502_103823_v2/res/audio/tts_sichuan/male/pass.wav	True	True	一致
sichuan_wennuanahu_2	温暖阿虎 2.0	sichuan	male	win	/Volumes/AI/Codex/四川麻将工程_20260701_v2/res/audio/tts_sichuan/male/win.wav	/Users/chendong/Documents/内江麻将工程_20260502_103823_v2/res/audio/tts_sichuan/male/win.wav	True	True	一致
sichuan_wennuanahu_2	温暖阿虎 2.0	sichuan	male	lose	/Volumes/AI/Codex/四川麻将工程_20260701_v2/res/audio/tts_sichuan/male/lose.wav	/Users/chendong/Documents/内江麻将工程_20260502_103823_v2/res/audio/tts_sichuan/male/lose.wav	True	True	一致
sichuan_wennuanahu_2	温暖阿虎 2.0	sichuan	male	bao_jiao	/Volumes/AI/Codex/四川麻将工程_20260701_v2/res/audio/tts_sichuan/male/bao_jiao.wav	/Users/chendong/Documents/内江麻将工程_20260502_103823_v2/res/audio/tts_sichuan/male/bao_jiao.wav	True	True	一致
sichuan_wennuanahu_2	温暖阿虎 2.0	sichuan	male	bao_gang	/Volumes/AI/Codex/四川麻将工程_20260701_v2/res/audio/tts_sichuan/male/bao_gang.wav	/Users/chendong/Documents/内江麻将工程_20260502_103823_v2/res/audio/tts_sichuan/male/bao_gang.wav	True	True	一致
sichuan_vivi_2	Vivi 2.0	sichuan	female	tiao_1	/Volumes/AI/Codex/四川麻将工程_20260701_v2/res/audio/tts_sichuan/female/tiao_1.wav	/Users/chendong/Documents/内江麻将工程_20260502_103823_v2/res/audio/tts_sichuan/female/tiao_1.wav	True	True	一致
sichuan_vivi_2	Vivi 2.0	sichuan	female	tiao_2	/Volumes/AI/Codex/四川麻将工程_20260701_v2/res/audio/tts_sichuan/female/tiao_2.wav	/Users/chendong/Documents/内江麻将工程_20260502_103823_v2/res/audio/tts_sichuan/female/tiao_2.wav	True	True	一致
sichuan_vivi_2	Vivi 2.0	sichuan	female	tiao_3	/Volumes/AI/Codex/四川麻将工程_20260701_v2/res/audio/tts_sichuan/female/tiao_3.wav	/Users/chendong/Documents/内江麻将工程_20260502_103823_v2/res/audio/tts_sichuan/female/tiao_3.wav	True	True	一致
sichuan_vivi_2	Vivi 2.0	sichuan	female	tiao_4	/Volumes/AI/Codex/四川麻将工程_20260701_v2/res/audio/tts_sichuan/female/tiao_4.wav	/Users/chendong/Documents/内江麻将工程_20260502_103823_v2/res/audio/tts_sichuan/female/tiao_4.wav	True	True	一致
sichuan_vivi_2	Vivi 2.0	sichuan	female	tiao_5	/Volumes/AI/Codex/四川麻将工程_20260701_v2/res/audio/tts_sichuan/female/tiao_5.wav	/Users/chendong/Documents/内江麻将工程_20260502_103823_v2/res/audio/tts_sichuan/female/tiao_5.wav	True	True	一致
sichuan_vivi_2	Vivi 2.0	sichuan	female	tiao_6	/Volumes/AI/Codex/四川麻将工程_20260701_v2/res/audio/tts_sichuan/female/tiao_6.wav	/Users/chendong/Documents/内江麻将工程_20260502_103823_v2/res/audio/tts_sichuan/female/tiao_6.wav	True	True	一致
sichuan_vivi_2	Vivi 2.0	sichuan	female	tiao_7	/Volumes/AI/Codex/四川麻将工程_20260701_v2/res/audio/tts_sichuan/female/tiao_7.wav	/Users/chendong/Documents/内江麻将工程_20260502_103823_v2/res/audio/tts_sichuan/female/tiao_7.wav	True	True	一致
sichuan_vivi_2	Vivi 2.0	sichuan	female	tiao_8	/Volumes/AI/Codex/四川麻将工程_20260701_v2/res/audio/tts_sichuan/female/tiao_8.wav	/Users/chendong/Documents/内江麻将工程_20260502_103823_v2/res/audio/tts_sichuan/female/tiao_8.wav	True	True	一致
sichuan_vivi_2	Vivi 2.0	sichuan	female	tiao_9	/Volumes/AI/Codex/四川麻将工程_20260701_v2/res/audio/tts_sichuan/female/tiao_9.wav	/Users/chendong/Documents/内江麻将工程_20260502_103823_v2/res/audio/tts_sichuan/female/tiao_9.wav	True	True	一致
sichuan_vivi_2	Vivi 2.0	sichuan	female	tong_1	/Volumes/AI/Codex/四川麻将工程_20260701_v2/res/audio/tts_sichuan/female/tong_1.wav	/Users/chendong/Documents/内江麻将工程_20260502_103823_v2/res/audio/tts_sichuan/female/tong_1.wav	True	True	一致
sichuan_vivi_2	Vivi 2.0	sichuan	female	tong_2	/Volumes/AI/Codex/四川麻将工程_20260701_v2/res/audio/tts_sichuan/female/tong_2.wav	/Users/chendong/Documents/内江麻将工程_20260502_103823_v2/res/audio/tts_sichuan/female/tong_2.wav	True	True	一致
sichuan_vivi_2	Vivi 2.0	sichuan	female	tong_3	/Volumes/AI/Codex/四川麻将工程_20260701_v2/res/audio/tts_sichuan/female/tong_3.wav	/Users/chendong/Documents/内江麻将工程_20260502_103823_v2/res/audio/tts_sichuan/female/tong_3.wav	True	True	一致
sichuan_vivi_2	Vivi 2.0	sichuan	female	tong_4	/Volumes/AI/Codex/四川麻将工程_20260701_v2/res/audio/tts_sichuan/female/tong_4.wav	/Users/chendong/Documents/内江麻将工程_20260502_103823_v2/res/audio/tts_sichuan/female/tong_4.wav	True	True	一致
sichuan_vivi_2	Vivi 2.0	sichuan	female	tong_5	/Volumes/AI/Codex/四川麻将工程_20260701_v2/res/audio/tts_sichuan/female/tong_5.wav	/Users/chendong/Documents/内江麻将工程_20260502_103823_v2/res/audio/tts_sichuan/female/tong_5.wav	True	True	一致
sichuan_vivi_2	Vivi 2.0	sichuan	female	tong_6	/Volumes/AI/Codex/四川麻将工程_20260701_v2/res/audio/tts_sichuan/female/tong_6.wav	/Users/chendong/Documents/内江麻将工程_20260502_103823_v2/res/audio/tts_sichuan/female/tong_6.wav	True	True	一致
sichuan_vivi_2	Vivi 2.0	sichuan	female	tong_7	/Volumes/AI/Codex/四川麻将工程_20260701_v2/res/audio/tts_sichuan/female/tong_7.wav	/Users/chendong/Documents/内江麻将工程_20260502_103823_v2/res/audio/tts_sichuan/female/tong_7.wav	True	True	一致
sichuan_vivi_2	Vivi 2.0	sichuan	female	tong_8	/Volumes/AI/Codex/四川麻将工程_20260701_v2/res/audio/tts_sichuan/female/tong_8.wav	/Users/chendong/Documents/内江麻将工程_20260502_103823_v2/res/audio/tts_sichuan/female/tong_8.wav	True	True	一致
sichuan_vivi_2	Vivi 2.0	sichuan	female	tong_9	/Volumes/AI/Codex/四川麻将工程_20260701_v2/res/audio/tts_sichuan/female/tong_9.wav	/Users/chendong/Documents/内江麻将工程_20260502_103823_v2/res/audio/tts_sichuan/female/tong_9.wav	True	True	一致
sichuan_vivi_2	Vivi 2.0	sichuan	female	peng	/Volumes/AI/Codex/四川麻将工程_20260701_v2/res/audio/tts_sichuan/female/peng.wav	/Users/chendong/Documents/内江麻将工程_20260502_103823_v2/res/audio/tts_sichuan/female/peng.wav	True	True	一致
sichuan_vivi_2	Vivi 2.0	sichuan	female	gang	/Volumes/AI/Codex/四川麻将工程_20260701_v2/res/audio/tts_sichuan/female/gang.wav	/Users/chendong/Documents/内江麻将工程_20260502_103823_v2/res/audio/tts_sichuan/female/gang.wav	True	True	一致
sichuan_vivi_2	Vivi 2.0	sichuan	female	hu	/Volumes/AI/Codex/四川麻将工程_20260701_v2/res/audio/tts_sichuan/female/hu.wav	/Users/chendong/Documents/内江麻将工程_20260502_103823_v2/res/audio/tts_sichuan/female/hu.wav	True	True	一致
sichuan_vivi_2	Vivi 2.0	sichuan	female	zimo	/Volumes/AI/Codex/四川麻将工程_20260701_v2/res/audio/tts_sichuan/female/zimo.wav	/Users/chendong/Documents/内江麻将工程_20260502_103823_v2/res/audio/tts_sichuan/female/zimo.wav	True	True	一致
sichuan_vivi_2	Vivi 2.0	sichuan	female	qiang_gang_hu	/Volumes/AI/Codex/四川麻将工程_20260701_v2/res/audio/tts_sichuan/female/qiang_gang_hu.wav	/Users/chendong/Documents/内江麻将工程_20260502_103823_v2/res/audio/tts_sichuan/female/qiang_gang_hu.wav	True	False	待新增或更新
sichuan_vivi_2	Vivi 2.0	sichuan	female	gang_shang_hua	/Volumes/AI/Codex/四川麻将工程_20260701_v2/res/audio/tts_sichuan/female/gang_shang_hua.wav	/Users/chendong/Documents/内江麻将工程_20260502_103823_v2/res/audio/tts_sichuan/female/gang_shang_hua.wav	True	False	待新增或更新
sichuan_vivi_2	Vivi 2.0	sichuan	female	gang_shang_pao	/Volumes/AI/Codex/四川麻将工程_20260701_v2/res/audio/tts_sichuan/female/gang_shang_pao.wav	/Users/chendong/Documents/内江麻将工程_20260502_103823_v2/res/audio/tts_sichuan/female/gang_shang_pao.wav	True	False	待新增或更新
sichuan_vivi_2	Vivi 2.0	sichuan	female	pass	/Volumes/AI/Codex/四川麻将工程_20260701_v2/res/audio/tts_sichuan/female/pass.wav	/Users/chendong/Documents/内江麻将工程_20260502_103823_v2/res/audio/tts_sichuan/female/pass.wav	True	True	一致
sichuan_vivi_2	Vivi 2.0	sichuan	female	win	/Volumes/AI/Codex/四川麻将工程_20260701_v2/res/audio/tts_sichuan/female/win.wav	/Users/chendong/Documents/内江麻将工程_20260502_103823_v2/res/audio/tts_sichuan/female/win.wav	True	True	一致
sichuan_vivi_2	Vivi 2.0	sichuan	female	lose	/Volumes/AI/Codex/四川麻将工程_20260701_v2/res/audio/tts_sichuan/female/lose.wav	/Users/chendong/Documents/内江麻将工程_20260502_103823_v2/res/audio/tts_sichuan/female/lose.wav	True	True	一致
sichuan_vivi_2	Vivi 2.0	sichuan	female	bao_jiao	/Volumes/AI/Codex/四川麻将工程_20260701_v2/res/audio/tts_sichuan/female/bao_jiao.wav	/Users/chendong/Documents/内江麻将工程_20260502_103823_v2/res/audio/tts_sichuan/female/bao_jiao.wav	True	True	一致
sichuan_vivi_2	Vivi 2.0	sichuan	female	bao_gang	/Volumes/AI/Codex/四川麻将工程_20260701_v2/res/audio/tts_sichuan/female/bao_gang.wav	/Users/chendong/Documents/内江麻将工程_20260502_103823_v2/res/audio/tts_sichuan/female/bao_gang.wav	True	True	一致
sichuan_xiaotian_2	小天 2.0	sichuan	male	tiao_1	/Volumes/AI/Codex/四川麻将工程_20260701_v2/res/audio/voice_options/sichuan_xiaotian_2/tiao_1.wav	/Users/chendong/Documents/内江麻将工程_20260502_103823_v2/res/audio/voice_options/sichuan_xiaotian_2/tiao_1.wav	True	False	待新增或更新
sichuan_xiaotian_2	小天 2.0	sichuan	male	tiao_2	/Volumes/AI/Codex/四川麻将工程_20260701_v2/res/audio/voice_options/sichuan_xiaotian_2/tiao_2.wav	/Users/chendong/Documents/内江麻将工程_20260502_103823_v2/res/audio/voice_options/sichuan_xiaotian_2/tiao_2.wav	True	False	待新增或更新
sichuan_xiaotian_2	小天 2.0	sichuan	male	tiao_3	/Volumes/AI/Codex/四川麻将工程_20260701_v2/res/audio/voice_options/sichuan_xiaotian_2/tiao_3.wav	/Users/chendong/Documents/内江麻将工程_20260502_103823_v2/res/audio/voice_options/sichuan_xiaotian_2/tiao_3.wav	True	False	待新增或更新
sichuan_xiaotian_2	小天 2.0	sichuan	male	tiao_4	/Volumes/AI/Codex/四川麻将工程_20260701_v2/res/audio/voice_options/sichuan_xiaotian_2/tiao_4.wav	/Users/chendong/Documents/内江麻将工程_20260502_103823_v2/res/audio/voice_options/sichuan_xiaotian_2/tiao_4.wav	True	False	待新增或更新
sichuan_xiaotian_2	小天 2.0	sichuan	male	tiao_5	/Volumes/AI/Codex/四川麻将工程_20260701_v2/res/audio/voice_options/sichuan_xiaotian_2/tiao_5.wav	/Users/chendong/Documents/内江麻将工程_20260502_103823_v2/res/audio/voice_options/sichuan_xiaotian_2/tiao_5.wav	True	False	待新增或更新
sichuan_xiaotian_2	小天 2.0	sichuan	male	tiao_6	/Volumes/AI/Codex/四川麻将工程_20260701_v2/res/audio/voice_options/sichuan_xiaotian_2/tiao_6.wav	/Users/chendong/Documents/内江麻将工程_20260502_103823_v2/res/audio/voice_options/sichuan_xiaotian_2/tiao_6.wav	True	False	待新增或更新
sichuan_xiaotian_2	小天 2.0	sichuan	male	tiao_7	/Volumes/AI/Codex/四川麻将工程_20260701_v2/res/audio/voice_options/sichuan_xiaotian_2/tiao_7.wav	/Users/chendong/Documents/内江麻将工程_20260502_103823_v2/res/audio/voice_options/sichuan_xiaotian_2/tiao_7.wav	True	False	待新增或更新
sichuan_xiaotian_2	小天 2.0	sichuan	male	tiao_8	/Volumes/AI/Codex/四川麻将工程_20260701_v2/res/audio/voice_options/sichuan_xiaotian_2/tiao_8.wav	/Users/chendong/Documents/内江麻将工程_20260502_103823_v2/res/audio/voice_options/sichuan_xiaotian_2/tiao_8.wav	True	False	待新增或更新
sichuan_xiaotian_2	小天 2.0	sichuan	male	tiao_9	/Volumes/AI/Codex/四川麻将工程_20260701_v2/res/audio/voice_options/sichuan_xiaotian_2/tiao_9.wav	/Users/chendong/Documents/内江麻将工程_20260502_103823_v2/res/audio/voice_options/sichuan_xiaotian_2/tiao_9.wav	True	False	待新增或更新
sichuan_xiaotian_2	小天 2.0	sichuan	male	tong_1	/Volumes/AI/Codex/四川麻将工程_20260701_v2/res/audio/voice_options/sichuan_xiaotian_2/tong_1.wav	/Users/chendong/Documents/内江麻将工程_20260502_103823_v2/res/audio/voice_options/sichuan_xiaotian_2/tong_1.wav	True	False	待新增或更新
sichuan_xiaotian_2	小天 2.0	sichuan	male	tong_2	/Volumes/AI/Codex/四川麻将工程_20260701_v2/res/audio/voice_options/sichuan_xiaotian_2/tong_2.wav	/Users/chendong/Documents/内江麻将工程_20260502_103823_v2/res/audio/voice_options/sichuan_xiaotian_2/tong_2.wav	True	False	待新增或更新
sichuan_xiaotian_2	小天 2.0	sichuan	male	tong_3	/Volumes/AI/Codex/四川麻将工程_20260701_v2/res/audio/voice_options/sichuan_xiaotian_2/tong_3.wav	/Users/chendong/Documents/内江麻将工程_20260502_103823_v2/res/audio/voice_options/sichuan_xiaotian_2/tong_3.wav	True	False	待新增或更新
sichuan_xiaotian_2	小天 2.0	sichuan	male	tong_4	/Volumes/AI/Codex/四川麻将工程_20260701_v2/res/audio/voice_options/sichuan_xiaotian_2/tong_4.wav	/Users/chendong/Documents/内江麻将工程_20260502_103823_v2/res/audio/voice_options/sichuan_xiaotian_2/tong_4.wav	True	False	待新增或更新
sichuan_xiaotian_2	小天 2.0	sichuan	male	tong_5	/Volumes/AI/Codex/四川麻将工程_20260701_v2/res/audio/voice_options/sichuan_xiaotian_2/tong_5.wav	/Users/chendong/Documents/内江麻将工程_20260502_103823_v2/res/audio/voice_options/sichuan_xiaotian_2/tong_5.wav	True	False	待新增或更新
sichuan_xiaotian_2	小天 2.0	sichuan	male	tong_6	/Volumes/AI/Codex/四川麻将工程_20260701_v2/res/audio/voice_options/sichuan_xiaotian_2/tong_6.wav	/Users/chendong/Documents/内江麻将工程_20260502_103823_v2/res/audio/voice_options/sichuan_xiaotian_2/tong_6.wav	True	False	待新增或更新
sichuan_xiaotian_2	小天 2.0	sichuan	male	tong_7	/Volumes/AI/Codex/四川麻将工程_20260701_v2/res/audio/voice_options/sichuan_xiaotian_2/tong_7.wav	/Users/chendong/Documents/内江麻将工程_20260502_103823_v2/res/audio/voice_options/sichuan_xiaotian_2/tong_7.wav	True	False	待新增或更新
sichuan_xiaotian_2	小天 2.0	sichuan	male	tong_8	/Volumes/AI/Codex/四川麻将工程_20260701_v2/res/audio/voice_options/sichuan_xiaotian_2/tong_8.wav	/Users/chendong/Documents/内江麻将工程_20260502_103823_v2/res/audio/voice_options/sichuan_xiaotian_2/tong_8.wav	True	False	待新增或更新
sichuan_xiaotian_2	小天 2.0	sichuan	male	tong_9	/Volumes/AI/Codex/四川麻将工程_20260701_v2/res/audio/voice_options/sichuan_xiaotian_2/tong_9.wav	/Users/chendong/Documents/内江麻将工程_20260502_103823_v2/res/audio/voice_options/sichuan_xiaotian_2/tong_9.wav	True	False	待新增或更新
sichuan_xiaotian_2	小天 2.0	sichuan	male	peng	/Volumes/AI/Codex/四川麻将工程_20260701_v2/res/audio/voice_options/sichuan_xiaotian_2/peng.wav	/Users/chendong/Documents/内江麻将工程_20260502_103823_v2/res/audio/voice_options/sichuan_xiaotian_2/peng.wav	True	False	待新增或更新
sichuan_xiaotian_2	小天 2.0	sichuan	male	gang	/Volumes/AI/Codex/四川麻将工程_20260701_v2/res/audio/voice_options/sichuan_xiaotian_2/gang.wav	/Users/chendong/Documents/内江麻将工程_20260502_103823_v2/res/audio/voice_options/sichuan_xiaotian_2/gang.wav	True	False	待新增或更新
sichuan_xiaotian_2	小天 2.0	sichuan	male	hu	/Volumes/AI/Codex/四川麻将工程_20260701_v2/res/audio/voice_options/sichuan_xiaotian_2/hu.wav	/Users/chendong/Documents/内江麻将工程_20260502_103823_v2/res/audio/voice_options/sichuan_xiaotian_2/hu.wav	True	False	待新增或更新
sichuan_xiaotian_2	小天 2.0	sichuan	male	zimo	/Volumes/AI/Codex/四川麻将工程_20260701_v2/res/audio/voice_options/sichuan_xiaotian_2/zimo.wav	/Users/chendong/Documents/内江麻将工程_20260502_103823_v2/res/audio/voice_options/sichuan_xiaotian_2/zimo.wav	True	False	待新增或更新
sichuan_xiaotian_2	小天 2.0	sichuan	male	qiang_gang_hu	/Volumes/AI/Codex/四川麻将工程_20260701_v2/res/audio/voice_options/sichuan_xiaotian_2/qiang_gang_hu.wav	/Users/chendong/Documents/内江麻将工程_20260502_103823_v2/res/audio/voice_options/sichuan_xiaotian_2/qiang_gang_hu.wav	True	False	待新增或更新
sichuan_xiaotian_2	小天 2.0	sichuan	male	gang_shang_hua	/Volumes/AI/Codex/四川麻将工程_20260701_v2/res/audio/voice_options/sichuan_xiaotian_2/gang_shang_hua.wav	/Users/chendong/Documents/内江麻将工程_20260502_103823_v2/res/audio/voice_options/sichuan_xiaotian_2/gang_shang_hua.wav	True	False	待新增或更新
sichuan_xiaotian_2	小天 2.0	sichuan	male	gang_shang_pao	/Volumes/AI/Codex/四川麻将工程_20260701_v2/res/audio/voice_options/sichuan_xiaotian_2/gang_shang_pao.wav	/Users/chendong/Documents/内江麻将工程_20260502_103823_v2/res/audio/voice_options/sichuan_xiaotian_2/gang_shang_pao.wav	True	False	待新增或更新
sichuan_xiaotian_2	小天 2.0	sichuan	male	pass	/Volumes/AI/Codex/四川麻将工程_20260701_v2/res/audio/voice_options/sichuan_xiaotian_2/pass.wav	/Users/chendong/Documents/内江麻将工程_20260502_103823_v2/res/audio/voice_options/sichuan_xiaotian_2/pass.wav	True	False	待新增或更新
sichuan_xiaotian_2	小天 2.0	sichuan	male	win	/Volumes/AI/Codex/四川麻将工程_20260701_v2/res/audio/voice_options/sichuan_xiaotian_2/win.wav	/Users/chendong/Documents/内江麻将工程_20260502_103823_v2/res/audio/voice_options/sichuan_xiaotian_2/win.wav	True	False	待新增或更新
sichuan_xiaotian_2	小天 2.0	sichuan	male	lose	/Volumes/AI/Codex/四川麻将工程_20260701_v2/res/audio/voice_options/sichuan_xiaotian_2/lose.wav	/Users/chendong/Documents/内江麻将工程_20260502_103823_v2/res/audio/voice_options/sichuan_xiaotian_2/lose.wav	True	False	待新增或更新
sichuan_xiaotian_2	小天 2.0	sichuan	male	bao_jiao	/Volumes/AI/Codex/四川麻将工程_20260701_v2/res/audio/voice_options/sichuan_xiaotian_2/bao_jiao.wav	/Users/chendong/Documents/内江麻将工程_20260502_103823_v2/res/audio/voice_options/sichuan_xiaotian_2/bao_jiao.wav	True	False	待新增或更新
sichuan_xiaotian_2	小天 2.0	sichuan	male	bao_gang	/Volumes/AI/Codex/四川麻将工程_20260701_v2/res/audio/voice_options/sichuan_xiaotian_2/bao_gang.wav	/Users/chendong/Documents/内江麻将工程_20260502_103823_v2/res/audio/voice_options/sichuan_xiaotian_2/bao_gang.wav	True	False	待新增或更新
sichuan_kuailexiaodong_2	快乐小东 2.0	sichuan	male	tiao_1	/Volumes/AI/Codex/四川麻将工程_20260701_v2/res/audio/voice_options/sichuan_kuailexiaodong_2/tiao_1.wav	/Users/chendong/Documents/内江麻将工程_20260502_103823_v2/res/audio/voice_options/sichuan_kuailexiaodong_2/tiao_1.wav	True	False	待新增或更新
sichuan_kuailexiaodong_2	快乐小东 2.0	sichuan	male	tiao_2	/Volumes/AI/Codex/四川麻将工程_20260701_v2/res/audio/voice_options/sichuan_kuailexiaodong_2/tiao_2.wav	/Users/chendong/Documents/内江麻将工程_20260502_103823_v2/res/audio/voice_options/sichuan_kuailexiaodong_2/tiao_2.wav	True	False	待新增或更新
sichuan_kuailexiaodong_2	快乐小东 2.0	sichuan	male	tiao_3	/Volumes/AI/Codex/四川麻将工程_20260701_v2/res/audio/voice_options/sichuan_kuailexiaodong_2/tiao_3.wav	/Users/chendong/Documents/内江麻将工程_20260502_103823_v2/res/audio/voice_options/sichuan_kuailexiaodong_2/tiao_3.wav	True	False	待新增或更新
sichuan_kuailexiaodong_2	快乐小东 2.0	sichuan	male	tiao_4	/Volumes/AI/Codex/四川麻将工程_20260701_v2/res/audio/voice_options/sichuan_kuailexiaodong_2/tiao_4.wav	/Users/chendong/Documents/内江麻将工程_20260502_103823_v2/res/audio/voice_options/sichuan_kuailexiaodong_2/tiao_4.wav	True	False	待新增或更新
sichuan_kuailexiaodong_2	快乐小东 2.0	sichuan	male	tiao_5	/Volumes/AI/Codex/四川麻将工程_20260701_v2/res/audio/voice_options/sichuan_kuailexiaodong_2/tiao_5.wav	/Users/chendong/Documents/内江麻将工程_20260502_103823_v2/res/audio/voice_options/sichuan_kuailexiaodong_2/tiao_5.wav	True	False	待新增或更新
sichuan_kuailexiaodong_2	快乐小东 2.0	sichuan	male	tiao_6	/Volumes/AI/Codex/四川麻将工程_20260701_v2/res/audio/voice_options/sichuan_kuailexiaodong_2/tiao_6.wav	/Users/chendong/Documents/内江麻将工程_20260502_103823_v2/res/audio/voice_options/sichuan_kuailexiaodong_2/tiao_6.wav	True	False	待新增或更新
sichuan_kuailexiaodong_2	快乐小东 2.0	sichuan	male	tiao_7	/Volumes/AI/Codex/四川麻将工程_20260701_v2/res/audio/voice_options/sichuan_kuailexiaodong_2/tiao_7.wav	/Users/chendong/Documents/内江麻将工程_20260502_103823_v2/res/audio/voice_options/sichuan_kuailexiaodong_2/tiao_7.wav	True	False	待新增或更新
sichuan_kuailexiaodong_2	快乐小东 2.0	sichuan	male	tiao_8	/Volumes/AI/Codex/四川麻将工程_20260701_v2/res/audio/voice_options/sichuan_kuailexiaodong_2/tiao_8.wav	/Users/chendong/Documents/内江麻将工程_20260502_103823_v2/res/audio/voice_options/sichuan_kuailexiaodong_2/tiao_8.wav	True	False	待新增或更新
sichuan_kuailexiaodong_2	快乐小东 2.0	sichuan	male	tiao_9	/Volumes/AI/Codex/四川麻将工程_20260701_v2/res/audio/voice_options/sichuan_kuailexiaodong_2/tiao_9.wav	/Users/chendong/Documents/内江麻将工程_20260502_103823_v2/res/audio/voice_options/sichuan_kuailexiaodong_2/tiao_9.wav	True	False	待新增或更新
sichuan_kuailexiaodong_2	快乐小东 2.0	sichuan	male	tong_1	/Volumes/AI/Codex/四川麻将工程_20260701_v2/res/audio/voice_options/sichuan_kuailexiaodong_2/tong_1.wav	/Users/chendong/Documents/内江麻将工程_20260502_103823_v2/res/audio/voice_options/sichuan_kuailexiaodong_2/tong_1.wav	True	False	待新增或更新
sichuan_kuailexiaodong_2	快乐小东 2.0	sichuan	male	tong_2	/Volumes/AI/Codex/四川麻将工程_20260701_v2/res/audio/voice_options/sichuan_kuailexiaodong_2/tong_2.wav	/Users/chendong/Documents/内江麻将工程_20260502_103823_v2/res/audio/voice_options/sichuan_kuailexiaodong_2/tong_2.wav	True	False	待新增或更新
sichuan_kuailexiaodong_2	快乐小东 2.0	sichuan	male	tong_3	/Volumes/AI/Codex/四川麻将工程_20260701_v2/res/audio/voice_options/sichuan_kuailexiaodong_2/tong_3.wav	/Users/chendong/Documents/内江麻将工程_20260502_103823_v2/res/audio/voice_options/sichuan_kuailexiaodong_2/tong_3.wav	True	False	待新增或更新
sichuan_kuailexiaodong_2	快乐小东 2.0	sichuan	male	tong_4	/Volumes/AI/Codex/四川麻将工程_20260701_v2/res/audio/voice_options/sichuan_kuailexiaodong_2/tong_4.wav	/Users/chendong/Documents/内江麻将工程_20260502_103823_v2/res/audio/voice_options/sichuan_kuailexiaodong_2/tong_4.wav	True	False	待新增或更新
sichuan_kuailexiaodong_2	快乐小东 2.0	sichuan	male	tong_5	/Volumes/AI/Codex/四川麻将工程_20260701_v2/res/audio/voice_options/sichuan_kuailexiaodong_2/tong_5.wav	/Users/chendong/Documents/内江麻将工程_20260502_103823_v2/res/audio/voice_options/sichuan_kuailexiaodong_2/tong_5.wav	True	False	待新增或更新
sichuan_kuailexiaodong_2	快乐小东 2.0	sichuan	male	tong_6	/Volumes/AI/Codex/四川麻将工程_20260701_v2/res/audio/voice_options/sichuan_kuailexiaodong_2/tong_6.wav	/Users/chendong/Documents/内江麻将工程_20260502_103823_v2/res/audio/voice_options/sichuan_kuailexiaodong_2/tong_6.wav	True	False	待新增或更新
sichuan_kuailexiaodong_2	快乐小东 2.0	sichuan	male	tong_7	/Volumes/AI/Codex/四川麻将工程_20260701_v2/res/audio/voice_options/sichuan_kuailexiaodong_2/tong_7.wav	/Users/chendong/Documents/内江麻将工程_20260502_103823_v2/res/audio/voice_options/sichuan_kuailexiaodong_2/tong_7.wav	True	False	待新增或更新
sichuan_kuailexiaodong_2	快乐小东 2.0	sichuan	male	tong_8	/Volumes/AI/Codex/四川麻将工程_20260701_v2/res/audio/voice_options/sichuan_kuailexiaodong_2/tong_8.wav	/Users/chendong/Documents/内江麻将工程_20260502_103823_v2/res/audio/voice_options/sichuan_kuailexiaodong_2/tong_8.wav	True	False	待新增或更新
sichuan_kuailexiaodong_2	快乐小东 2.0	sichuan	male	tong_9	/Volumes/AI/Codex/四川麻将工程_20260701_v2/res/audio/voice_options/sichuan_kuailexiaodong_2/tong_9.wav	/Users/chendong/Documents/内江麻将工程_20260502_103823_v2/res/audio/voice_options/sichuan_kuailexiaodong_2/tong_9.wav	True	False	待新增或更新
sichuan_kuailexiaodong_2	快乐小东 2.0	sichuan	male	peng	/Volumes/AI/Codex/四川麻将工程_20260701_v2/res/audio/voice_options/sichuan_kuailexiaodong_2/peng.wav	/Users/chendong/Documents/内江麻将工程_20260502_103823_v2/res/audio/voice_options/sichuan_kuailexiaodong_2/peng.wav	True	False	待新增或更新
sichuan_kuailexiaodong_2	快乐小东 2.0	sichuan	male	gang	/Volumes/AI/Codex/四川麻将工程_20260701_v2/res/audio/voice_options/sichuan_kuailexiaodong_2/gang.wav	/Users/chendong/Documents/内江麻将工程_20260502_103823_v2/res/audio/voice_options/sichuan_kuailexiaodong_2/gang.wav	True	False	待新增或更新
sichuan_kuailexiaodong_2	快乐小东 2.0	sichuan	male	hu	/Volumes/AI/Codex/四川麻将工程_20260701_v2/res/audio/voice_options/sichuan_kuailexiaodong_2/hu.wav	/Users/chendong/Documents/内江麻将工程_20260502_103823_v2/res/audio/voice_options/sichuan_kuailexiaodong_2/hu.wav	True	False	待新增或更新
sichuan_kuailexiaodong_2	快乐小东 2.0	sichuan	male	zimo	/Volumes/AI/Codex/四川麻将工程_20260701_v2/res/audio/voice_options/sichuan_kuailexiaodong_2/zimo.wav	/Users/chendong/Documents/内江麻将工程_20260502_103823_v2/res/audio/voice_options/sichuan_kuailexiaodong_2/zimo.wav	True	False	待新增或更新
sichuan_kuailexiaodong_2	快乐小东 2.0	sichuan	male	qiang_gang_hu	/Volumes/AI/Codex/四川麻将工程_20260701_v2/res/audio/voice_options/sichuan_kuailexiaodong_2/qiang_gang_hu.wav	/Users/chendong/Documents/内江麻将工程_20260502_103823_v2/res/audio/voice_options/sichuan_kuailexiaodong_2/qiang_gang_hu.wav	True	False	待新增或更新
sichuan_kuailexiaodong_2	快乐小东 2.0	sichuan	male	gang_shang_hua	/Volumes/AI/Codex/四川麻将工程_20260701_v2/res/audio/voice_options/sichuan_kuailexiaodong_2/gang_shang_hua.wav	/Users/chendong/Documents/内江麻将工程_20260502_103823_v2/res/audio/voice_options/sichuan_kuailexiaodong_2/gang_shang_hua.wav	True	False	待新增或更新
sichuan_kuailexiaodong_2	快乐小东 2.0	sichuan	male	gang_shang_pao	/Volumes/AI/Codex/四川麻将工程_20260701_v2/res/audio/voice_options/sichuan_kuailexiaodong_2/gang_shang_pao.wav	/Users/chendong/Documents/内江麻将工程_20260502_103823_v2/res/audio/voice_options/sichuan_kuailexiaodong_2/gang_shang_pao.wav	True	False	待新增或更新
sichuan_kuailexiaodong_2	快乐小东 2.0	sichuan	male	pass	/Volumes/AI/Codex/四川麻将工程_20260701_v2/res/audio/voice_options/sichuan_kuailexiaodong_2/pass.wav	/Users/chendong/Documents/内江麻将工程_20260502_103823_v2/res/audio/voice_options/sichuan_kuailexiaodong_2/pass.wav	True	False	待新增或更新
sichuan_kuailexiaodong_2	快乐小东 2.0	sichuan	male	win	/Volumes/AI/Codex/四川麻将工程_20260701_v2/res/audio/voice_options/sichuan_kuailexiaodong_2/win.wav	/Users/chendong/Documents/内江麻将工程_20260502_103823_v2/res/audio/voice_options/sichuan_kuailexiaodong_2/win.wav	True	False	待新增或更新
sichuan_kuailexiaodong_2	快乐小东 2.0	sichuan	male	lose	/Volumes/AI/Codex/四川麻将工程_20260701_v2/res/audio/voice_options/sichuan_kuailexiaodong_2/lose.wav	/Users/chendong/Documents/内江麻将工程_20260502_103823_v2/res/audio/voice_options/sichuan_kuailexiaodong_2/lose.wav	True	False	待新增或更新
sichuan_kuailexiaodong_2	快乐小东 2.0	sichuan	male	bao_jiao	/Volumes/AI/Codex/四川麻将工程_20260701_v2/res/audio/voice_options/sichuan_kuailexiaodong_2/bao_jiao.wav	/Users/chendong/Documents/内江麻将工程_20260502_103823_v2/res/audio/voice_options/sichuan_kuailexiaodong_2/bao_jiao.wav	True	False	待新增或更新
sichuan_kuailexiaodong_2	快乐小东 2.0	sichuan	male	bao_gang	/Volumes/AI/Codex/四川麻将工程_20260701_v2/res/audio/voice_options/sichuan_kuailexiaodong_2/bao_gang.wav	/Users/chendong/Documents/内江麻将工程_20260502_103823_v2/res/audio/voice_options/sichuan_kuailexiaodong_2/bao_gang.wav	True	False	待新增或更新
mandarin_baqiqingshu_2	霸气青叔 2.0	mandarin	male	tiao_1	/Volumes/AI/Codex/四川麻将工程_20260701_v2/res/audio/voice_options/mandarin_baqiqingshu_2/tiao_1.wav	/Users/chendong/Documents/内江麻将工程_20260502_103823_v2/res/audio/voice_options/mandarin_baqiqingshu_2/tiao_1.wav	True	False	待新增或更新
mandarin_baqiqingshu_2	霸气青叔 2.0	mandarin	male	tiao_2	/Volumes/AI/Codex/四川麻将工程_20260701_v2/res/audio/voice_options/mandarin_baqiqingshu_2/tiao_2.wav	/Users/chendong/Documents/内江麻将工程_20260502_103823_v2/res/audio/voice_options/mandarin_baqiqingshu_2/tiao_2.wav	True	False	待新增或更新
mandarin_baqiqingshu_2	霸气青叔 2.0	mandarin	male	tiao_3	/Volumes/AI/Codex/四川麻将工程_20260701_v2/res/audio/voice_options/mandarin_baqiqingshu_2/tiao_3.wav	/Users/chendong/Documents/内江麻将工程_20260502_103823_v2/res/audio/voice_options/mandarin_baqiqingshu_2/tiao_3.wav	True	False	待新增或更新
mandarin_baqiqingshu_2	霸气青叔 2.0	mandarin	male	tiao_4	/Volumes/AI/Codex/四川麻将工程_20260701_v2/res/audio/voice_options/mandarin_baqiqingshu_2/tiao_4.wav	/Users/chendong/Documents/内江麻将工程_20260502_103823_v2/res/audio/voice_options/mandarin_baqiqingshu_2/tiao_4.wav	True	False	待新增或更新
mandarin_baqiqingshu_2	霸气青叔 2.0	mandarin	male	tiao_5	/Volumes/AI/Codex/四川麻将工程_20260701_v2/res/audio/voice_options/mandarin_baqiqingshu_2/tiao_5.wav	/Users/chendong/Documents/内江麻将工程_20260502_103823_v2/res/audio/voice_options/mandarin_baqiqingshu_2/tiao_5.wav	True	False	待新增或更新
mandarin_baqiqingshu_2	霸气青叔 2.0	mandarin	male	tiao_6	/Volumes/AI/Codex/四川麻将工程_20260701_v2/res/audio/voice_options/mandarin_baqiqingshu_2/tiao_6.wav	/Users/chendong/Documents/内江麻将工程_20260502_103823_v2/res/audio/voice_options/mandarin_baqiqingshu_2/tiao_6.wav	True	False	待新增或更新
mandarin_baqiqingshu_2	霸气青叔 2.0	mandarin	male	tiao_7	/Volumes/AI/Codex/四川麻将工程_20260701_v2/res/audio/voice_options/mandarin_baqiqingshu_2/tiao_7.wav	/Users/chendong/Documents/内江麻将工程_20260502_103823_v2/res/audio/voice_options/mandarin_baqiqingshu_2/tiao_7.wav	True	False	待新增或更新
mandarin_baqiqingshu_2	霸气青叔 2.0	mandarin	male	tiao_8	/Volumes/AI/Codex/四川麻将工程_20260701_v2/res/audio/voice_options/mandarin_baqiqingshu_2/tiao_8.wav	/Users/chendong/Documents/内江麻将工程_20260502_103823_v2/res/audio/voice_options/mandarin_baqiqingshu_2/tiao_8.wav	True	False	待新增或更新
mandarin_baqiqingshu_2	霸气青叔 2.0	mandarin	male	tiao_9	/Volumes/AI/Codex/四川麻将工程_20260701_v2/res/audio/voice_options/mandarin_baqiqingshu_2/tiao_9.wav	/Users/chendong/Documents/内江麻将工程_20260502_103823_v2/res/audio/voice_options/mandarin_baqiqingshu_2/tiao_9.wav	True	False	待新增或更新
mandarin_baqiqingshu_2	霸气青叔 2.0	mandarin	male	tong_1	/Volumes/AI/Codex/四川麻将工程_20260701_v2/res/audio/voice_options/mandarin_baqiqingshu_2/tong_1.wav	/Users/chendong/Documents/内江麻将工程_20260502_103823_v2/res/audio/voice_options/mandarin_baqiqingshu_2/tong_1.wav	True	False	待新增或更新
mandarin_baqiqingshu_2	霸气青叔 2.0	mandarin	male	tong_2	/Volumes/AI/Codex/四川麻将工程_20260701_v2/res/audio/voice_options/mandarin_baqiqingshu_2/tong_2.wav	/Users/chendong/Documents/内江麻将工程_20260502_103823_v2/res/audio/voice_options/mandarin_baqiqingshu_2/tong_2.wav	True	False	待新增或更新
mandarin_baqiqingshu_2	霸气青叔 2.0	mandarin	male	tong_3	/Volumes/AI/Codex/四川麻将工程_20260701_v2/res/audio/voice_options/mandarin_baqiqingshu_2/tong_3.wav	/Users/chendong/Documents/内江麻将工程_20260502_103823_v2/res/audio/voice_options/mandarin_baqiqingshu_2/tong_3.wav	True	False	待新增或更新
mandarin_baqiqingshu_2	霸气青叔 2.0	mandarin	male	tong_4	/Volumes/AI/Codex/四川麻将工程_20260701_v2/res/audio/voice_options/mandarin_baqiqingshu_2/tong_4.wav	/Users/chendong/Documents/内江麻将工程_20260502_103823_v2/res/audio/voice_options/mandarin_baqiqingshu_2/tong_4.wav	True	False	待新增或更新
mandarin_baqiqingshu_2	霸气青叔 2.0	mandarin	male	tong_5	/Volumes/AI/Codex/四川麻将工程_20260701_v2/res/audio/voice_options/mandarin_baqiqingshu_2/tong_5.wav	/Users/chendong/Documents/内江麻将工程_20260502_103823_v2/res/audio/voice_options/mandarin_baqiqingshu_2/tong_5.wav	True	False	待新增或更新
mandarin_baqiqingshu_2	霸气青叔 2.0	mandarin	male	tong_6	/Volumes/AI/Codex/四川麻将工程_20260701_v2/res/audio/voice_options/mandarin_baqiqingshu_2/tong_6.wav	/Users/chendong/Documents/内江麻将工程_20260502_103823_v2/res/audio/voice_options/mandarin_baqiqingshu_2/tong_6.wav	True	False	待新增或更新
mandarin_baqiqingshu_2	霸气青叔 2.0	mandarin	male	tong_7	/Volumes/AI/Codex/四川麻将工程_20260701_v2/res/audio/voice_options/mandarin_baqiqingshu_2/tong_7.wav	/Users/chendong/Documents/内江麻将工程_20260502_103823_v2/res/audio/voice_options/mandarin_baqiqingshu_2/tong_7.wav	True	False	待新增或更新
mandarin_baqiqingshu_2	霸气青叔 2.0	mandarin	male	tong_8	/Volumes/AI/Codex/四川麻将工程_20260701_v2/res/audio/voice_options/mandarin_baqiqingshu_2/tong_8.wav	/Users/chendong/Documents/内江麻将工程_20260502_103823_v2/res/audio/voice_options/mandarin_baqiqingshu_2/tong_8.wav	True	False	待新增或更新
mandarin_baqiqingshu_2	霸气青叔 2.0	mandarin	male	tong_9	/Volumes/AI/Codex/四川麻将工程_20260701_v2/res/audio/voice_options/mandarin_baqiqingshu_2/tong_9.wav	/Users/chendong/Documents/内江麻将工程_20260502_103823_v2/res/audio/voice_options/mandarin_baqiqingshu_2/tong_9.wav	True	False	待新增或更新
mandarin_baqiqingshu_2	霸气青叔 2.0	mandarin	male	peng	/Volumes/AI/Codex/四川麻将工程_20260701_v2/res/audio/voice_options/mandarin_baqiqingshu_2/peng.wav	/Users/chendong/Documents/内江麻将工程_20260502_103823_v2/res/audio/voice_options/mandarin_baqiqingshu_2/peng.wav	True	False	待新增或更新
mandarin_baqiqingshu_2	霸气青叔 2.0	mandarin	male	gang	/Volumes/AI/Codex/四川麻将工程_20260701_v2/res/audio/voice_options/mandarin_baqiqingshu_2/gang.wav	/Users/chendong/Documents/内江麻将工程_20260502_103823_v2/res/audio/voice_options/mandarin_baqiqingshu_2/gang.wav	True	False	待新增或更新
mandarin_baqiqingshu_2	霸气青叔 2.0	mandarin	male	hu	/Volumes/AI/Codex/四川麻将工程_20260701_v2/res/audio/voice_options/mandarin_baqiqingshu_2/hu.wav	/Users/chendong/Documents/内江麻将工程_20260502_103823_v2/res/audio/voice_options/mandarin_baqiqingshu_2/hu.wav	True	False	待新增或更新
mandarin_baqiqingshu_2	霸气青叔 2.0	mandarin	male	zimo	/Volumes/AI/Codex/四川麻将工程_20260701_v2/res/audio/voice_options/mandarin_baqiqingshu_2/zimo.wav	/Users/chendong/Documents/内江麻将工程_20260502_103823_v2/res/audio/voice_options/mandarin_baqiqingshu_2/zimo.wav	True	False	待新增或更新
mandarin_baqiqingshu_2	霸气青叔 2.0	mandarin	male	qiang_gang_hu	/Volumes/AI/Codex/四川麻将工程_20260701_v2/res/audio/voice_options/mandarin_baqiqingshu_2/qiang_gang_hu.wav	/Users/chendong/Documents/内江麻将工程_20260502_103823_v2/res/audio/voice_options/mandarin_baqiqingshu_2/qiang_gang_hu.wav	True	False	待新增或更新
mandarin_baqiqingshu_2	霸气青叔 2.0	mandarin	male	gang_shang_hua	/Volumes/AI/Codex/四川麻将工程_20260701_v2/res/audio/voice_options/mandarin_baqiqingshu_2/gang_shang_hua.wav	/Users/chendong/Documents/内江麻将工程_20260502_103823_v2/res/audio/voice_options/mandarin_baqiqingshu_2/gang_shang_hua.wav	True	False	待新增或更新
mandarin_baqiqingshu_2	霸气青叔 2.0	mandarin	male	gang_shang_pao	/Volumes/AI/Codex/四川麻将工程_20260701_v2/res/audio/voice_options/mandarin_baqiqingshu_2/gang_shang_pao.wav	/Users/chendong/Documents/内江麻将工程_20260502_103823_v2/res/audio/voice_options/mandarin_baqiqingshu_2/gang_shang_pao.wav	True	False	待新增或更新
mandarin_baqiqingshu_2	霸气青叔 2.0	mandarin	male	pass	/Volumes/AI/Codex/四川麻将工程_20260701_v2/res/audio/voice_options/mandarin_baqiqingshu_2/pass.wav	/Users/chendong/Documents/内江麻将工程_20260502_103823_v2/res/audio/voice_options/mandarin_baqiqingshu_2/pass.wav	True	False	待新增或更新
mandarin_baqiqingshu_2	霸气青叔 2.0	mandarin	male	win	/Volumes/AI/Codex/四川麻将工程_20260701_v2/res/audio/voice_options/mandarin_baqiqingshu_2/win.wav	/Users/chendong/Documents/内江麻将工程_20260502_103823_v2/res/audio/voice_options/mandarin_baqiqingshu_2/win.wav	True	False	待新增或更新
mandarin_baqiqingshu_2	霸气青叔 2.0	mandarin	male	lose	/Volumes/AI/Codex/四川麻将工程_20260701_v2/res/audio/voice_options/mandarin_baqiqingshu_2/lose.wav	/Users/chendong/Documents/内江麻将工程_20260502_103823_v2/res/audio/voice_options/mandarin_baqiqingshu_2/lose.wav	True	False	待新增或更新
mandarin_baqiqingshu_2	霸气青叔 2.0	mandarin	male	bao_jiao	/Volumes/AI/Codex/四川麻将工程_20260701_v2/res/audio/voice_options/mandarin_baqiqingshu_2/bao_jiao.wav	/Users/chendong/Documents/内江麻将工程_20260502_103823_v2/res/audio/voice_options/mandarin_baqiqingshu_2/bao_jiao.wav	True	False	待新增或更新
mandarin_baqiqingshu_2	霸气青叔 2.0	mandarin	male	bao_gang	/Volumes/AI/Codex/四川麻将工程_20260701_v2/res/audio/voice_options/mandarin_baqiqingshu_2/bao_gang.wav	/Users/chendong/Documents/内江麻将工程_20260502_103823_v2/res/audio/voice_options/mandarin_baqiqingshu_2/bao_gang.wav	True	False	待新增或更新
mandarin_huolixiaoge_2	活力小哥 2.0	mandarin	male	tiao_1	/Volumes/AI/Codex/四川麻将工程_20260701_v2/res/audio/voice_options/mandarin_huolixiaoge_2/tiao_1.wav	/Users/chendong/Documents/内江麻将工程_20260502_103823_v2/res/audio/voice_options/mandarin_huolixiaoge_2/tiao_1.wav	True	False	待新增或更新
mandarin_huolixiaoge_2	活力小哥 2.0	mandarin	male	tiao_2	/Volumes/AI/Codex/四川麻将工程_20260701_v2/res/audio/voice_options/mandarin_huolixiaoge_2/tiao_2.wav	/Users/chendong/Documents/内江麻将工程_20260502_103823_v2/res/audio/voice_options/mandarin_huolixiaoge_2/tiao_2.wav	True	False	待新增或更新
mandarin_huolixiaoge_2	活力小哥 2.0	mandarin	male	tiao_3	/Volumes/AI/Codex/四川麻将工程_20260701_v2/res/audio/voice_options/mandarin_huolixiaoge_2/tiao_3.wav	/Users/chendong/Documents/内江麻将工程_20260502_103823_v2/res/audio/voice_options/mandarin_huolixiaoge_2/tiao_3.wav	True	False	待新增或更新
mandarin_huolixiaoge_2	活力小哥 2.0	mandarin	male	tiao_4	/Volumes/AI/Codex/四川麻将工程_20260701_v2/res/audio/voice_options/mandarin_huolixiaoge_2/tiao_4.wav	/Users/chendong/Documents/内江麻将工程_20260502_103823_v2/res/audio/voice_options/mandarin_huolixiaoge_2/tiao_4.wav	True	False	待新增或更新
mandarin_huolixiaoge_2	活力小哥 2.0	mandarin	male	tiao_5	/Volumes/AI/Codex/四川麻将工程_20260701_v2/res/audio/voice_options/mandarin_huolixiaoge_2/tiao_5.wav	/Users/chendong/Documents/内江麻将工程_20260502_103823_v2/res/audio/voice_options/mandarin_huolixiaoge_2/tiao_5.wav	True	False	待新增或更新
mandarin_huolixiaoge_2	活力小哥 2.0	mandarin	male	tiao_6	/Volumes/AI/Codex/四川麻将工程_20260701_v2/res/audio/voice_options/mandarin_huolixiaoge_2/tiao_6.wav	/Users/chendong/Documents/内江麻将工程_20260502_103823_v2/res/audio/voice_options/mandarin_huolixiaoge_2/tiao_6.wav	True	False	待新增或更新
mandarin_huolixiaoge_2	活力小哥 2.0	mandarin	male	tiao_7	/Volumes/AI/Codex/四川麻将工程_20260701_v2/res/audio/voice_options/mandarin_huolixiaoge_2/tiao_7.wav	/Users/chendong/Documents/内江麻将工程_20260502_103823_v2/res/audio/voice_options/mandarin_huolixiaoge_2/tiao_7.wav	True	False	待新增或更新
mandarin_huolixiaoge_2	活力小哥 2.0	mandarin	male	tiao_8	/Volumes/AI/Codex/四川麻将工程_20260701_v2/res/audio/voice_options/mandarin_huolixiaoge_2/tiao_8.wav	/Users/chendong/Documents/内江麻将工程_20260502_103823_v2/res/audio/voice_options/mandarin_huolixiaoge_2/tiao_8.wav	True	False	待新增或更新
mandarin_huolixiaoge_2	活力小哥 2.0	mandarin	male	tiao_9	/Volumes/AI/Codex/四川麻将工程_20260701_v2/res/audio/voice_options/mandarin_huolixiaoge_2/tiao_9.wav	/Users/chendong/Documents/内江麻将工程_20260502_103823_v2/res/audio/voice_options/mandarin_huolixiaoge_2/tiao_9.wav	True	False	待新增或更新
mandarin_huolixiaoge_2	活力小哥 2.0	mandarin	male	tong_1	/Volumes/AI/Codex/四川麻将工程_20260701_v2/res/audio/voice_options/mandarin_huolixiaoge_2/tong_1.wav	/Users/chendong/Documents/内江麻将工程_20260502_103823_v2/res/audio/voice_options/mandarin_huolixiaoge_2/tong_1.wav	True	False	待新增或更新
mandarin_huolixiaoge_2	活力小哥 2.0	mandarin	male	tong_2	/Volumes/AI/Codex/四川麻将工程_20260701_v2/res/audio/voice_options/mandarin_huolixiaoge_2/tong_2.wav	/Users/chendong/Documents/内江麻将工程_20260502_103823_v2/res/audio/voice_options/mandarin_huolixiaoge_2/tong_2.wav	True	False	待新增或更新
mandarin_huolixiaoge_2	活力小哥 2.0	mandarin	male	tong_3	/Volumes/AI/Codex/四川麻将工程_20260701_v2/res/audio/voice_options/mandarin_huolixiaoge_2/tong_3.wav	/Users/chendong/Documents/内江麻将工程_20260502_103823_v2/res/audio/voice_options/mandarin_huolixiaoge_2/tong_3.wav	True	False	待新增或更新
mandarin_huolixiaoge_2	活力小哥 2.0	mandarin	male	tong_4	/Volumes/AI/Codex/四川麻将工程_20260701_v2/res/audio/voice_options/mandarin_huolixiaoge_2/tong_4.wav	/Users/chendong/Documents/内江麻将工程_20260502_103823_v2/res/audio/voice_options/mandarin_huolixiaoge_2/tong_4.wav	True	False	待新增或更新
mandarin_huolixiaoge_2	活力小哥 2.0	mandarin	male	tong_5	/Volumes/AI/Codex/四川麻将工程_20260701_v2/res/audio/voice_options/mandarin_huolixiaoge_2/tong_5.wav	/Users/chendong/Documents/内江麻将工程_20260502_103823_v2/res/audio/voice_options/mandarin_huolixiaoge_2/tong_5.wav	True	False	待新增或更新
mandarin_huolixiaoge_2	活力小哥 2.0	mandarin	male	tong_6	/Volumes/AI/Codex/四川麻将工程_20260701_v2/res/audio/voice_options/mandarin_huolixiaoge_2/tong_6.wav	/Users/chendong/Documents/内江麻将工程_20260502_103823_v2/res/audio/voice_options/mandarin_huolixiaoge_2/tong_6.wav	True	False	待新增或更新
mandarin_huolixiaoge_2	活力小哥 2.0	mandarin	male	tong_7	/Volumes/AI/Codex/四川麻将工程_20260701_v2/res/audio/voice_options/mandarin_huolixiaoge_2/tong_7.wav	/Users/chendong/Documents/内江麻将工程_20260502_103823_v2/res/audio/voice_options/mandarin_huolixiaoge_2/tong_7.wav	True	False	待新增或更新
mandarin_huolixiaoge_2	活力小哥 2.0	mandarin	male	tong_8	/Volumes/AI/Codex/四川麻将工程_20260701_v2/res/audio/voice_options/mandarin_huolixiaoge_2/tong_8.wav	/Users/chendong/Documents/内江麻将工程_20260502_103823_v2/res/audio/voice_options/mandarin_huolixiaoge_2/tong_8.wav	True	False	待新增或更新
mandarin_huolixiaoge_2	活力小哥 2.0	mandarin	male	tong_9	/Volumes/AI/Codex/四川麻将工程_20260701_v2/res/audio/voice_options/mandarin_huolixiaoge_2/tong_9.wav	/Users/chendong/Documents/内江麻将工程_20260502_103823_v2/res/audio/voice_options/mandarin_huolixiaoge_2/tong_9.wav	True	False	待新增或更新
mandarin_huolixiaoge_2	活力小哥 2.0	mandarin	male	peng	/Volumes/AI/Codex/四川麻将工程_20260701_v2/res/audio/voice_options/mandarin_huolixiaoge_2/peng.wav	/Users/chendong/Documents/内江麻将工程_20260502_103823_v2/res/audio/voice_options/mandarin_huolixiaoge_2/peng.wav	True	False	待新增或更新
mandarin_huolixiaoge_2	活力小哥 2.0	mandarin	male	gang	/Volumes/AI/Codex/四川麻将工程_20260701_v2/res/audio/voice_options/mandarin_huolixiaoge_2/gang.wav	/Users/chendong/Documents/内江麻将工程_20260502_103823_v2/res/audio/voice_options/mandarin_huolixiaoge_2/gang.wav	True	False	待新增或更新
mandarin_huolixiaoge_2	活力小哥 2.0	mandarin	male	hu	/Volumes/AI/Codex/四川麻将工程_20260701_v2/res/audio/voice_options/mandarin_huolixiaoge_2/hu.wav	/Users/chendong/Documents/内江麻将工程_20260502_103823_v2/res/audio/voice_options/mandarin_huolixiaoge_2/hu.wav	True	False	待新增或更新
mandarin_huolixiaoge_2	活力小哥 2.0	mandarin	male	zimo	/Volumes/AI/Codex/四川麻将工程_20260701_v2/res/audio/voice_options/mandarin_huolixiaoge_2/zimo.wav	/Users/chendong/Documents/内江麻将工程_20260502_103823_v2/res/audio/voice_options/mandarin_huolixiaoge_2/zimo.wav	True	False	待新增或更新
mandarin_huolixiaoge_2	活力小哥 2.0	mandarin	male	qiang_gang_hu	/Volumes/AI/Codex/四川麻将工程_20260701_v2/res/audio/voice_options/mandarin_huolixiaoge_2/qiang_gang_hu.wav	/Users/chendong/Documents/内江麻将工程_20260502_103823_v2/res/audio/voice_options/mandarin_huolixiaoge_2/qiang_gang_hu.wav	True	False	待新增或更新
mandarin_huolixiaoge_2	活力小哥 2.0	mandarin	male	gang_shang_hua	/Volumes/AI/Codex/四川麻将工程_20260701_v2/res/audio/voice_options/mandarin_huolixiaoge_2/gang_shang_hua.wav	/Users/chendong/Documents/内江麻将工程_20260502_103823_v2/res/audio/voice_options/mandarin_huolixiaoge_2/gang_shang_hua.wav	True	False	待新增或更新
mandarin_huolixiaoge_2	活力小哥 2.0	mandarin	male	gang_shang_pao	/Volumes/AI/Codex/四川麻将工程_20260701_v2/res/audio/voice_options/mandarin_huolixiaoge_2/gang_shang_pao.wav	/Users/chendong/Documents/内江麻将工程_20260502_103823_v2/res/audio/voice_options/mandarin_huolixiaoge_2/gang_shang_pao.wav	True	False	待新增或更新
mandarin_huolixiaoge_2	活力小哥 2.0	mandarin	male	pass	/Volumes/AI/Codex/四川麻将工程_20260701_v2/res/audio/voice_options/mandarin_huolixiaoge_2/pass.wav	/Users/chendong/Documents/内江麻将工程_20260502_103823_v2/res/audio/voice_options/mandarin_huolixiaoge_2/pass.wav	True	False	待新增或更新
mandarin_huolixiaoge_2	活力小哥 2.0	mandarin	male	win	/Volumes/AI/Codex/四川麻将工程_20260701_v2/res/audio/voice_options/mandarin_huolixiaoge_2/win.wav	/Users/chendong/Documents/内江麻将工程_20260502_103823_v2/res/audio/voice_options/mandarin_huolixiaoge_2/win.wav	True	False	待新增或更新
mandarin_huolixiaoge_2	活力小哥 2.0	mandarin	male	lose	/Volumes/AI/Codex/四川麻将工程_20260701_v2/res/audio/voice_options/mandarin_huolixiaoge_2/lose.wav	/Users/chendong/Documents/内江麻将工程_20260502_103823_v2/res/audio/voice_options/mandarin_huolixiaoge_2/lose.wav	True	False	待新增或更新
mandarin_huolixiaoge_2	活力小哥 2.0	mandarin	male	bao_jiao	/Volumes/AI/Codex/四川麻将工程_20260701_v2/res/audio/voice_options/mandarin_huolixiaoge_2/bao_jiao.wav	/Users/chendong/Documents/内江麻将工程_20260502_103823_v2/res/audio/voice_options/mandarin_huolixiaoge_2/bao_jiao.wav	True	False	待新增或更新
mandarin_huolixiaoge_2	活力小哥 2.0	mandarin	male	bao_gang	/Volumes/AI/Codex/四川麻将工程_20260701_v2/res/audio/voice_options/mandarin_huolixiaoge_2/bao_gang.wav	/Users/chendong/Documents/内江麻将工程_20260502_103823_v2/res/audio/voice_options/mandarin_huolixiaoge_2/bao_gang.wav	True	False	待新增或更新
mandarin_fanjuanqingnian_2	反卷青年 2.0	mandarin	male	tiao_1	/Volumes/AI/Codex/四川麻将工程_20260701_v2/res/audio/voice_options/mandarin_fanjuanqingnian_2/tiao_1.wav	/Users/chendong/Documents/内江麻将工程_20260502_103823_v2/res/audio/voice_options/mandarin_fanjuanqingnian_2/tiao_1.wav	True	False	待新增或更新
mandarin_fanjuanqingnian_2	反卷青年 2.0	mandarin	male	tiao_2	/Volumes/AI/Codex/四川麻将工程_20260701_v2/res/audio/voice_options/mandarin_fanjuanqingnian_2/tiao_2.wav	/Users/chendong/Documents/内江麻将工程_20260502_103823_v2/res/audio/voice_options/mandarin_fanjuanqingnian_2/tiao_2.wav	True	False	待新增或更新
mandarin_fanjuanqingnian_2	反卷青年 2.0	mandarin	male	tiao_3	/Volumes/AI/Codex/四川麻将工程_20260701_v2/res/audio/voice_options/mandarin_fanjuanqingnian_2/tiao_3.wav	/Users/chendong/Documents/内江麻将工程_20260502_103823_v2/res/audio/voice_options/mandarin_fanjuanqingnian_2/tiao_3.wav	True	False	待新增或更新
mandarin_fanjuanqingnian_2	反卷青年 2.0	mandarin	male	tiao_4	/Volumes/AI/Codex/四川麻将工程_20260701_v2/res/audio/voice_options/mandarin_fanjuanqingnian_2/tiao_4.wav	/Users/chendong/Documents/内江麻将工程_20260502_103823_v2/res/audio/voice_options/mandarin_fanjuanqingnian_2/tiao_4.wav	True	False	待新增或更新
mandarin_fanjuanqingnian_2	反卷青年 2.0	mandarin	male	tiao_5	/Volumes/AI/Codex/四川麻将工程_20260701_v2/res/audio/voice_options/mandarin_fanjuanqingnian_2/tiao_5.wav	/Users/chendong/Documents/内江麻将工程_20260502_103823_v2/res/audio/voice_options/mandarin_fanjuanqingnian_2/tiao_5.wav	True	False	待新增或更新
mandarin_fanjuanqingnian_2	反卷青年 2.0	mandarin	male	tiao_6	/Volumes/AI/Codex/四川麻将工程_20260701_v2/res/audio/voice_options/mandarin_fanjuanqingnian_2/tiao_6.wav	/Users/chendong/Documents/内江麻将工程_20260502_103823_v2/res/audio/voice_options/mandarin_fanjuanqingnian_2/tiao_6.wav	True	False	待新增或更新
mandarin_fanjuanqingnian_2	反卷青年 2.0	mandarin	male	tiao_7	/Volumes/AI/Codex/四川麻将工程_20260701_v2/res/audio/voice_options/mandarin_fanjuanqingnian_2/tiao_7.wav	/Users/chendong/Documents/内江麻将工程_20260502_103823_v2/res/audio/voice_options/mandarin_fanjuanqingnian_2/tiao_7.wav	True	False	待新增或更新
mandarin_fanjuanqingnian_2	反卷青年 2.0	mandarin	male	tiao_8	/Volumes/AI/Codex/四川麻将工程_20260701_v2/res/audio/voice_options/mandarin_fanjuanqingnian_2/tiao_8.wav	/Users/chendong/Documents/内江麻将工程_20260502_103823_v2/res/audio/voice_options/mandarin_fanjuanqingnian_2/tiao_8.wav	True	False	待新增或更新
mandarin_fanjuanqingnian_2	反卷青年 2.0	mandarin	male	tiao_9	/Volumes/AI/Codex/四川麻将工程_20260701_v2/res/audio/voice_options/mandarin_fanjuanqingnian_2/tiao_9.wav	/Users/chendong/Documents/内江麻将工程_20260502_103823_v2/res/audio/voice_options/mandarin_fanjuanqingnian_2/tiao_9.wav	True	False	待新增或更新
mandarin_fanjuanqingnian_2	反卷青年 2.0	mandarin	male	tong_1	/Volumes/AI/Codex/四川麻将工程_20260701_v2/res/audio/voice_options/mandarin_fanjuanqingnian_2/tong_1.wav	/Users/chendong/Documents/内江麻将工程_20260502_103823_v2/res/audio/voice_options/mandarin_fanjuanqingnian_2/tong_1.wav	True	False	待新增或更新
mandarin_fanjuanqingnian_2	反卷青年 2.0	mandarin	male	tong_2	/Volumes/AI/Codex/四川麻将工程_20260701_v2/res/audio/voice_options/mandarin_fanjuanqingnian_2/tong_2.wav	/Users/chendong/Documents/内江麻将工程_20260502_103823_v2/res/audio/voice_options/mandarin_fanjuanqingnian_2/tong_2.wav	True	False	待新增或更新
mandarin_fanjuanqingnian_2	反卷青年 2.0	mandarin	male	tong_3	/Volumes/AI/Codex/四川麻将工程_20260701_v2/res/audio/voice_options/mandarin_fanjuanqingnian_2/tong_3.wav	/Users/chendong/Documents/内江麻将工程_20260502_103823_v2/res/audio/voice_options/mandarin_fanjuanqingnian_2/tong_3.wav	True	False	待新增或更新
mandarin_fanjuanqingnian_2	反卷青年 2.0	mandarin	male	tong_4	/Volumes/AI/Codex/四川麻将工程_20260701_v2/res/audio/voice_options/mandarin_fanjuanqingnian_2/tong_4.wav	/Users/chendong/Documents/内江麻将工程_20260502_103823_v2/res/audio/voice_options/mandarin_fanjuanqingnian_2/tong_4.wav	True	False	待新增或更新
mandarin_fanjuanqingnian_2	反卷青年 2.0	mandarin	male	tong_5	/Volumes/AI/Codex/四川麻将工程_20260701_v2/res/audio/voice_options/mandarin_fanjuanqingnian_2/tong_5.wav	/Users/chendong/Documents/内江麻将工程_20260502_103823_v2/res/audio/voice_options/mandarin_fanjuanqingnian_2/tong_5.wav	True	False	待新增或更新
mandarin_fanjuanqingnian_2	反卷青年 2.0	mandarin	male	tong_6	/Volumes/AI/Codex/四川麻将工程_20260701_v2/res/audio/voice_options/mandarin_fanjuanqingnian_2/tong_6.wav	/Users/chendong/Documents/内江麻将工程_20260502_103823_v2/res/audio/voice_options/mandarin_fanjuanqingnian_2/tong_6.wav	True	False	待新增或更新
mandarin_fanjuanqingnian_2	反卷青年 2.0	mandarin	male	tong_7	/Volumes/AI/Codex/四川麻将工程_20260701_v2/res/audio/voice_options/mandarin_fanjuanqingnian_2/tong_7.wav	/Users/chendong/Documents/内江麻将工程_20260502_103823_v2/res/audio/voice_options/mandarin_fanjuanqingnian_2/tong_7.wav	True	False	待新增或更新
mandarin_fanjuanqingnian_2	反卷青年 2.0	mandarin	male	tong_8	/Volumes/AI/Codex/四川麻将工程_20260701_v2/res/audio/voice_options/mandarin_fanjuanqingnian_2/tong_8.wav	/Users/chendong/Documents/内江麻将工程_20260502_103823_v2/res/audio/voice_options/mandarin_fanjuanqingnian_2/tong_8.wav	True	False	待新增或更新
mandarin_fanjuanqingnian_2	反卷青年 2.0	mandarin	male	tong_9	/Volumes/AI/Codex/四川麻将工程_20260701_v2/res/audio/voice_options/mandarin_fanjuanqingnian_2/tong_9.wav	/Users/chendong/Documents/内江麻将工程_20260502_103823_v2/res/audio/voice_options/mandarin_fanjuanqingnian_2/tong_9.wav	True	False	待新增或更新
mandarin_fanjuanqingnian_2	反卷青年 2.0	mandarin	male	peng	/Volumes/AI/Codex/四川麻将工程_20260701_v2/res/audio/voice_options/mandarin_fanjuanqingnian_2/peng.wav	/Users/chendong/Documents/内江麻将工程_20260502_103823_v2/res/audio/voice_options/mandarin_fanjuanqingnian_2/peng.wav	True	False	待新增或更新
mandarin_fanjuanqingnian_2	反卷青年 2.0	mandarin	male	gang	/Volumes/AI/Codex/四川麻将工程_20260701_v2/res/audio/voice_options/mandarin_fanjuanqingnian_2/gang.wav	/Users/chendong/Documents/内江麻将工程_20260502_103823_v2/res/audio/voice_options/mandarin_fanjuanqingnian_2/gang.wav	True	False	待新增或更新
mandarin_fanjuanqingnian_2	反卷青年 2.0	mandarin	male	hu	/Volumes/AI/Codex/四川麻将工程_20260701_v2/res/audio/voice_options/mandarin_fanjuanqingnian_2/hu.wav	/Users/chendong/Documents/内江麻将工程_20260502_103823_v2/res/audio/voice_options/mandarin_fanjuanqingnian_2/hu.wav	True	False	待新增或更新
mandarin_fanjuanqingnian_2	反卷青年 2.0	mandarin	male	zimo	/Volumes/AI/Codex/四川麻将工程_20260701_v2/res/audio/voice_options/mandarin_fanjuanqingnian_2/zimo.wav	/Users/chendong/Documents/内江麻将工程_20260502_103823_v2/res/audio/voice_options/mandarin_fanjuanqingnian_2/zimo.wav	True	False	待新增或更新
mandarin_fanjuanqingnian_2	反卷青年 2.0	mandarin	male	qiang_gang_hu	/Volumes/AI/Codex/四川麻将工程_20260701_v2/res/audio/voice_options/mandarin_fanjuanqingnian_2/qiang_gang_hu.wav	/Users/chendong/Documents/内江麻将工程_20260502_103823_v2/res/audio/voice_options/mandarin_fanjuanqingnian_2/qiang_gang_hu.wav	True	False	待新增或更新
mandarin_fanjuanqingnian_2	反卷青年 2.0	mandarin	male	gang_shang_hua	/Volumes/AI/Codex/四川麻将工程_20260701_v2/res/audio/voice_options/mandarin_fanjuanqingnian_2/gang_shang_hua.wav	/Users/chendong/Documents/内江麻将工程_20260502_103823_v2/res/audio/voice_options/mandarin_fanjuanqingnian_2/gang_shang_hua.wav	True	False	待新增或更新
mandarin_fanjuanqingnian_2	反卷青年 2.0	mandarin	male	gang_shang_pao	/Volumes/AI/Codex/四川麻将工程_20260701_v2/res/audio/voice_options/mandarin_fanjuanqingnian_2/gang_shang_pao.wav	/Users/chendong/Documents/内江麻将工程_20260502_103823_v2/res/audio/voice_options/mandarin_fanjuanqingnian_2/gang_shang_pao.wav	True	False	待新增或更新
mandarin_fanjuanqingnian_2	反卷青年 2.0	mandarin	male	pass	/Volumes/AI/Codex/四川麻将工程_20260701_v2/res/audio/voice_options/mandarin_fanjuanqingnian_2/pass.wav	/Users/chendong/Documents/内江麻将工程_20260502_103823_v2/res/audio/voice_options/mandarin_fanjuanqingnian_2/pass.wav	True	False	待新增或更新
mandarin_fanjuanqingnian_2	反卷青年 2.0	mandarin	male	win	/Volumes/AI/Codex/四川麻将工程_20260701_v2/res/audio/voice_options/mandarin_fanjuanqingnian_2/win.wav	/Users/chendong/Documents/内江麻将工程_20260502_103823_v2/res/audio/voice_options/mandarin_fanjuanqingnian_2/win.wav	True	False	待新增或更新
mandarin_fanjuanqingnian_2	反卷青年 2.0	mandarin	male	lose	/Volumes/AI/Codex/四川麻将工程_20260701_v2/res/audio/voice_options/mandarin_fanjuanqingnian_2/lose.wav	/Users/chendong/Documents/内江麻将工程_20260502_103823_v2/res/audio/voice_options/mandarin_fanjuanqingnian_2/lose.wav	True	False	待新增或更新
mandarin_fanjuanqingnian_2	反卷青年 2.0	mandarin	male	bao_jiao	/Volumes/AI/Codex/四川麻将工程_20260701_v2/res/audio/voice_options/mandarin_fanjuanqingnian_2/bao_jiao.wav	/Users/chendong/Documents/内江麻将工程_20260502_103823_v2/res/audio/voice_options/mandarin_fanjuanqingnian_2/bao_jiao.wav	True	False	待新增或更新
mandarin_fanjuanqingnian_2	反卷青年 2.0	mandarin	male	bao_gang	/Volumes/AI/Codex/四川麻将工程_20260701_v2/res/audio/voice_options/mandarin_fanjuanqingnian_2/bao_gang.wav	/Users/chendong/Documents/内江麻将工程_20260502_103823_v2/res/audio/voice_options/mandarin_fanjuanqingnian_2/bao_gang.wav	True	False	待新增或更新
sichuan_xiaohe_2	小何 2.0	sichuan	female	tiao_1	/Volumes/AI/Codex/四川麻将工程_20260701_v2/res/audio/voice_options/sichuan_xiaohe_2/tiao_1.wav	/Users/chendong/Documents/内江麻将工程_20260502_103823_v2/res/audio/voice_options/sichuan_xiaohe_2/tiao_1.wav	True	False	待新增或更新
sichuan_xiaohe_2	小何 2.0	sichuan	female	tiao_2	/Volumes/AI/Codex/四川麻将工程_20260701_v2/res/audio/voice_options/sichuan_xiaohe_2/tiao_2.wav	/Users/chendong/Documents/内江麻将工程_20260502_103823_v2/res/audio/voice_options/sichuan_xiaohe_2/tiao_2.wav	True	False	待新增或更新
sichuan_xiaohe_2	小何 2.0	sichuan	female	tiao_3	/Volumes/AI/Codex/四川麻将工程_20260701_v2/res/audio/voice_options/sichuan_xiaohe_2/tiao_3.wav	/Users/chendong/Documents/内江麻将工程_20260502_103823_v2/res/audio/voice_options/sichuan_xiaohe_2/tiao_3.wav	True	False	待新增或更新
sichuan_xiaohe_2	小何 2.0	sichuan	female	tiao_4	/Volumes/AI/Codex/四川麻将工程_20260701_v2/res/audio/voice_options/sichuan_xiaohe_2/tiao_4.wav	/Users/chendong/Documents/内江麻将工程_20260502_103823_v2/res/audio/voice_options/sichuan_xiaohe_2/tiao_4.wav	True	False	待新增或更新
sichuan_xiaohe_2	小何 2.0	sichuan	female	tiao_5	/Volumes/AI/Codex/四川麻将工程_20260701_v2/res/audio/voice_options/sichuan_xiaohe_2/tiao_5.wav	/Users/chendong/Documents/内江麻将工程_20260502_103823_v2/res/audio/voice_options/sichuan_xiaohe_2/tiao_5.wav	True	False	待新增或更新
sichuan_xiaohe_2	小何 2.0	sichuan	female	tiao_6	/Volumes/AI/Codex/四川麻将工程_20260701_v2/res/audio/voice_options/sichuan_xiaohe_2/tiao_6.wav	/Users/chendong/Documents/内江麻将工程_20260502_103823_v2/res/audio/voice_options/sichuan_xiaohe_2/tiao_6.wav	True	False	待新增或更新
sichuan_xiaohe_2	小何 2.0	sichuan	female	tiao_7	/Volumes/AI/Codex/四川麻将工程_20260701_v2/res/audio/voice_options/sichuan_xiaohe_2/tiao_7.wav	/Users/chendong/Documents/内江麻将工程_20260502_103823_v2/res/audio/voice_options/sichuan_xiaohe_2/tiao_7.wav	True	False	待新增或更新
sichuan_xiaohe_2	小何 2.0	sichuan	female	tiao_8	/Volumes/AI/Codex/四川麻将工程_20260701_v2/res/audio/voice_options/sichuan_xiaohe_2/tiao_8.wav	/Users/chendong/Documents/内江麻将工程_20260502_103823_v2/res/audio/voice_options/sichuan_xiaohe_2/tiao_8.wav	True	False	待新增或更新
sichuan_xiaohe_2	小何 2.0	sichuan	female	tiao_9	/Volumes/AI/Codex/四川麻将工程_20260701_v2/res/audio/voice_options/sichuan_xiaohe_2/tiao_9.wav	/Users/chendong/Documents/内江麻将工程_20260502_103823_v2/res/audio/voice_options/sichuan_xiaohe_2/tiao_9.wav	True	False	待新增或更新
sichuan_xiaohe_2	小何 2.0	sichuan	female	tong_1	/Volumes/AI/Codex/四川麻将工程_20260701_v2/res/audio/voice_options/sichuan_xiaohe_2/tong_1.wav	/Users/chendong/Documents/内江麻将工程_20260502_103823_v2/res/audio/voice_options/sichuan_xiaohe_2/tong_1.wav	True	False	待新增或更新
sichuan_xiaohe_2	小何 2.0	sichuan	female	tong_2	/Volumes/AI/Codex/四川麻将工程_20260701_v2/res/audio/voice_options/sichuan_xiaohe_2/tong_2.wav	/Users/chendong/Documents/内江麻将工程_20260502_103823_v2/res/audio/voice_options/sichuan_xiaohe_2/tong_2.wav	True	False	待新增或更新
sichuan_xiaohe_2	小何 2.0	sichuan	female	tong_3	/Volumes/AI/Codex/四川麻将工程_20260701_v2/res/audio/voice_options/sichuan_xiaohe_2/tong_3.wav	/Users/chendong/Documents/内江麻将工程_20260502_103823_v2/res/audio/voice_options/sichuan_xiaohe_2/tong_3.wav	True	False	待新增或更新
sichuan_xiaohe_2	小何 2.0	sichuan	female	tong_4	/Volumes/AI/Codex/四川麻将工程_20260701_v2/res/audio/voice_options/sichuan_xiaohe_2/tong_4.wav	/Users/chendong/Documents/内江麻将工程_20260502_103823_v2/res/audio/voice_options/sichuan_xiaohe_2/tong_4.wav	True	False	待新增或更新
sichuan_xiaohe_2	小何 2.0	sichuan	female	tong_5	/Volumes/AI/Codex/四川麻将工程_20260701_v2/res/audio/voice_options/sichuan_xiaohe_2/tong_5.wav	/Users/chendong/Documents/内江麻将工程_20260502_103823_v2/res/audio/voice_options/sichuan_xiaohe_2/tong_5.wav	True	False	待新增或更新
sichuan_xiaohe_2	小何 2.0	sichuan	female	tong_6	/Volumes/AI/Codex/四川麻将工程_20260701_v2/res/audio/voice_options/sichuan_xiaohe_2/tong_6.wav	/Users/chendong/Documents/内江麻将工程_20260502_103823_v2/res/audio/voice_options/sichuan_xiaohe_2/tong_6.wav	True	False	待新增或更新
sichuan_xiaohe_2	小何 2.0	sichuan	female	tong_7	/Volumes/AI/Codex/四川麻将工程_20260701_v2/res/audio/voice_options/sichuan_xiaohe_2/tong_7.wav	/Users/chendong/Documents/内江麻将工程_20260502_103823_v2/res/audio/voice_options/sichuan_xiaohe_2/tong_7.wav	True	False	待新增或更新
sichuan_xiaohe_2	小何 2.0	sichuan	female	tong_8	/Volumes/AI/Codex/四川麻将工程_20260701_v2/res/audio/voice_options/sichuan_xiaohe_2/tong_8.wav	/Users/chendong/Documents/内江麻将工程_20260502_103823_v2/res/audio/voice_options/sichuan_xiaohe_2/tong_8.wav	True	False	待新增或更新
sichuan_xiaohe_2	小何 2.0	sichuan	female	tong_9	/Volumes/AI/Codex/四川麻将工程_20260701_v2/res/audio/voice_options/sichuan_xiaohe_2/tong_9.wav	/Users/chendong/Documents/内江麻将工程_20260502_103823_v2/res/audio/voice_options/sichuan_xiaohe_2/tong_9.wav	True	False	待新增或更新
sichuan_xiaohe_2	小何 2.0	sichuan	female	peng	/Volumes/AI/Codex/四川麻将工程_20260701_v2/res/audio/voice_options/sichuan_xiaohe_2/peng.wav	/Users/chendong/Documents/内江麻将工程_20260502_103823_v2/res/audio/voice_options/sichuan_xiaohe_2/peng.wav	True	False	待新增或更新
sichuan_xiaohe_2	小何 2.0	sichuan	female	gang	/Volumes/AI/Codex/四川麻将工程_20260701_v2/res/audio/voice_options/sichuan_xiaohe_2/gang.wav	/Users/chendong/Documents/内江麻将工程_20260502_103823_v2/res/audio/voice_options/sichuan_xiaohe_2/gang.wav	True	False	待新增或更新
sichuan_xiaohe_2	小何 2.0	sichuan	female	hu	/Volumes/AI/Codex/四川麻将工程_20260701_v2/res/audio/voice_options/sichuan_xiaohe_2/hu.wav	/Users/chendong/Documents/内江麻将工程_20260502_103823_v2/res/audio/voice_options/sichuan_xiaohe_2/hu.wav	True	False	待新增或更新
sichuan_xiaohe_2	小何 2.0	sichuan	female	zimo	/Volumes/AI/Codex/四川麻将工程_20260701_v2/res/audio/voice_options/sichuan_xiaohe_2/zimo.wav	/Users/chendong/Documents/内江麻将工程_20260502_103823_v2/res/audio/voice_options/sichuan_xiaohe_2/zimo.wav	True	False	待新增或更新
sichuan_xiaohe_2	小何 2.0	sichuan	female	qiang_gang_hu	/Volumes/AI/Codex/四川麻将工程_20260701_v2/res/audio/voice_options/sichuan_xiaohe_2/qiang_gang_hu.wav	/Users/chendong/Documents/内江麻将工程_20260502_103823_v2/res/audio/voice_options/sichuan_xiaohe_2/qiang_gang_hu.wav	True	False	待新增或更新
sichuan_xiaohe_2	小何 2.0	sichuan	female	gang_shang_hua	/Volumes/AI/Codex/四川麻将工程_20260701_v2/res/audio/voice_options/sichuan_xiaohe_2/gang_shang_hua.wav	/Users/chendong/Documents/内江麻将工程_20260502_103823_v2/res/audio/voice_options/sichuan_xiaohe_2/gang_shang_hua.wav	True	False	待新增或更新
sichuan_xiaohe_2	小何 2.0	sichuan	female	gang_shang_pao	/Volumes/AI/Codex/四川麻将工程_20260701_v2/res/audio/voice_options/sichuan_xiaohe_2/gang_shang_pao.wav	/Users/chendong/Documents/内江麻将工程_20260502_103823_v2/res/audio/voice_options/sichuan_xiaohe_2/gang_shang_pao.wav	True	False	待新增或更新
sichuan_xiaohe_2	小何 2.0	sichuan	female	pass	/Volumes/AI/Codex/四川麻将工程_20260701_v2/res/audio/voice_options/sichuan_xiaohe_2/pass.wav	/Users/chendong/Documents/内江麻将工程_20260502_103823_v2/res/audio/voice_options/sichuan_xiaohe_2/pass.wav	True	False	待新增或更新
sichuan_xiaohe_2	小何 2.0	sichuan	female	win	/Volumes/AI/Codex/四川麻将工程_20260701_v2/res/audio/voice_options/sichuan_xiaohe_2/win.wav	/Users/chendong/Documents/内江麻将工程_20260502_103823_v2/res/audio/voice_options/sichuan_xiaohe_2/win.wav	True	False	待新增或更新
sichuan_xiaohe_2	小何 2.0	sichuan	female	lose	/Volumes/AI/Codex/四川麻将工程_20260701_v2/res/audio/voice_options/sichuan_xiaohe_2/lose.wav	/Users/chendong/Documents/内江麻将工程_20260502_103823_v2/res/audio/voice_options/sichuan_xiaohe_2/lose.wav	True	False	待新增或更新
sichuan_xiaohe_2	小何 2.0	sichuan	female	bao_jiao	/Volumes/AI/Codex/四川麻将工程_20260701_v2/res/audio/voice_options/sichuan_xiaohe_2/bao_jiao.wav	/Users/chendong/Documents/内江麻将工程_20260502_103823_v2/res/audio/voice_options/sichuan_xiaohe_2/bao_jiao.wav	True	False	待新增或更新
sichuan_xiaohe_2	小何 2.0	sichuan	female	bao_gang	/Volumes/AI/Codex/四川麻将工程_20260701_v2/res/audio/voice_options/sichuan_xiaohe_2/bao_gang.wav	/Users/chendong/Documents/内江麻将工程_20260502_103823_v2/res/audio/voice_options/sichuan_xiaohe_2/bao_gang.wav	True	False	待新增或更新
mandarin_wuzetian_2	武则天 2.0	mandarin	female	tiao_1	/Volumes/AI/Codex/四川麻将工程_20260701_v2/res/audio/voice_options/mandarin_wuzetian_2/tiao_1.wav	/Users/chendong/Documents/内江麻将工程_20260502_103823_v2/res/audio/voice_options/mandarin_wuzetian_2/tiao_1.wav	True	False	待新增或更新
mandarin_wuzetian_2	武则天 2.0	mandarin	female	tiao_2	/Volumes/AI/Codex/四川麻将工程_20260701_v2/res/audio/voice_options/mandarin_wuzetian_2/tiao_2.wav	/Users/chendong/Documents/内江麻将工程_20260502_103823_v2/res/audio/voice_options/mandarin_wuzetian_2/tiao_2.wav	True	False	待新增或更新
mandarin_wuzetian_2	武则天 2.0	mandarin	female	tiao_3	/Volumes/AI/Codex/四川麻将工程_20260701_v2/res/audio/voice_options/mandarin_wuzetian_2/tiao_3.wav	/Users/chendong/Documents/内江麻将工程_20260502_103823_v2/res/audio/voice_options/mandarin_wuzetian_2/tiao_3.wav	True	False	待新增或更新
mandarin_wuzetian_2	武则天 2.0	mandarin	female	tiao_4	/Volumes/AI/Codex/四川麻将工程_20260701_v2/res/audio/voice_options/mandarin_wuzetian_2/tiao_4.wav	/Users/chendong/Documents/内江麻将工程_20260502_103823_v2/res/audio/voice_options/mandarin_wuzetian_2/tiao_4.wav	True	False	待新增或更新
mandarin_wuzetian_2	武则天 2.0	mandarin	female	tiao_5	/Volumes/AI/Codex/四川麻将工程_20260701_v2/res/audio/voice_options/mandarin_wuzetian_2/tiao_5.wav	/Users/chendong/Documents/内江麻将工程_20260502_103823_v2/res/audio/voice_options/mandarin_wuzetian_2/tiao_5.wav	True	False	待新增或更新
mandarin_wuzetian_2	武则天 2.0	mandarin	female	tiao_6	/Volumes/AI/Codex/四川麻将工程_20260701_v2/res/audio/voice_options/mandarin_wuzetian_2/tiao_6.wav	/Users/chendong/Documents/内江麻将工程_20260502_103823_v2/res/audio/voice_options/mandarin_wuzetian_2/tiao_6.wav	True	False	待新增或更新
mandarin_wuzetian_2	武则天 2.0	mandarin	female	tiao_7	/Volumes/AI/Codex/四川麻将工程_20260701_v2/res/audio/voice_options/mandarin_wuzetian_2/tiao_7.wav	/Users/chendong/Documents/内江麻将工程_20260502_103823_v2/res/audio/voice_options/mandarin_wuzetian_2/tiao_7.wav	True	False	待新增或更新
mandarin_wuzetian_2	武则天 2.0	mandarin	female	tiao_8	/Volumes/AI/Codex/四川麻将工程_20260701_v2/res/audio/voice_options/mandarin_wuzetian_2/tiao_8.wav	/Users/chendong/Documents/内江麻将工程_20260502_103823_v2/res/audio/voice_options/mandarin_wuzetian_2/tiao_8.wav	True	False	待新增或更新
mandarin_wuzetian_2	武则天 2.0	mandarin	female	tiao_9	/Volumes/AI/Codex/四川麻将工程_20260701_v2/res/audio/voice_options/mandarin_wuzetian_2/tiao_9.wav	/Users/chendong/Documents/内江麻将工程_20260502_103823_v2/res/audio/voice_options/mandarin_wuzetian_2/tiao_9.wav	True	False	待新增或更新
mandarin_wuzetian_2	武则天 2.0	mandarin	female	tong_1	/Volumes/AI/Codex/四川麻将工程_20260701_v2/res/audio/voice_options/mandarin_wuzetian_2/tong_1.wav	/Users/chendong/Documents/内江麻将工程_20260502_103823_v2/res/audio/voice_options/mandarin_wuzetian_2/tong_1.wav	True	False	待新增或更新
mandarin_wuzetian_2	武则天 2.0	mandarin	female	tong_2	/Volumes/AI/Codex/四川麻将工程_20260701_v2/res/audio/voice_options/mandarin_wuzetian_2/tong_2.wav	/Users/chendong/Documents/内江麻将工程_20260502_103823_v2/res/audio/voice_options/mandarin_wuzetian_2/tong_2.wav	True	False	待新增或更新
mandarin_wuzetian_2	武则天 2.0	mandarin	female	tong_3	/Volumes/AI/Codex/四川麻将工程_20260701_v2/res/audio/voice_options/mandarin_wuzetian_2/tong_3.wav	/Users/chendong/Documents/内江麻将工程_20260502_103823_v2/res/audio/voice_options/mandarin_wuzetian_2/tong_3.wav	True	False	待新增或更新
mandarin_wuzetian_2	武则天 2.0	mandarin	female	tong_4	/Volumes/AI/Codex/四川麻将工程_20260701_v2/res/audio/voice_options/mandarin_wuzetian_2/tong_4.wav	/Users/chendong/Documents/内江麻将工程_20260502_103823_v2/res/audio/voice_options/mandarin_wuzetian_2/tong_4.wav	True	False	待新增或更新
mandarin_wuzetian_2	武则天 2.0	mandarin	female	tong_5	/Volumes/AI/Codex/四川麻将工程_20260701_v2/res/audio/voice_options/mandarin_wuzetian_2/tong_5.wav	/Users/chendong/Documents/内江麻将工程_20260502_103823_v2/res/audio/voice_options/mandarin_wuzetian_2/tong_5.wav	True	False	待新增或更新
mandarin_wuzetian_2	武则天 2.0	mandarin	female	tong_6	/Volumes/AI/Codex/四川麻将工程_20260701_v2/res/audio/voice_options/mandarin_wuzetian_2/tong_6.wav	/Users/chendong/Documents/内江麻将工程_20260502_103823_v2/res/audio/voice_options/mandarin_wuzetian_2/tong_6.wav	True	False	待新增或更新
mandarin_wuzetian_2	武则天 2.0	mandarin	female	tong_7	/Volumes/AI/Codex/四川麻将工程_20260701_v2/res/audio/voice_options/mandarin_wuzetian_2/tong_7.wav	/Users/chendong/Documents/内江麻将工程_20260502_103823_v2/res/audio/voice_options/mandarin_wuzetian_2/tong_7.wav	True	False	待新增或更新
mandarin_wuzetian_2	武则天 2.0	mandarin	female	tong_8	/Volumes/AI/Codex/四川麻将工程_20260701_v2/res/audio/voice_options/mandarin_wuzetian_2/tong_8.wav	/Users/chendong/Documents/内江麻将工程_20260502_103823_v2/res/audio/voice_options/mandarin_wuzetian_2/tong_8.wav	True	False	待新增或更新
mandarin_wuzetian_2	武则天 2.0	mandarin	female	tong_9	/Volumes/AI/Codex/四川麻将工程_20260701_v2/res/audio/voice_options/mandarin_wuzetian_2/tong_9.wav	/Users/chendong/Documents/内江麻将工程_20260502_103823_v2/res/audio/voice_options/mandarin_wuzetian_2/tong_9.wav	True	False	待新增或更新
mandarin_wuzetian_2	武则天 2.0	mandarin	female	peng	/Volumes/AI/Codex/四川麻将工程_20260701_v2/res/audio/voice_options/mandarin_wuzetian_2/peng.wav	/Users/chendong/Documents/内江麻将工程_20260502_103823_v2/res/audio/voice_options/mandarin_wuzetian_2/peng.wav	True	False	待新增或更新
mandarin_wuzetian_2	武则天 2.0	mandarin	female	gang	/Volumes/AI/Codex/四川麻将工程_20260701_v2/res/audio/voice_options/mandarin_wuzetian_2/gang.wav	/Users/chendong/Documents/内江麻将工程_20260502_103823_v2/res/audio/voice_options/mandarin_wuzetian_2/gang.wav	True	False	待新增或更新
mandarin_wuzetian_2	武则天 2.0	mandarin	female	hu	/Volumes/AI/Codex/四川麻将工程_20260701_v2/res/audio/voice_options/mandarin_wuzetian_2/hu.wav	/Users/chendong/Documents/内江麻将工程_20260502_103823_v2/res/audio/voice_options/mandarin_wuzetian_2/hu.wav	True	False	待新增或更新
mandarin_wuzetian_2	武则天 2.0	mandarin	female	zimo	/Volumes/AI/Codex/四川麻将工程_20260701_v2/res/audio/voice_options/mandarin_wuzetian_2/zimo.wav	/Users/chendong/Documents/内江麻将工程_20260502_103823_v2/res/audio/voice_options/mandarin_wuzetian_2/zimo.wav	True	False	待新增或更新
mandarin_wuzetian_2	武则天 2.0	mandarin	female	qiang_gang_hu	/Volumes/AI/Codex/四川麻将工程_20260701_v2/res/audio/voice_options/mandarin_wuzetian_2/qiang_gang_hu.wav	/Users/chendong/Documents/内江麻将工程_20260502_103823_v2/res/audio/voice_options/mandarin_wuzetian_2/qiang_gang_hu.wav	True	False	待新增或更新
mandarin_wuzetian_2	武则天 2.0	mandarin	female	gang_shang_hua	/Volumes/AI/Codex/四川麻将工程_20260701_v2/res/audio/voice_options/mandarin_wuzetian_2/gang_shang_hua.wav	/Users/chendong/Documents/内江麻将工程_20260502_103823_v2/res/audio/voice_options/mandarin_wuzetian_2/gang_shang_hua.wav	True	False	待新增或更新
mandarin_wuzetian_2	武则天 2.0	mandarin	female	gang_shang_pao	/Volumes/AI/Codex/四川麻将工程_20260701_v2/res/audio/voice_options/mandarin_wuzetian_2/gang_shang_pao.wav	/Users/chendong/Documents/内江麻将工程_20260502_103823_v2/res/audio/voice_options/mandarin_wuzetian_2/gang_shang_pao.wav	True	False	待新增或更新
mandarin_wuzetian_2	武则天 2.0	mandarin	female	pass	/Volumes/AI/Codex/四川麻将工程_20260701_v2/res/audio/voice_options/mandarin_wuzetian_2/pass.wav	/Users/chendong/Documents/内江麻将工程_20260502_103823_v2/res/audio/voice_options/mandarin_wuzetian_2/pass.wav	True	False	待新增或更新
mandarin_wuzetian_2	武则天 2.0	mandarin	female	win	/Volumes/AI/Codex/四川麻将工程_20260701_v2/res/audio/voice_options/mandarin_wuzetian_2/win.wav	/Users/chendong/Documents/内江麻将工程_20260502_103823_v2/res/audio/voice_options/mandarin_wuzetian_2/win.wav	True	False	待新增或更新
mandarin_wuzetian_2	武则天 2.0	mandarin	female	lose	/Volumes/AI/Codex/四川麻将工程_20260701_v2/res/audio/voice_options/mandarin_wuzetian_2/lose.wav	/Users/chendong/Documents/内江麻将工程_20260502_103823_v2/res/audio/voice_options/mandarin_wuzetian_2/lose.wav	True	False	待新增或更新
mandarin_wuzetian_2	武则天 2.0	mandarin	female	bao_jiao	/Volumes/AI/Codex/四川麻将工程_20260701_v2/res/audio/voice_options/mandarin_wuzetian_2/bao_jiao.wav	/Users/chendong/Documents/内江麻将工程_20260502_103823_v2/res/audio/voice_options/mandarin_wuzetian_2/bao_jiao.wav	True	False	待新增或更新
mandarin_wuzetian_2	武则天 2.0	mandarin	female	bao_gang	/Volumes/AI/Codex/四川麻将工程_20260701_v2/res/audio/voice_options/mandarin_wuzetian_2/bao_gang.wav	/Users/chendong/Documents/内江麻将工程_20260502_103823_v2/res/audio/voice_options/mandarin_wuzetian_2/bao_gang.wav	True	False	待新增或更新
mandarin_tiexinnvsheng_2	贴心女声 2.0	mandarin	female	tiao_1	/Volumes/AI/Codex/四川麻将工程_20260701_v2/res/audio/voice_options/mandarin_tiexinnvsheng_2/tiao_1.wav	/Users/chendong/Documents/内江麻将工程_20260502_103823_v2/res/audio/voice_options/mandarin_tiexinnvsheng_2/tiao_1.wav	True	False	待新增或更新
mandarin_tiexinnvsheng_2	贴心女声 2.0	mandarin	female	tiao_2	/Volumes/AI/Codex/四川麻将工程_20260701_v2/res/audio/voice_options/mandarin_tiexinnvsheng_2/tiao_2.wav	/Users/chendong/Documents/内江麻将工程_20260502_103823_v2/res/audio/voice_options/mandarin_tiexinnvsheng_2/tiao_2.wav	True	False	待新增或更新
mandarin_tiexinnvsheng_2	贴心女声 2.0	mandarin	female	tiao_3	/Volumes/AI/Codex/四川麻将工程_20260701_v2/res/audio/voice_options/mandarin_tiexinnvsheng_2/tiao_3.wav	/Users/chendong/Documents/内江麻将工程_20260502_103823_v2/res/audio/voice_options/mandarin_tiexinnvsheng_2/tiao_3.wav	True	False	待新增或更新
mandarin_tiexinnvsheng_2	贴心女声 2.0	mandarin	female	tiao_4	/Volumes/AI/Codex/四川麻将工程_20260701_v2/res/audio/voice_options/mandarin_tiexinnvsheng_2/tiao_4.wav	/Users/chendong/Documents/内江麻将工程_20260502_103823_v2/res/audio/voice_options/mandarin_tiexinnvsheng_2/tiao_4.wav	True	False	待新增或更新
mandarin_tiexinnvsheng_2	贴心女声 2.0	mandarin	female	tiao_5	/Volumes/AI/Codex/四川麻将工程_20260701_v2/res/audio/voice_options/mandarin_tiexinnvsheng_2/tiao_5.wav	/Users/chendong/Documents/内江麻将工程_20260502_103823_v2/res/audio/voice_options/mandarin_tiexinnvsheng_2/tiao_5.wav	True	False	待新增或更新
mandarin_tiexinnvsheng_2	贴心女声 2.0	mandarin	female	tiao_6	/Volumes/AI/Codex/四川麻将工程_20260701_v2/res/audio/voice_options/mandarin_tiexinnvsheng_2/tiao_6.wav	/Users/chendong/Documents/内江麻将工程_20260502_103823_v2/res/audio/voice_options/mandarin_tiexinnvsheng_2/tiao_6.wav	True	False	待新增或更新
mandarin_tiexinnvsheng_2	贴心女声 2.0	mandarin	female	tiao_7	/Volumes/AI/Codex/四川麻将工程_20260701_v2/res/audio/voice_options/mandarin_tiexinnvsheng_2/tiao_7.wav	/Users/chendong/Documents/内江麻将工程_20260502_103823_v2/res/audio/voice_options/mandarin_tiexinnvsheng_2/tiao_7.wav	True	False	待新增或更新
mandarin_tiexinnvsheng_2	贴心女声 2.0	mandarin	female	tiao_8	/Volumes/AI/Codex/四川麻将工程_20260701_v2/res/audio/voice_options/mandarin_tiexinnvsheng_2/tiao_8.wav	/Users/chendong/Documents/内江麻将工程_20260502_103823_v2/res/audio/voice_options/mandarin_tiexinnvsheng_2/tiao_8.wav	True	False	待新增或更新
mandarin_tiexinnvsheng_2	贴心女声 2.0	mandarin	female	tiao_9	/Volumes/AI/Codex/四川麻将工程_20260701_v2/res/audio/voice_options/mandarin_tiexinnvsheng_2/tiao_9.wav	/Users/chendong/Documents/内江麻将工程_20260502_103823_v2/res/audio/voice_options/mandarin_tiexinnvsheng_2/tiao_9.wav	True	False	待新增或更新
mandarin_tiexinnvsheng_2	贴心女声 2.0	mandarin	female	tong_1	/Volumes/AI/Codex/四川麻将工程_20260701_v2/res/audio/voice_options/mandarin_tiexinnvsheng_2/tong_1.wav	/Users/chendong/Documents/内江麻将工程_20260502_103823_v2/res/audio/voice_options/mandarin_tiexinnvsheng_2/tong_1.wav	True	False	待新增或更新
mandarin_tiexinnvsheng_2	贴心女声 2.0	mandarin	female	tong_2	/Volumes/AI/Codex/四川麻将工程_20260701_v2/res/audio/voice_options/mandarin_tiexinnvsheng_2/tong_2.wav	/Users/chendong/Documents/内江麻将工程_20260502_103823_v2/res/audio/voice_options/mandarin_tiexinnvsheng_2/tong_2.wav	True	False	待新增或更新
mandarin_tiexinnvsheng_2	贴心女声 2.0	mandarin	female	tong_3	/Volumes/AI/Codex/四川麻将工程_20260701_v2/res/audio/voice_options/mandarin_tiexinnvsheng_2/tong_3.wav	/Users/chendong/Documents/内江麻将工程_20260502_103823_v2/res/audio/voice_options/mandarin_tiexinnvsheng_2/tong_3.wav	True	False	待新增或更新
mandarin_tiexinnvsheng_2	贴心女声 2.0	mandarin	female	tong_4	/Volumes/AI/Codex/四川麻将工程_20260701_v2/res/audio/voice_options/mandarin_tiexinnvsheng_2/tong_4.wav	/Users/chendong/Documents/内江麻将工程_20260502_103823_v2/res/audio/voice_options/mandarin_tiexinnvsheng_2/tong_4.wav	True	False	待新增或更新
mandarin_tiexinnvsheng_2	贴心女声 2.0	mandarin	female	tong_5	/Volumes/AI/Codex/四川麻将工程_20260701_v2/res/audio/voice_options/mandarin_tiexinnvsheng_2/tong_5.wav	/Users/chendong/Documents/内江麻将工程_20260502_103823_v2/res/audio/voice_options/mandarin_tiexinnvsheng_2/tong_5.wav	True	False	待新增或更新
mandarin_tiexinnvsheng_2	贴心女声 2.0	mandarin	female	tong_6	/Volumes/AI/Codex/四川麻将工程_20260701_v2/res/audio/voice_options/mandarin_tiexinnvsheng_2/tong_6.wav	/Users/chendong/Documents/内江麻将工程_20260502_103823_v2/res/audio/voice_options/mandarin_tiexinnvsheng_2/tong_6.wav	True	False	待新增或更新
mandarin_tiexinnvsheng_2	贴心女声 2.0	mandarin	female	tong_7	/Volumes/AI/Codex/四川麻将工程_20260701_v2/res/audio/voice_options/mandarin_tiexinnvsheng_2/tong_7.wav	/Users/chendong/Documents/内江麻将工程_20260502_103823_v2/res/audio/voice_options/mandarin_tiexinnvsheng_2/tong_7.wav	True	False	待新增或更新
mandarin_tiexinnvsheng_2	贴心女声 2.0	mandarin	female	tong_8	/Volumes/AI/Codex/四川麻将工程_20260701_v2/res/audio/voice_options/mandarin_tiexinnvsheng_2/tong_8.wav	/Users/chendong/Documents/内江麻将工程_20260502_103823_v2/res/audio/voice_options/mandarin_tiexinnvsheng_2/tong_8.wav	True	False	待新增或更新
mandarin_tiexinnvsheng_2	贴心女声 2.0	mandarin	female	tong_9	/Volumes/AI/Codex/四川麻将工程_20260701_v2/res/audio/voice_options/mandarin_tiexinnvsheng_2/tong_9.wav	/Users/chendong/Documents/内江麻将工程_20260502_103823_v2/res/audio/voice_options/mandarin_tiexinnvsheng_2/tong_9.wav	True	False	待新增或更新
mandarin_tiexinnvsheng_2	贴心女声 2.0	mandarin	female	peng	/Volumes/AI/Codex/四川麻将工程_20260701_v2/res/audio/voice_options/mandarin_tiexinnvsheng_2/peng.wav	/Users/chendong/Documents/内江麻将工程_20260502_103823_v2/res/audio/voice_options/mandarin_tiexinnvsheng_2/peng.wav	True	False	待新增或更新
mandarin_tiexinnvsheng_2	贴心女声 2.0	mandarin	female	gang	/Volumes/AI/Codex/四川麻将工程_20260701_v2/res/audio/voice_options/mandarin_tiexinnvsheng_2/gang.wav	/Users/chendong/Documents/内江麻将工程_20260502_103823_v2/res/audio/voice_options/mandarin_tiexinnvsheng_2/gang.wav	True	False	待新增或更新
mandarin_tiexinnvsheng_2	贴心女声 2.0	mandarin	female	hu	/Volumes/AI/Codex/四川麻将工程_20260701_v2/res/audio/voice_options/mandarin_tiexinnvsheng_2/hu.wav	/Users/chendong/Documents/内江麻将工程_20260502_103823_v2/res/audio/voice_options/mandarin_tiexinnvsheng_2/hu.wav	True	False	待新增或更新
mandarin_tiexinnvsheng_2	贴心女声 2.0	mandarin	female	zimo	/Volumes/AI/Codex/四川麻将工程_20260701_v2/res/audio/voice_options/mandarin_tiexinnvsheng_2/zimo.wav	/Users/chendong/Documents/内江麻将工程_20260502_103823_v2/res/audio/voice_options/mandarin_tiexinnvsheng_2/zimo.wav	True	False	待新增或更新
mandarin_tiexinnvsheng_2	贴心女声 2.0	mandarin	female	qiang_gang_hu	/Volumes/AI/Codex/四川麻将工程_20260701_v2/res/audio/voice_options/mandarin_tiexinnvsheng_2/qiang_gang_hu.wav	/Users/chendong/Documents/内江麻将工程_20260502_103823_v2/res/audio/voice_options/mandarin_tiexinnvsheng_2/qiang_gang_hu.wav	True	False	待新增或更新
mandarin_tiexinnvsheng_2	贴心女声 2.0	mandarin	female	gang_shang_hua	/Volumes/AI/Codex/四川麻将工程_20260701_v2/res/audio/voice_options/mandarin_tiexinnvsheng_2/gang_shang_hua.wav	/Users/chendong/Documents/内江麻将工程_20260502_103823_v2/res/audio/voice_options/mandarin_tiexinnvsheng_2/gang_shang_hua.wav	True	False	待新增或更新
mandarin_tiexinnvsheng_2	贴心女声 2.0	mandarin	female	gang_shang_pao	/Volumes/AI/Codex/四川麻将工程_20260701_v2/res/audio/voice_options/mandarin_tiexinnvsheng_2/gang_shang_pao.wav	/Users/chendong/Documents/内江麻将工程_20260502_103823_v2/res/audio/voice_options/mandarin_tiexinnvsheng_2/gang_shang_pao.wav	True	False	待新增或更新
mandarin_tiexinnvsheng_2	贴心女声 2.0	mandarin	female	pass	/Volumes/AI/Codex/四川麻将工程_20260701_v2/res/audio/voice_options/mandarin_tiexinnvsheng_2/pass.wav	/Users/chendong/Documents/内江麻将工程_20260502_103823_v2/res/audio/voice_options/mandarin_tiexinnvsheng_2/pass.wav	True	False	待新增或更新
mandarin_tiexinnvsheng_2	贴心女声 2.0	mandarin	female	win	/Volumes/AI/Codex/四川麻将工程_20260701_v2/res/audio/voice_options/mandarin_tiexinnvsheng_2/win.wav	/Users/chendong/Documents/内江麻将工程_20260502_103823_v2/res/audio/voice_options/mandarin_tiexinnvsheng_2/win.wav	True	False	待新增或更新
mandarin_tiexinnvsheng_2	贴心女声 2.0	mandarin	female	lose	/Volumes/AI/Codex/四川麻将工程_20260701_v2/res/audio/voice_options/mandarin_tiexinnvsheng_2/lose.wav	/Users/chendong/Documents/内江麻将工程_20260502_103823_v2/res/audio/voice_options/mandarin_tiexinnvsheng_2/lose.wav	True	False	待新增或更新
mandarin_tiexinnvsheng_2	贴心女声 2.0	mandarin	female	bao_jiao	/Volumes/AI/Codex/四川麻将工程_20260701_v2/res/audio/voice_options/mandarin_tiexinnvsheng_2/bao_jiao.wav	/Users/chendong/Documents/内江麻将工程_20260502_103823_v2/res/audio/voice_options/mandarin_tiexinnvsheng_2/bao_jiao.wav	True	False	待新增或更新
mandarin_tiexinnvsheng_2	贴心女声 2.0	mandarin	female	bao_gang	/Volumes/AI/Codex/四川麻将工程_20260701_v2/res/audio/voice_options/mandarin_tiexinnvsheng_2/bao_gang.wav	/Users/chendong/Documents/内江麻将工程_20260502_103823_v2/res/audio/voice_options/mandarin_tiexinnvsheng_2/bao_gang.wav	True	False	待新增或更新
mandarin_jitangmeimei_2	鸡汤妹妹 2.0	mandarin	female	tiao_1	/Volumes/AI/Codex/四川麻将工程_20260701_v2/res/audio/voice_options/mandarin_jitangmeimei_2/tiao_1.wav	/Users/chendong/Documents/内江麻将工程_20260502_103823_v2/res/audio/voice_options/mandarin_jitangmeimei_2/tiao_1.wav	True	False	待新增或更新
mandarin_jitangmeimei_2	鸡汤妹妹 2.0	mandarin	female	tiao_2	/Volumes/AI/Codex/四川麻将工程_20260701_v2/res/audio/voice_options/mandarin_jitangmeimei_2/tiao_2.wav	/Users/chendong/Documents/内江麻将工程_20260502_103823_v2/res/audio/voice_options/mandarin_jitangmeimei_2/tiao_2.wav	True	False	待新增或更新
mandarin_jitangmeimei_2	鸡汤妹妹 2.0	mandarin	female	tiao_3	/Volumes/AI/Codex/四川麻将工程_20260701_v2/res/audio/voice_options/mandarin_jitangmeimei_2/tiao_3.wav	/Users/chendong/Documents/内江麻将工程_20260502_103823_v2/res/audio/voice_options/mandarin_jitangmeimei_2/tiao_3.wav	True	False	待新增或更新
mandarin_jitangmeimei_2	鸡汤妹妹 2.0	mandarin	female	tiao_4	/Volumes/AI/Codex/四川麻将工程_20260701_v2/res/audio/voice_options/mandarin_jitangmeimei_2/tiao_4.wav	/Users/chendong/Documents/内江麻将工程_20260502_103823_v2/res/audio/voice_options/mandarin_jitangmeimei_2/tiao_4.wav	True	False	待新增或更新
mandarin_jitangmeimei_2	鸡汤妹妹 2.0	mandarin	female	tiao_5	/Volumes/AI/Codex/四川麻将工程_20260701_v2/res/audio/voice_options/mandarin_jitangmeimei_2/tiao_5.wav	/Users/chendong/Documents/内江麻将工程_20260502_103823_v2/res/audio/voice_options/mandarin_jitangmeimei_2/tiao_5.wav	True	False	待新增或更新
mandarin_jitangmeimei_2	鸡汤妹妹 2.0	mandarin	female	tiao_6	/Volumes/AI/Codex/四川麻将工程_20260701_v2/res/audio/voice_options/mandarin_jitangmeimei_2/tiao_6.wav	/Users/chendong/Documents/内江麻将工程_20260502_103823_v2/res/audio/voice_options/mandarin_jitangmeimei_2/tiao_6.wav	True	False	待新增或更新
mandarin_jitangmeimei_2	鸡汤妹妹 2.0	mandarin	female	tiao_7	/Volumes/AI/Codex/四川麻将工程_20260701_v2/res/audio/voice_options/mandarin_jitangmeimei_2/tiao_7.wav	/Users/chendong/Documents/内江麻将工程_20260502_103823_v2/res/audio/voice_options/mandarin_jitangmeimei_2/tiao_7.wav	True	False	待新增或更新
mandarin_jitangmeimei_2	鸡汤妹妹 2.0	mandarin	female	tiao_8	/Volumes/AI/Codex/四川麻将工程_20260701_v2/res/audio/voice_options/mandarin_jitangmeimei_2/tiao_8.wav	/Users/chendong/Documents/内江麻将工程_20260502_103823_v2/res/audio/voice_options/mandarin_jitangmeimei_2/tiao_8.wav	True	False	待新增或更新
mandarin_jitangmeimei_2	鸡汤妹妹 2.0	mandarin	female	tiao_9	/Volumes/AI/Codex/四川麻将工程_20260701_v2/res/audio/voice_options/mandarin_jitangmeimei_2/tiao_9.wav	/Users/chendong/Documents/内江麻将工程_20260502_103823_v2/res/audio/voice_options/mandarin_jitangmeimei_2/tiao_9.wav	True	False	待新增或更新
mandarin_jitangmeimei_2	鸡汤妹妹 2.0	mandarin	female	tong_1	/Volumes/AI/Codex/四川麻将工程_20260701_v2/res/audio/voice_options/mandarin_jitangmeimei_2/tong_1.wav	/Users/chendong/Documents/内江麻将工程_20260502_103823_v2/res/audio/voice_options/mandarin_jitangmeimei_2/tong_1.wav	True	False	待新增或更新
mandarin_jitangmeimei_2	鸡汤妹妹 2.0	mandarin	female	tong_2	/Volumes/AI/Codex/四川麻将工程_20260701_v2/res/audio/voice_options/mandarin_jitangmeimei_2/tong_2.wav	/Users/chendong/Documents/内江麻将工程_20260502_103823_v2/res/audio/voice_options/mandarin_jitangmeimei_2/tong_2.wav	True	False	待新增或更新
mandarin_jitangmeimei_2	鸡汤妹妹 2.0	mandarin	female	tong_3	/Volumes/AI/Codex/四川麻将工程_20260701_v2/res/audio/voice_options/mandarin_jitangmeimei_2/tong_3.wav	/Users/chendong/Documents/内江麻将工程_20260502_103823_v2/res/audio/voice_options/mandarin_jitangmeimei_2/tong_3.wav	True	False	待新增或更新
mandarin_jitangmeimei_2	鸡汤妹妹 2.0	mandarin	female	tong_4	/Volumes/AI/Codex/四川麻将工程_20260701_v2/res/audio/voice_options/mandarin_jitangmeimei_2/tong_4.wav	/Users/chendong/Documents/内江麻将工程_20260502_103823_v2/res/audio/voice_options/mandarin_jitangmeimei_2/tong_4.wav	True	False	待新增或更新
mandarin_jitangmeimei_2	鸡汤妹妹 2.0	mandarin	female	tong_5	/Volumes/AI/Codex/四川麻将工程_20260701_v2/res/audio/voice_options/mandarin_jitangmeimei_2/tong_5.wav	/Users/chendong/Documents/内江麻将工程_20260502_103823_v2/res/audio/voice_options/mandarin_jitangmeimei_2/tong_5.wav	True	False	待新增或更新
mandarin_jitangmeimei_2	鸡汤妹妹 2.0	mandarin	female	tong_6	/Volumes/AI/Codex/四川麻将工程_20260701_v2/res/audio/voice_options/mandarin_jitangmeimei_2/tong_6.wav	/Users/chendong/Documents/内江麻将工程_20260502_103823_v2/res/audio/voice_options/mandarin_jitangmeimei_2/tong_6.wav	True	False	待新增或更新
mandarin_jitangmeimei_2	鸡汤妹妹 2.0	mandarin	female	tong_7	/Volumes/AI/Codex/四川麻将工程_20260701_v2/res/audio/voice_options/mandarin_jitangmeimei_2/tong_7.wav	/Users/chendong/Documents/内江麻将工程_20260502_103823_v2/res/audio/voice_options/mandarin_jitangmeimei_2/tong_7.wav	True	False	待新增或更新
mandarin_jitangmeimei_2	鸡汤妹妹 2.0	mandarin	female	tong_8	/Volumes/AI/Codex/四川麻将工程_20260701_v2/res/audio/voice_options/mandarin_jitangmeimei_2/tong_8.wav	/Users/chendong/Documents/内江麻将工程_20260502_103823_v2/res/audio/voice_options/mandarin_jitangmeimei_2/tong_8.wav	True	False	待新增或更新
mandarin_jitangmeimei_2	鸡汤妹妹 2.0	mandarin	female	tong_9	/Volumes/AI/Codex/四川麻将工程_20260701_v2/res/audio/voice_options/mandarin_jitangmeimei_2/tong_9.wav	/Users/chendong/Documents/内江麻将工程_20260502_103823_v2/res/audio/voice_options/mandarin_jitangmeimei_2/tong_9.wav	True	False	待新增或更新
mandarin_jitangmeimei_2	鸡汤妹妹 2.0	mandarin	female	peng	/Volumes/AI/Codex/四川麻将工程_20260701_v2/res/audio/voice_options/mandarin_jitangmeimei_2/peng.wav	/Users/chendong/Documents/内江麻将工程_20260502_103823_v2/res/audio/voice_options/mandarin_jitangmeimei_2/peng.wav	True	False	待新增或更新
mandarin_jitangmeimei_2	鸡汤妹妹 2.0	mandarin	female	gang	/Volumes/AI/Codex/四川麻将工程_20260701_v2/res/audio/voice_options/mandarin_jitangmeimei_2/gang.wav	/Users/chendong/Documents/内江麻将工程_20260502_103823_v2/res/audio/voice_options/mandarin_jitangmeimei_2/gang.wav	True	False	待新增或更新
mandarin_jitangmeimei_2	鸡汤妹妹 2.0	mandarin	female	hu	/Volumes/AI/Codex/四川麻将工程_20260701_v2/res/audio/voice_options/mandarin_jitangmeimei_2/hu.wav	/Users/chendong/Documents/内江麻将工程_20260502_103823_v2/res/audio/voice_options/mandarin_jitangmeimei_2/hu.wav	True	False	待新增或更新
mandarin_jitangmeimei_2	鸡汤妹妹 2.0	mandarin	female	zimo	/Volumes/AI/Codex/四川麻将工程_20260701_v2/res/audio/voice_options/mandarin_jitangmeimei_2/zimo.wav	/Users/chendong/Documents/内江麻将工程_20260502_103823_v2/res/audio/voice_options/mandarin_jitangmeimei_2/zimo.wav	True	False	待新增或更新
mandarin_jitangmeimei_2	鸡汤妹妹 2.0	mandarin	female	qiang_gang_hu	/Volumes/AI/Codex/四川麻将工程_20260701_v2/res/audio/voice_options/mandarin_jitangmeimei_2/qiang_gang_hu.wav	/Users/chendong/Documents/内江麻将工程_20260502_103823_v2/res/audio/voice_options/mandarin_jitangmeimei_2/qiang_gang_hu.wav	True	False	待新增或更新
mandarin_jitangmeimei_2	鸡汤妹妹 2.0	mandarin	female	gang_shang_hua	/Volumes/AI/Codex/四川麻将工程_20260701_v2/res/audio/voice_options/mandarin_jitangmeimei_2/gang_shang_hua.wav	/Users/chendong/Documents/内江麻将工程_20260502_103823_v2/res/audio/voice_options/mandarin_jitangmeimei_2/gang_shang_hua.wav	True	False	待新增或更新
mandarin_jitangmeimei_2	鸡汤妹妹 2.0	mandarin	female	gang_shang_pao	/Volumes/AI/Codex/四川麻将工程_20260701_v2/res/audio/voice_options/mandarin_jitangmeimei_2/gang_shang_pao.wav	/Users/chendong/Documents/内江麻将工程_20260502_103823_v2/res/audio/voice_options/mandarin_jitangmeimei_2/gang_shang_pao.wav	True	False	待新增或更新
mandarin_jitangmeimei_2	鸡汤妹妹 2.0	mandarin	female	pass	/Volumes/AI/Codex/四川麻将工程_20260701_v2/res/audio/voice_options/mandarin_jitangmeimei_2/pass.wav	/Users/chendong/Documents/内江麻将工程_20260502_103823_v2/res/audio/voice_options/mandarin_jitangmeimei_2/pass.wav	True	False	待新增或更新
mandarin_jitangmeimei_2	鸡汤妹妹 2.0	mandarin	female	win	/Volumes/AI/Codex/四川麻将工程_20260701_v2/res/audio/voice_options/mandarin_jitangmeimei_2/win.wav	/Users/chendong/Documents/内江麻将工程_20260502_103823_v2/res/audio/voice_options/mandarin_jitangmeimei_2/win.wav	True	False	待新增或更新
mandarin_jitangmeimei_2	鸡汤妹妹 2.0	mandarin	female	lose	/Volumes/AI/Codex/四川麻将工程_20260701_v2/res/audio/voice_options/mandarin_jitangmeimei_2/lose.wav	/Users/chendong/Documents/内江麻将工程_20260502_103823_v2/res/audio/voice_options/mandarin_jitangmeimei_2/lose.wav	True	False	待新增或更新
mandarin_jitangmeimei_2	鸡汤妹妹 2.0	mandarin	female	bao_jiao	/Volumes/AI/Codex/四川麻将工程_20260701_v2/res/audio/voice_options/mandarin_jitangmeimei_2/bao_jiao.wav	/Users/chendong/Documents/内江麻将工程_20260502_103823_v2/res/audio/voice_options/mandarin_jitangmeimei_2/bao_jiao.wav	True	False	待新增或更新
mandarin_jitangmeimei_2	鸡汤妹妹 2.0	mandarin	female	bao_gang	/Volumes/AI/Codex/四川麻将工程_20260701_v2/res/audio/voice_options/mandarin_jitangmeimei_2/bao_gang.wav	/Users/chendong/Documents/内江麻将工程_20260502_103823_v2/res/audio/voice_options/mandarin_jitangmeimei_2/bao_gang.wav	True	False	待新增或更新
mandarin_qiaopinvsheng_2	俏皮女声 2.0	mandarin	female	tiao_1	/Volumes/AI/Codex/四川麻将工程_20260701_v2/res/audio/voice_options/mandarin_qiaopinvsheng_2/tiao_1.wav	/Users/chendong/Documents/内江麻将工程_20260502_103823_v2/res/audio/voice_options/mandarin_qiaopinvsheng_2/tiao_1.wav	True	False	待新增或更新
mandarin_qiaopinvsheng_2	俏皮女声 2.0	mandarin	female	tiao_2	/Volumes/AI/Codex/四川麻将工程_20260701_v2/res/audio/voice_options/mandarin_qiaopinvsheng_2/tiao_2.wav	/Users/chendong/Documents/内江麻将工程_20260502_103823_v2/res/audio/voice_options/mandarin_qiaopinvsheng_2/tiao_2.wav	True	False	待新增或更新
mandarin_qiaopinvsheng_2	俏皮女声 2.0	mandarin	female	tiao_3	/Volumes/AI/Codex/四川麻将工程_20260701_v2/res/audio/voice_options/mandarin_qiaopinvsheng_2/tiao_3.wav	/Users/chendong/Documents/内江麻将工程_20260502_103823_v2/res/audio/voice_options/mandarin_qiaopinvsheng_2/tiao_3.wav	True	False	待新增或更新
mandarin_qiaopinvsheng_2	俏皮女声 2.0	mandarin	female	tiao_4	/Volumes/AI/Codex/四川麻将工程_20260701_v2/res/audio/voice_options/mandarin_qiaopinvsheng_2/tiao_4.wav	/Users/chendong/Documents/内江麻将工程_20260502_103823_v2/res/audio/voice_options/mandarin_qiaopinvsheng_2/tiao_4.wav	True	False	待新增或更新
mandarin_qiaopinvsheng_2	俏皮女声 2.0	mandarin	female	tiao_5	/Volumes/AI/Codex/四川麻将工程_20260701_v2/res/audio/voice_options/mandarin_qiaopinvsheng_2/tiao_5.wav	/Users/chendong/Documents/内江麻将工程_20260502_103823_v2/res/audio/voice_options/mandarin_qiaopinvsheng_2/tiao_5.wav	True	False	待新增或更新
mandarin_qiaopinvsheng_2	俏皮女声 2.0	mandarin	female	tiao_6	/Volumes/AI/Codex/四川麻将工程_20260701_v2/res/audio/voice_options/mandarin_qiaopinvsheng_2/tiao_6.wav	/Users/chendong/Documents/内江麻将工程_20260502_103823_v2/res/audio/voice_options/mandarin_qiaopinvsheng_2/tiao_6.wav	True	False	待新增或更新
mandarin_qiaopinvsheng_2	俏皮女声 2.0	mandarin	female	tiao_7	/Volumes/AI/Codex/四川麻将工程_20260701_v2/res/audio/voice_options/mandarin_qiaopinvsheng_2/tiao_7.wav	/Users/chendong/Documents/内江麻将工程_20260502_103823_v2/res/audio/voice_options/mandarin_qiaopinvsheng_2/tiao_7.wav	True	False	待新增或更新
mandarin_qiaopinvsheng_2	俏皮女声 2.0	mandarin	female	tiao_8	/Volumes/AI/Codex/四川麻将工程_20260701_v2/res/audio/voice_options/mandarin_qiaopinvsheng_2/tiao_8.wav	/Users/chendong/Documents/内江麻将工程_20260502_103823_v2/res/audio/voice_options/mandarin_qiaopinvsheng_2/tiao_8.wav	True	False	待新增或更新
mandarin_qiaopinvsheng_2	俏皮女声 2.0	mandarin	female	tiao_9	/Volumes/AI/Codex/四川麻将工程_20260701_v2/res/audio/voice_options/mandarin_qiaopinvsheng_2/tiao_9.wav	/Users/chendong/Documents/内江麻将工程_20260502_103823_v2/res/audio/voice_options/mandarin_qiaopinvsheng_2/tiao_9.wav	True	False	待新增或更新
mandarin_qiaopinvsheng_2	俏皮女声 2.0	mandarin	female	tong_1	/Volumes/AI/Codex/四川麻将工程_20260701_v2/res/audio/voice_options/mandarin_qiaopinvsheng_2/tong_1.wav	/Users/chendong/Documents/内江麻将工程_20260502_103823_v2/res/audio/voice_options/mandarin_qiaopinvsheng_2/tong_1.wav	True	False	待新增或更新
mandarin_qiaopinvsheng_2	俏皮女声 2.0	mandarin	female	tong_2	/Volumes/AI/Codex/四川麻将工程_20260701_v2/res/audio/voice_options/mandarin_qiaopinvsheng_2/tong_2.wav	/Users/chendong/Documents/内江麻将工程_20260502_103823_v2/res/audio/voice_options/mandarin_qiaopinvsheng_2/tong_2.wav	True	False	待新增或更新
mandarin_qiaopinvsheng_2	俏皮女声 2.0	mandarin	female	tong_3	/Volumes/AI/Codex/四川麻将工程_20260701_v2/res/audio/voice_options/mandarin_qiaopinvsheng_2/tong_3.wav	/Users/chendong/Documents/内江麻将工程_20260502_103823_v2/res/audio/voice_options/mandarin_qiaopinvsheng_2/tong_3.wav	True	False	待新增或更新
mandarin_qiaopinvsheng_2	俏皮女声 2.0	mandarin	female	tong_4	/Volumes/AI/Codex/四川麻将工程_20260701_v2/res/audio/voice_options/mandarin_qiaopinvsheng_2/tong_4.wav	/Users/chendong/Documents/内江麻将工程_20260502_103823_v2/res/audio/voice_options/mandarin_qiaopinvsheng_2/tong_4.wav	True	False	待新增或更新
mandarin_qiaopinvsheng_2	俏皮女声 2.0	mandarin	female	tong_5	/Volumes/AI/Codex/四川麻将工程_20260701_v2/res/audio/voice_options/mandarin_qiaopinvsheng_2/tong_5.wav	/Users/chendong/Documents/内江麻将工程_20260502_103823_v2/res/audio/voice_options/mandarin_qiaopinvsheng_2/tong_5.wav	True	False	待新增或更新
mandarin_qiaopinvsheng_2	俏皮女声 2.0	mandarin	female	tong_6	/Volumes/AI/Codex/四川麻将工程_20260701_v2/res/audio/voice_options/mandarin_qiaopinvsheng_2/tong_6.wav	/Users/chendong/Documents/内江麻将工程_20260502_103823_v2/res/audio/voice_options/mandarin_qiaopinvsheng_2/tong_6.wav	True	False	待新增或更新
mandarin_qiaopinvsheng_2	俏皮女声 2.0	mandarin	female	tong_7	/Volumes/AI/Codex/四川麻将工程_20260701_v2/res/audio/voice_options/mandarin_qiaopinvsheng_2/tong_7.wav	/Users/chendong/Documents/内江麻将工程_20260502_103823_v2/res/audio/voice_options/mandarin_qiaopinvsheng_2/tong_7.wav	True	False	待新增或更新
mandarin_qiaopinvsheng_2	俏皮女声 2.0	mandarin	female	tong_8	/Volumes/AI/Codex/四川麻将工程_20260701_v2/res/audio/voice_options/mandarin_qiaopinvsheng_2/tong_8.wav	/Users/chendong/Documents/内江麻将工程_20260502_103823_v2/res/audio/voice_options/mandarin_qiaopinvsheng_2/tong_8.wav	True	False	待新增或更新
mandarin_qiaopinvsheng_2	俏皮女声 2.0	mandarin	female	tong_9	/Volumes/AI/Codex/四川麻将工程_20260701_v2/res/audio/voice_options/mandarin_qiaopinvsheng_2/tong_9.wav	/Users/chendong/Documents/内江麻将工程_20260502_103823_v2/res/audio/voice_options/mandarin_qiaopinvsheng_2/tong_9.wav	True	False	待新增或更新
mandarin_qiaopinvsheng_2	俏皮女声 2.0	mandarin	female	peng	/Volumes/AI/Codex/四川麻将工程_20260701_v2/res/audio/voice_options/mandarin_qiaopinvsheng_2/peng.wav	/Users/chendong/Documents/内江麻将工程_20260502_103823_v2/res/audio/voice_options/mandarin_qiaopinvsheng_2/peng.wav	True	False	待新增或更新
mandarin_qiaopinvsheng_2	俏皮女声 2.0	mandarin	female	gang	/Volumes/AI/Codex/四川麻将工程_20260701_v2/res/audio/voice_options/mandarin_qiaopinvsheng_2/gang.wav	/Users/chendong/Documents/内江麻将工程_20260502_103823_v2/res/audio/voice_options/mandarin_qiaopinvsheng_2/gang.wav	True	False	待新增或更新
mandarin_qiaopinvsheng_2	俏皮女声 2.0	mandarin	female	hu	/Volumes/AI/Codex/四川麻将工程_20260701_v2/res/audio/voice_options/mandarin_qiaopinvsheng_2/hu.wav	/Users/chendong/Documents/内江麻将工程_20260502_103823_v2/res/audio/voice_options/mandarin_qiaopinvsheng_2/hu.wav	True	False	待新增或更新
mandarin_qiaopinvsheng_2	俏皮女声 2.0	mandarin	female	zimo	/Volumes/AI/Codex/四川麻将工程_20260701_v2/res/audio/voice_options/mandarin_qiaopinvsheng_2/zimo.wav	/Users/chendong/Documents/内江麻将工程_20260502_103823_v2/res/audio/voice_options/mandarin_qiaopinvsheng_2/zimo.wav	True	False	待新增或更新
mandarin_qiaopinvsheng_2	俏皮女声 2.0	mandarin	female	qiang_gang_hu	/Volumes/AI/Codex/四川麻将工程_20260701_v2/res/audio/voice_options/mandarin_qiaopinvsheng_2/qiang_gang_hu.wav	/Users/chendong/Documents/内江麻将工程_20260502_103823_v2/res/audio/voice_options/mandarin_qiaopinvsheng_2/qiang_gang_hu.wav	True	False	待新增或更新
mandarin_qiaopinvsheng_2	俏皮女声 2.0	mandarin	female	gang_shang_hua	/Volumes/AI/Codex/四川麻将工程_20260701_v2/res/audio/voice_options/mandarin_qiaopinvsheng_2/gang_shang_hua.wav	/Users/chendong/Documents/内江麻将工程_20260502_103823_v2/res/audio/voice_options/mandarin_qiaopinvsheng_2/gang_shang_hua.wav	True	False	待新增或更新
mandarin_qiaopinvsheng_2	俏皮女声 2.0	mandarin	female	gang_shang_pao	/Volumes/AI/Codex/四川麻将工程_20260701_v2/res/audio/voice_options/mandarin_qiaopinvsheng_2/gang_shang_pao.wav	/Users/chendong/Documents/内江麻将工程_20260502_103823_v2/res/audio/voice_options/mandarin_qiaopinvsheng_2/gang_shang_pao.wav	True	False	待新增或更新
mandarin_qiaopinvsheng_2	俏皮女声 2.0	mandarin	female	pass	/Volumes/AI/Codex/四川麻将工程_20260701_v2/res/audio/voice_options/mandarin_qiaopinvsheng_2/pass.wav	/Users/chendong/Documents/内江麻将工程_20260502_103823_v2/res/audio/voice_options/mandarin_qiaopinvsheng_2/pass.wav	True	False	待新增或更新
mandarin_qiaopinvsheng_2	俏皮女声 2.0	mandarin	female	win	/Volumes/AI/Codex/四川麻将工程_20260701_v2/res/audio/voice_options/mandarin_qiaopinvsheng_2/win.wav	/Users/chendong/Documents/内江麻将工程_20260502_103823_v2/res/audio/voice_options/mandarin_qiaopinvsheng_2/win.wav	True	False	待新增或更新
mandarin_qiaopinvsheng_2	俏皮女声 2.0	mandarin	female	lose	/Volumes/AI/Codex/四川麻将工程_20260701_v2/res/audio/voice_options/mandarin_qiaopinvsheng_2/lose.wav	/Users/chendong/Documents/内江麻将工程_20260502_103823_v2/res/audio/voice_options/mandarin_qiaopinvsheng_2/lose.wav	True	False	待新增或更新
mandarin_qiaopinvsheng_2	俏皮女声 2.0	mandarin	female	bao_jiao	/Volumes/AI/Codex/四川麻将工程_20260701_v2/res/audio/voice_options/mandarin_qiaopinvsheng_2/bao_jiao.wav	/Users/chendong/Documents/内江麻将工程_20260502_103823_v2/res/audio/voice_options/mandarin_qiaopinvsheng_2/bao_jiao.wav	True	False	待新增或更新
mandarin_qiaopinvsheng_2	俏皮女声 2.0	mandarin	female	bao_gang	/Volumes/AI/Codex/四川麻将工程_20260701_v2/res/audio/voice_options/mandarin_qiaopinvsheng_2/bao_gang.wav	/Users/chendong/Documents/内江麻将工程_20260502_103823_v2/res/audio/voice_options/mandarin_qiaopinvsheng_2/bao_gang.wav	True	False	待新增或更新
